observation_date,SPOT,VOL21,MOMENTUM21,TREND,REGIME,HEDGE_COST_BPS,FX_CODE
2024-05-27,83.09,1.1304536844938258,-0.3478052290717071,0.1344444444444406,Stable,40,DEXINUS
2024-05-28,83.16,1.116420419669649,-0.35945363048166534,0.11555555555555941,Stable,40,DEXINUS
2024-05-29,83.33,1.3538683314727693,-0.1318312559923318,0.10365079365080021,Stable,40,DEXINUS
2024-05-30,83.28,1.3645774272366407,-0.20371479928100733,0.08920634920634996,Stable,40,DEXINUS
2024-05-31,83.43,1.514503022385033,-0.011984659635655426,0.07968253968253691,Stable,40,DEXINUS
2024-06-03,83.14,1.9344881543928685,-0.34759678772624536,0.060158730158718754,Stable,40,DEXINUS
2024-06-04,83.52,2.529776840243568,0.04791566842357042,0.05031746031745854,Stable,40,DEXINUS
2024-06-05,83.37,2.602900167198054,-0.16764459346185756,0.03349206349204792,Stable,40,DEXINUS
2024-06-06,83.47,2.628165282691306,0.02396644697422179,0.022539682539687078,Stable,40,DEXINUS
2024-06-07,83.38,2.64101897974834,-0.1556699796431693,0.006666666666660603,Stable,40,DEXINUS
2024-06-10,83.5,2.689337199405114,-0.04788125448887959,-0.006190476190482741,Stable,40,DEXINUS
2024-06-11,83.5,2.6773726603686447,0.02395783421178521,-0.016031746031771377,Stable,40,DEXINUS
2024-06-12,83.57,2.6917590701119503,0.08383233532933687,-0.023968253968249087,Stable,40,DEXINUS
2024-06-13,83.52,2.694978803998863,0.07189072609634639,-0.031111111111115974,Stable,40,DEXINUS
2024-06-14,83.54,2.695856821415821,0.09585430146179519,-0.035714285714291805,Stable,40,DEXINUS
2024-06-17,83.52,2.6441585759769595,0.21598272138227959,-0.032539682539692194,Stable,40,DEXINUS
2024-06-18,83.42,2.6823500059888743,0.09599232061434648,-0.033015873015870056,Stable,40,DEXINUS
2024-06-19,83.42,2.678363154570968,0.13203697035168993,-0.026031746031762282,Stable,40,DEXINUS
2024-06-20,83.62,2.7838983762030765,0.43238049483544927,-0.012063492063489889,Stable,40,DEXINUS
2024-06-21,83.53,2.8192259170967144,0.31223730034826147,-0.0030158730158547087,Stable,40,DEXINUS
2024-06-24,83.42,2.7461934912131416,0.3971597063425092,0.011428571428581336,Stable,40,DEXINUS
2024-06-25,83.4,2.7495394421081167,0.3730894211096514,0.025396825396811096,Stable,40,DEXINUS
2024-06-26,83.55,2.7981367762585294,0.46897546897546327,0.040634920634914806,Stable,40,DEXINUS
2024-06-27,83.44,2.764710211294951,0.1320052802112004,0.04460317460316787,Stable,40,DEXINUS
2024-06-28,83.33,2.797459026424829,0.06003842459174624,0.04682539682541176,Stable,40,DEXINUS
2024-07-01,83.44,2.763843245543906,0.011986096128469015,0.04714285714285893,Stable,40,DEXINUS
2024-07-02,83.5,2.4634235474351738,0.43300457060380104,0.06333333333334679,Stable,40,DEXINUS
2024-07-03,83.48,1.8855977035160791,-0.04789272030650826,0.05841269841269536,Stable,40,DEXINUS
2024-07-04,83.48,1.7719278643116763,0.13194194554395633,0.060000000000002274,Stable,40,DEXINUS
2024-07-05,83.47,1.7236256011019861,0.0,0.05539682539681223,Stable,40,DEXINUS
2024-07-08,83.45,1.6814562713979204,0.08395298632766224,0.05746031746033964,Stable,40,DEXINUS
2024-07-09,83.47,1.6053532811645284,-0.03592814371257136,0.05158730158730407,Stable,40,DEXINUS
2024-07-10,83.5,1.6106414881182567,0.0,0.05301587301588029,Stable,40,DEXINUS
2024-07-11,83.57,1.6106414881182567,0.0,0.05158730158730407,Stable,40,DEXINUS
2024-07-12,83.48,1.6413050446795072,-0.04789272030650826,0.05063492063490571,Stable,40,DEXINUS
2024-07-15,83.55,1.6662725270930927,0.01197031362221157,0.05095238095236709,Stable,40,DEXINUS
2024-07-16,83.6,1.6759598144849313,0.09578544061301653,0.05365079365080305,Stable,40,DEXINUS
2024-07-17,83.55,1.632226495255543,0.15583792855429213,0.058412698412709574,Stable,40,DEXINUS
2024-07-18,83.58,1.6348943321408274,0.1918005274514467,0.06428571428570251,Stable,40,DEXINUS
2024-07-19,83.7,1.4916596724151543,0.09567089213107227,0.06269841269842402,Stable,40,DEXINUS
2024-07-22,83.65,1.4550356676332967,0.14366096013409546,0.06349206349204906,Stable,40,DEXINUS
2024-07-23,83.68,1.3670942349150075,0.31167585710860646,0.06999999999999318,Stable,40,DEXINUS
2024-07-24,83.72,1.3640139983739359,0.3836930455635379,0.0798412698412676,Stable,40,DEXINUS
2024-07-25,83.7,1.236547738436618,0.17953321364452268,0.0831746031745979,Stable,40,DEXINUS
2024-07-26,83.7,1.1277450448059172,0.31160115052732973,0.09142857142856542,Stable,40,DEXINUS
2024-07-29,83.75,1.0020630474775825,0.5040201608064399,0.10666666666666913,Stable,40,DEXINUS
2024-07-30,83.7,0.9608290352972668,0.31160115052732973,0.11492063492063664,Stable,40,DEXINUS
2024-07-31,83.73,0.9417690473703605,0.2754491017964211,0.12111111111110517,Stable,40,DEXINUS
2024-08-01,83.7,0.9485339678523568,0.26353617632965953,0.12809523809524137,Stable,40,DEXINUS
2024-08-02,83.79,1.002223988154927,0.3713464302827152,0.13841269841269366,Stable,40,DEXINUS
2024-08-05,83.83,1.0013128548861856,0.43129268000479115,0.1495238095238136,Stable,40,DEXINUS
2024-08-06,83.91,1.0197395460605416,0.551228280407412,0.16507936507935028,Stable,40,DEXINUS
2024-08-07,83.96,1.0262018634499301,0.5870372588953954,0.181746031746016,Stable,40,DEXINUS
2024-08-08,83.95,1.0348267983079746,0.5389221556886259,0.1957142857142884,Stable,40,DEXINUS
2024-08-09,83.92,1.0329650098991061,0.418810577958606,0.2057142857142935,Stable,40,DEXINUS
2024-08-12,83.92,0.9272817905657437,0.5270723526593191,0.2193650793650761,Stable,40,DEXINUS
2024-08-13,83.97,0.911567744897686,0.502692998204668,0.2312698412698353,Stable,40,DEXINUS
2024-08-14,83.91,0.9585849737145136,0.37081339712918826,0.23698412698411175,Stable,40,DEXINUS
2024-08-15,83.94,0.9175791390186089,0.46678635547576786,0.24603174603174693,Stable,40,DEXINUS
2024-08-16,83.95,0.9168254397248193,0.4426896386695356,0.2534920634920752,Stable,40,DEXINUS
2024-08-19,83.82,0.993913718192061,0.14336917562722817,0.25031746031744717,Stable,40,DEXINUS
2024-08-20,83.79,0.9770206116747491,0.16736401673640433,0.24873015873016868,Stable,40,DEXINUS
2024-08-21,83.93,1.1195515734584878,0.2987571701720926,0.24730158730160667,Stable,40,DEXINUS
2024-08-22,83.93,1.113721557605637,0.2508361204013543,0.24396825396826216,Stable,40,DEXINUS
2024-08-23,83.91,1.1136973383993922,0.2508960573476715,0.24206349206350808,Stable,40,DEXINUS
2024-08-26,83.87,1.1322342413300897,0.20310633213860285,0.2415873015873018,Stable,40,DEXINUS
2024-08-27,83.91,1.1262788291436545,0.19104477611939785,0.23920634920635564,Stable,40,DEXINUS
2024-08-28,83.9,1.101381053635292,0.2389486260454099,0.2412698412698404,Stable,40,DEXINUS
2024-08-29,83.84,1.1336610439857988,0.13137465663441983,0.23539682539681905,Stable,40,DEXINUS
2024-08-30,83.83,1.1254694419348354,0.155316606929512,0.23666666666666458,Stable,40,DEXINUS
2024-09-02,83.83,1.0649664601045365,0.04773839360303622,0.2312698412698495,Trending,80,DEXINUS
2024-09-03,83.94,1.1460278762008997,0.13121794107120444,0.22904761904761983,Stable,40,DEXINUS
2024-09-04,83.95,1.0997400528724548,0.04767012275057603,0.22190476190478137,Stable,40,DEXINUS
2024-09-05,83.96,1.0806792537998982,0.0,0.2146031746031838,Trending,80,DEXINUS
2024-09-06,83.91,1.0997410090278876,-0.047647409172135724,0.20619047619047137,Trending,80,DEXINUS
2024-09-09,83.93,1.0962395886998277,0.011916110581511319,0.200952380952387,Stable,40,DEXINUS
2024-09-10,83.95,1.099181945713208,0.03574833174451175,0.1955555555555719,Stable,40,DEXINUS
2024-09-11,83.95,1.0788571529431876,-0.023818030248889954,0.18809523809524364,Trending,80,DEXINUS
2024-09-12,83.92,1.056374652102813,0.011917530687655109,0.18222222222220807,Trending,80,DEXINUS
2024-09-13,83.88,1.0609003588228225,-0.07147962830593713,0.17206349206348648,Trending,80,DEXINUS
2024-09-16,83.89,1.060901907424715,-0.07147111375819248,0.1617460317460484,Trending,80,DEXINUS
2024-09-17,83.75,1.083131301619522,-0.08351228823668677,0.1563492063492049,Stable,40,DEXINUS
2024-09-18,83.75,1.0769552038878676,-0.04773839360305843,0.15095238095238983,Stable,40,DEXINUS
2024-09-19,83.68,0.9187896113185597,-0.2978672703443319,0.13492063492061845,Trending,80,DEXINUS
2024-09-20,83.57,1.0022638874578262,-0.4289288692958526,0.11507936507938155,Stable,40,DEXINUS
2024-09-23,83.53,1.0067337722503051,-0.45286616613037234,0.09730158730160099,Stable,40,DEXINUS
2024-09-24,83.66,1.1729858875802235,-0.2503875044712167,0.08380952380952067,Stable,40,DEXINUS
2024-09-25,83.56,1.2084236778568525,-0.4171135740674514,0.06349206349206327,Stable,40,DEXINUS
2024-09-26,83.6,1.2309225777706427,-0.35756853396902155,0.046666666666652645,Stable,40,DEXINUS
2024-09-27,83.68,1.2732187064156038,-0.1908396946564861,0.03619047619046967,Stable,40,DEXINUS
2024-09-30,83.76,1.3236622471828992,-0.08350232613622,0.028412698412708437,Stable,40,DEXINUS
2024-10-01,83.81,1.3419302761018788,-0.02385780746748667,0.022222222222211485,Stable,40,DEXINUS
2024-10-02,83.81,1.2529376384638167,-0.154872527996186,0.01063492063492788,Stable,40,DEXINUS
2024-10-03,84.0,1.4925614230247826,0.05955926146514745,0.004285714285728659,Stable,40,DEXINUS
2024-10-04,83.99,1.4930251541998145,0.03573130061933494,-0.002539682539691057,Stable,40,DEXINUS
2024-10-07,83.96,1.4829450734945813,0.05958765343820893,-0.007460317460314059,Stable,40,DEXINUS
2024-10-08,83.95,1.4817494257535269,0.023829381627549218,-0.012539682539710384,Stable,40,DEXINUS
2024-10-09,83.93,1.4817650850300073,-0.02382370458605676,-0.020634920634918785,Stable,40,DEXINUS
2024-10-10,83.94,1.4824505028167119,-0.011911852293033931,-0.02730158730157939,Stable,40,DEXINUS
2024-10-11,84.08,1.584343298276435,0.19065776930409228,-0.0273015873015936,Stable,40,DEXINUS
2024-10-14,84.08,1.571369605566198,0.2384358607534498,-0.026190476190478762,Stable,40,DEXINUS
2024-10-15,84.04,1.5845751924976714,0.17880557873406477,-0.026349206349209453,Stable,40,DEXINUS
2024-10-16,84.01,1.4619878999281102,0.3104477611940437,-0.018888888888909605,Stable,40,DEXINUS
2024-10-17,84.04,1.462665743740856,0.3462686567164308,-0.011269841269836434,Stable,40,DEXINUS
2024-10-18,84.03,1.4213581456862328,0.41826003824090296,-0.00015873015874490193,Stable,40,DEXINUS
2024-10-21,84.07,1.3122434192359174,0.5983008256551292,0.01809523809524194,Stable,40,DEXINUS
2024-10-22,84.06,1.2916432853606659,0.6345025739255439,0.03761904761904589,Stable,40,DEXINUS
2024-10-23,84.06,1.211149978101824,0.47812574707148947,0.050952380952381304,Stable,40,DEXINUS
2024-10-24,84.05,1.1045359508723522,0.5864049784585879,0.06952380952382953,Stable,40,DEXINUS
2024-10-25,84.06,1.1033572764097521,0.5502392344497675,0.08571428571428896,Stable,40,DEXINUS
2024-10-28,84.05,1.0806341903855936,0.4421606118546695,0.09825396825395671,Stable,40,DEXINUS
2024-10-29,84.04,1.0509221210143134,0.3342884431709603,0.10619047619046285,Stable,40,DEXINUS
2024-10-30,84.07,1.04157213709539,0.31022551008232924,0.11412698412698319,Stable,40,DEXINUS
2024-10-31,84.06,1.0445085346185126,0.29829375969454563,0.1223809523809507,Stable,40,DEXINUS
2024-11-01,84.03,0.7156079256569734,0.03571428571429447,0.12190476190475863,Trending,80,DEXINUS
2024-11-04,84.11,0.7829521257586514,0.14287415168472428,0.12523809523810314,Trending,80,DEXINUS
2024-11-05,84.1,0.7709016980700811,0.16674606955693339,0.1295238095238176,Trending,80,DEXINUS
2024-11-06,84.31,1.1334396588732651,0.4288266825491327,0.14047619047619264,Stable,40,DEXINUS
2024-11-07,84.37,1.134501959679039,0.5242463958060162,0.15428571428572013,Stable,40,DEXINUS
2024-11-08,84.34,1.1531279282763867,0.47653085537289197,0.16746031746032486,Stable,40,DEXINUS
2024-11-11,84.34,1.028482869681799,0.30922930542340854,0.17301587301588484,Stable,40,DEXINUS
2024-11-12,84.38,1.0330401439649064,0.35680304471930047,0.1803174603174682,Stable,40,DEXINUS
2024-11-13,84.39,1.0064169711144417,0.4164683484055187,0.18999999999999773,Stable,40,DEXINUS
2024-11-14,84.42,0.986978402625726,0.4880371384359039,0.20000000000000284,Stable,40,DEXINUS
2024-11-15,84.41,0.9931153049760921,0.4402665397429617,0.20777777777777828,Stable,40,DEXINUS
2024-11-18,84.37,1.015263357481468,0.40461739854813494,0.21698412698411573,Stable,40,DEXINUS
2024-11-19,84.36,1.0152335412457252,0.34495063637445256,0.22396825396826614,Stable,40,DEXINUS
2024-11-20,84.41,1.0201450156731855,0.41636926005232944,0.23269841269842573,Stable,40,DEXINUS
2024-11-21,84.48,1.0401095174056736,0.49964311206280865,0.2430158730158638,Stable,40,DEXINUS
2024-11-22,84.44,1.0624322022858017,0.46400951814395963,0.2531746031745996,Stable,40,DEXINUS
2024-11-25,84.24,1.3910606130783998,0.21413276231263545,0.25634920634921343,Stable,40,DEXINUS
2024-11-26,84.27,1.3912774790715268,0.261748958953012,0.2600000000000051,Trending,80,DEXINUS
2024-11-27,84.41,1.4854628012322788,0.4402665397429617,0.26841269841271753,Trending,80,DEXINUS
2024-11-28,84.41,1.486148272070039,0.4044248840252118,0.2753968253968253,Trending,80,DEXINUS
2024-11-29,84.48,1.497358020909865,0.49964311206280865,0.2868253968253782,Trending,80,DEXINUS
2024-12-02,84.74,1.7728273759128281,0.8449363322622805,0.30809523809521977,Trending,80,DEXINUS
2024-12-03,84.68,1.8008998803957086,0.6776839852574046,0.32380952380952976,Trending,80,DEXINUS
2024-12-04,84.69,1.7954478164036705,0.7015457788347224,0.33952380952382555,Stable,40,DEXINUS
2024-12-05,84.68,1.6181939245722414,0.4388566006404915,0.3452380952380878,Trending,80,DEXINUS
2024-12-06,84.67,1.6112334808226059,0.35557662676306556,0.348095238095226,Trending,80,DEXINUS
2024-12-09,84.72,1.6057063165573406,0.45055726820013575,0.3539682539682616,Trending,80,DEXINUS
2024-12-10,84.84,1.6560355932434874,0.5928385107896617,0.36317460317461325,Trending,80,DEXINUS
2024-12-11,84.8,1.6745057280780635,0.4977482815833101,0.3685714285714141,Trending,80,DEXINUS
2024-12-12,84.84,1.6758261098849716,0.533238535371483,0.37492063492064176,Trending,80,DEXINUS
2024-12-13,84.78,1.7078301913397111,0.4264392324093702,0.375714285714281,Trending,80,DEXINUS
2024-12-16,84.89,1.7442745828313375,0.5686530031986825,0.3804761904761733,Trending,80,DEXINUS
2024-12-17,84.91,1.723307099026316,0.6400379281735091,0.38666666666667027,Trending,80,DEXINUS
2024-12-18,84.95,1.7171671092623013,0.6993835941204507,0.3928571428571388,Trending,80,DEXINUS
2024-12-19,85.09,1.7752490998358073,0.8055917545314539,0.40047619047619776,Trending,80,DEXINUS
2024-12-20,85.02,1.8146872746605665,0.6392045454545414,0.4046031746031673,Trending,80,DEXINUS
2024-12-23,85.1,1.804442165972871,0.7816200852676314,0.4115873015873035,Trending,80,DEXINUS
2024-12-24,85.14,1.5043090493582774,1.0683760683760646,0.4300000000000068,Trending,80,DEXINUS
2024-12-25,85.14,1.5138261247060751,1.0323958704165248,0.44825396825395103,Trending,80,DEXINUS
2024-12-26,85.25,1.4828982546962555,0.9951427555976888,0.4646031746031696,Trending,80,DEXINUS
2024-12-27,85.53,1.7614735808196404,1.3268570074635777,0.49063492063491765,Trending,80,DEXINUS
2024-12-30,85.47,1.818383861944358,1.171875,0.5114285714285671,Volatile Breakout,160,DEXINUS
2024-12-31,85.55,1.5797982001658704,0.9558649988199219,0.5253968253968253,Volatile Breakout,160,DEXINUS
2025-01-01,85.55,1.532531899976815,1.0273972602739656,0.5420634920635052,Volatile Breakout,160,DEXINUS
2025-01-02,85.75,1.6532963145526227,1.2516235683079469,0.5641269841269718,Volatile Breakout,160,DEXINUS
2025-01-03,85.75,1.6473928345014959,1.263580538497866,0.5865079365079424,Volatile Breakout,160,DEXINUS
2025-01-06,85.7,1.6804269659915834,1.2164875398606334,0.6074603174603226,Volatile Breakout,160,DEXINUS
2025-01-07,85.74,1.6808436497965353,1.2039660056657242,0.6274603174603186,Volatile Breakout,160,DEXINUS
2025-01-08,85.89,1.705735840170838,1.2376237623762387,0.6487301587301744,Volatile Breakout,160,DEXINUS
2025-01-09,85.87,1.6890092394210798,1.2617924528302016,0.6712698412698614,Volatile Breakout,160,DEXINUS
2025-01-10,85.96,1.695376697638058,1.320132013201314,0.6941269841269957,Volatile Breakout,160,DEXINUS
2025-01-13,86.69,3.152939751223239,2.252889832507665,0.7425396825396859,Volatile Breakout,160,DEXINUS
2025-01-14,86.63,3.2091515883034516,2.04971139121215,0.7842857142857156,Volatile Breakout,160,DEXINUS
2025-01-15,86.37,3.486233725141773,1.7194676716523416,0.8166666666666771,Volatile Breakout,160,DEXINUS
2025-01-16,86.57,3.52171797529864,1.90700412007061,0.8541269841269781,Volatile Breakout,160,DEXINUS
2025-01-17,86.55,3.531724029201433,1.7158302973322215,0.8841269841269934,Volatile Breakout,160,DEXINUS
2025-01-20,86.55,3.4950304939896903,1.7995765702187638,0.9174603174603249,Volatile Breakout,160,DEXINUS
2025-01-21,86.58,3.4991857037784015,1.7391304347826209,0.9477777777777732,Volatile Breakout,160,DEXINUS
2025-01-22,86.34,3.7140980318283208,1.4094432699083947,0.9687301587301675,Trending,80,DEXINUS
2025-01-23,86.42,3.7069218718667147,1.5034061545689426,0.9920634920634939,Volatile Breakout,160,DEXINUS
2025-01-24,86.2,3.8664047629387395,1.1143695014662836,1.003015873015869,Trending,80,DEXINUS
2025-01-27,86.34,3.758683006151853,0.9470361276745054,1.0055555555555458,Trending,80,DEXINUS
2025-01-28,86.52,3.774870973257026,1.228501228501222,1.016507936507935,Volatile Breakout,160,DEXINUS
2025-01-29,86.61,3.7762668763886746,1.2390414962010654,1.026031746031748,Volatile Breakout,160,DEXINUS
2025-01-30,86.55,3.7974532119528823,1.1689070718877925,1.0349206349206383,Volatile Breakout,160,DEXINUS
2025-01-31,86.54,3.7471976233251727,0.9212827988338335,1.0338095238095377,Volatile Breakout,160,DEXINUS
2025-02-03,87.19,4.4698445294081175,1.6793002915451938,1.0566666666666578,Volatile Breakout,160,DEXINUS
2025-02-04,87.06,4.515994167356691,1.586931155192528,1.078730158730167,Volatile Breakout,160,DEXINUS
2025-02-05,87.08,4.518638534532904,1.5628644739911435,1.0990476190476244,Volatile Breakout,160,DEXINUS
2025-02-06,87.57,4.817281354978709,1.9559902200488866,1.1277777777777516,Volatile Breakout,160,DEXINUS
2025-02-07,87.43,4.881533445022612,1.8166996622801967,1.1536507936507974,Volatile Breakout,160,DEXINUS
2025-02-10,87.45,4.885851191162371,1.7333643555142109,1.1760317460317538,Volatile Breakout,160,DEXINUS
2025-02-11,86.76,4.941329898294076,0.08074749106010692,1.1422222222222302,Volatile Breakout,160,DEXINUS
2025-02-12,86.9,4.962615793095393,0.3116703220593431,1.1155555555555594,Volatile Breakout,160,DEXINUS
2025-02-13,86.89,4.830436164991633,0.6020609007757249,1.10031746031747,Volatile Breakout,160,DEXINUS
2025-02-14,86.82,4.786349174767591,0.2887836432944546,1.0731746031745928,Volatile Breakout,160,DEXINUS
2025-02-17,86.82,4.784751415689783,0.31195840554592014,1.0477777777777817,Volatile Breakout,160,DEXINUS
2025-02-18,86.96,4.8108048969022175,0.47371461582899066,1.0279365079365164,Volatile Breakout,160,DEXINUS
2025-02-19,86.96,4.811239558345607,0.43890043890042474,1.0060317460317378,Volatile Breakout,160,DEXINUS
2025-02-20,86.65,4.880558335518629,0.3590456335418102,0.982539682539695,Volatile Breakout,160,DEXINUS
2025-02-21,86.7,4.87527705926966,0.3239990742883503,0.9573015873015862,Volatile Breakout,160,DEXINUS
2025-02-24,86.72,4.77507078563809,0.603248259860778,0.945396825396827,Trending,80,DEXINUS
2025-02-25,87.2,5.094198713640034,0.9960620801482412,0.9420634920634967,Volatile Breakout,160,DEXINUS
2025-02-26,87.2,5.062384525515107,0.7859454461396354,0.9312698412698239,Volatile Breakout,160,DEXINUS
2025-02-27,87.17,5.06226930951362,0.6465766077820234,0.9193650793650789,Volatile Breakout,160,DEXINUS
2025-02-28,87.5,5.1864883033268026,1.0976314269208531,0.919841269841271,Volatile Breakout,160,DEXINUS
2025-03-03,87.35,5.240654823817695,0.9359833602958112,0.9161904761904651,Volatile Breakout,160,DEXINUS
2025-03-04,87.26,4.584593383010559,0.08028443628858017,0.8785714285714334,Trending,80,DEXINUS
2025-03-05,86.95,4.724939175336193,-0.12634964392372883,0.8371428571428652,Trending,80,DEXINUS
2025-03-06,87.11,4.769927489862889,0.034451079467157086,0.8006349206349057,Trending,80,DEXINUS
2025-03-07,86.88,4.390225230650825,-0.7879410757108518,0.7353968253968333,Stable,40,DEXINUS
2025-03-10,87.27,4.6734187969582806,-0.18300354569370514,0.6885714285714215,Trending,80,DEXINUS
2025-03-11,87.16,4.689343658818944,-0.33161806746713207,0.6379365079365016,Trending,80,DEXINUS
2025-03-12,87.16,3.7521212935621695,0.4610419548178868,0.6192063492063511,Stable,40,DEXINUS
2025-03-13,87.0,3.781040090986438,0.11507479861909697,0.5904761904761955,Stable,40,DEXINUS
2025-03-14,87.0,3.780588545545924,0.12659684658764547,0.5625396825396791,Stable,40,DEXINUS
2025-03-17,86.79,3.8671942798641092,-0.03455425017275804,0.5319047619047552,Stable,40,DEXINUS
2025-03-18,86.5,4.035282484056247,-0.368578668509556,0.49428571428570933,Stable,40,DEXINUS
2025-03-19,86.43,3.987200896561865,-0.6094756209751417,0.44666666666667254,Stable,40,DEXINUS
2025-03-20,86.31,4.003536171493513,-0.7474701011959461,0.3965079365079305,Stable,40,DEXINUS
2025-03-21,86.01,3.994650425408819,-0.7386035776110744,0.352222222222224,Stable,40,DEXINUS
2025-03-24,85.56,4.318515141028575,-1.314878892733562,0.2912698412698518,Stable,40,DEXINUS
2025-03-25,85.77,4.441098850045252,-1.0954797047970533,0.23777777777777942,Stable,40,DEXINUS
2025-03-26,85.71,3.8566197988692483,-1.7087155963302902,0.16396825396827808,Trending,80,DEXINUS
2025-03-27,85.79,3.8949145695969865,-1.6169724770642158,0.09174603174604101,Trending,80,DEXINUS
2025-03-28,85.51,3.984676483233044,-1.904324882413666,0.013333333333335418,Trending,80,DEXINUS
2025-03-31,85.43,3.600440924746856,-2.365714285714282,-0.08333333333334281,Trending,80,DEXINUS
2025-04-01,85.46,3.6296853917853,-2.163709215798515,-0.1687301587301704,Trending,80,DEXINUS
2025-04-02,85.52,3.6794542381835376,-1.9940407976163255,-0.24793650793650102,Trending,80,DEXINUS
2025-04-03,85.44,3.5563863279059795,-1.7366302472685557,-0.31571428571429294,Trending,80,DEXINUS
2025-04-04,85.24,3.454084542882914,-2.1467110549879487,-0.3968253968254061,Trending,80,DEXINUS
2025-04-07,85.85,4.4128727052763725,-1.1855432780847108,-0.4452380952380963,Trending,80,DEXINUS
2025-04-08,86.24,4.420675635740551,-1.180245215996334,-0.5001587301587307,Trending,80,DEXINUS
2025-04-09,86.64,4.762220863003186,-0.5966039467645623,-0.5357142857142918,Stable,40,DEXINUS
2025-04-10,86.69,4.770694335951614,-0.5392381826525905,-0.558095238095234,Trending,80,DEXINUS
2025-04-11,86.06,5.335343795163767,-1.0804597701149388,-0.5938095238095116,Trending,80,DEXINUS
2025-04-14,86.02,5.332154551543527,-1.126436781609197,-0.6349206349206327,Volatile Breakout,160,DEXINUS
2025-04-15,85.76,5.363275909652381,-1.186772669662406,-0.6711111111111165,Volatile Breakout,160,DEXINUS
2025-04-16,85.67,5.271652318859828,-0.959537572254332,-0.6966666666666583,Volatile Breakout,160,DEXINUS
2025-04-17,85.37,5.3760118191728195,-1.2264260094874468,-0.7284126984126971,Volatile Breakout,160,DEXINUS
2025-04-18,85.43,5.385287261301334,-1.0195805816243686,-0.7520634920634848,Volatile Breakout,160,DEXINUS
2025-04-21,85.18,5.3500521908156236,-0.9650040692942619,-0.7731746031746098,Volatile Breakout,160,DEXINUS
2025-04-22,85.19,5.0615311903545415,-0.4324450677886893,-0.7712698412698415,Volatile Breakout,160,DEXINUS
2025-04-23,85.42,5.078443738781864,-0.4080680890754307,-0.775555555555556,Volatile Breakout,160,DEXINUS
2025-04-24,85.3,5.0932183801593585,-0.47835725119589334,-0.7785714285714249,Volatile Breakout,160,DEXINUS
2025-04-25,85.43,5.114188081910989,-0.41962932742743986,-0.7784126984127084,Volatile Breakout,160,DEXINUS
2025-04-28,85.02,5.255963990374514,-0.5730323938720749,-0.7765079365079401,Volatile Breakout,160,DEXINUS
2025-04-29,85.27,5.364358932377717,-0.18728783799603077,-0.7638095238095417,Volatile Breakout,160,DEXINUS
2025-04-30,84.49,6.209822239456834,-1.1350339340042148,-0.7774603174603243,Volatile Breakout,160,DEXINUS
2025-05-01,84.58,6.220211001707454,-1.099158091674457,-0.7807936507936404,Volatile Breakout,160,DEXINUS
2025-05-02,84.5,6.220299778637565,-1.100187265917596,-0.7849206349206241,Volatile Breakout,160,DEXINUS
2025-05-05,84.27,6.2357414090065015,-1.1379633974659797,-0.7865079365079453,Volatile Breakout,160,DEXINUS
2025-05-06,84.45,5.672337399055332,-1.6307513104251492,-0.8036507936507888,Volatile Breakout,160,DEXINUS
2025-05-07,84.82,5.653497389294891,-1.6465677179962945,-0.8298412698412676,Volatile Breakout,160,DEXINUS
2025-05-08,85.67,6.541780816476192,-1.1195752539242876,-0.8477777777777504,Volatile Breakout,160,DEXINUS
2025-05-09,85.38,6.601170003416912,-1.5111316184104329,-0.888253968253963,Volatile Breakout,160,DEXINUS
2025-05-12,85.38,6.157630255756287,-0.7901464094817623,-0.8965079365079447,Volatile Breakout,160,DEXINUS
2025-05-13,85.35,6.157536818663097,-0.7788886305510334,-0.903968253968273,Volatile Breakout,160,DEXINUS
2025-05-14,85.29,6.083383611969069,-0.5480410447761153,-0.9020634920635047,Volatile Breakout,160,DEXINUS
2025-05-15,85.52,6.159649589139074,-0.17509046340610235,-0.8885714285714243,Volatile Breakout,160,DEXINUS
2025-05-16,85.49,6.034292735710499,0.14056460114793,-0.8595238095237931,Volatile Breakout,160,DEXINUS
2025-05-19,85.37,6.050722490827542,-0.0702329392485157,-0.837142857142851,Volatile Breakout,160,DEXINUS
2025-05-20,85.63,6.043747921673646,0.528293026532034,-0.7995238095238193,Trending,80,DEXINUS
2025-05-21,85.65,6.0435417682056345,0.5399694799859134,-0.760952380952375,Trending,80,DEXINUS
2025-05-22,85.97,6.106515972718085,0.6438773121048902,-0.7228571428571513,Trending,80,DEXINUS
2025-05-23,85.17,6.94260456690305,-0.1524032825322319,-0.6968253968254032,Volatile Breakout,160,DEXINUS
2025-05-26,85.17,6.918726298266469,-0.30434273674353474,-0.6769841269841095,Volatile Breakout,160,DEXINUS
2025-05-27,85.3,6.725848215363929,0.32933427428840645,-0.6339682539682485,Volatile Breakout,160,DEXINUS
2025-05-28,85.39,6.659202685559111,0.14072944763692252,-0.5947619047618957,Volatile Breakout,160,DEXINUS
2025-05-29,85.49,5.756729571727442,1.1835720203574374,-0.5176190476190499,Trending,80,DEXINUS
2025-05-30,85.5,5.755754920340399,1.087727595176169,-0.4458730158730191,Trending,80,DEXINUS
2025-06-02,85.33,5.800397071325967,0.9822485207100495,-0.3806349206349182,Trending,80,DEXINUS
2025-06-03,85.59,5.744142917937943,1.5663937344250645,-0.2936507936507837,Trending,80,DEXINUS
2025-06-04,85.85,5.780006456187594,1.65778567199526,-0.21063492063493072,Trending,80,DEXINUS
2025-06-05,85.8,5.645560979578736,1.1553878802169404,-0.14063492063492333,Trending,80,DEXINUS
2025-06-06,85.66,4.512653970074995,-0.011672697560416445,-0.1173015873015828,Stable,40,DEXINUS
2025-06-09,85.64,4.343830362160724,0.30452096509721027,-0.08079365079366596,Stable,40,DEXINUS
2025-06-10,85.57,4.35655791590379,0.22253455141718614,-0.04904761904762722,Stable,40,DEXINUS
2025-06-11,85.51,4.362900820288903,0.1874633860574182,-0.017777777777780557,Trending,80,DEXINUS
2025-06-12,85.55,4.3548368931921,0.30484230273184476,0.014285714285719564,Trending,80,DEXINUS
2025-06-13,86.08,4.762339126252975,0.654817586529477,0.047619047619051,Trending,80,DEXINUS
2025-06-16,86.05,4.762298982631027,0.6550473739618701,0.08031746031745968,Trending,80,DEXINUS
2025-06-17,86.29,4.792996881553507,1.0776619421342337,0.12444444444442126,Trending,80,DEXINUS
2025-06-18,86.49,4.751025666223672,1.0043209155669697,0.15777777777778113,Trending,80,DEXINUS
2025-06-19,86.49,4.7532421104392855,0.9807355516637362,0.18301587301587574,Trending,80,DEXINUS
2025-06-20,86.58,4.609340587422304,0.709549842968471,0.19920634920633518,Trending,80,DEXINUS
2025-06-23,86.73,3.005744807861346,1.8316308559351846,0.25730158730158337,Stable,40,DEXINUS
2025-06-24,85.92,4.641156125968525,0.8805917576611533,0.2909523809523762,Trending,80,DEXINUS
2025-06-25,86.04,4.637482045547481,0.8675263774912123,0.3177777777777635,Trending,80,DEXINUS
2025-06-26,85.66,4.921074770631723,0.3161962759105297,0.3269841269841294,Trending,80,DEXINUS
2025-06-27,85.45,4.986395543571346,-0.04678909814012089,0.325238095238106,Volatile Breakout,160,DEXINUS
2025-06-30,85.74,5.124817705182847,0.280701754385948,0.3331746031745837,Trending,80,DEXINUS
2025-07-01,85.58,5.118599160529806,0.29298019453884994,0.34285714285714164,Volatile Breakout,160,DEXINUS
2025-07-02,85.7,5.032053039588744,0.1285196868793026,0.34079365079365687,Trending,80,DEXINUS
2025-07-03,85.3,5.164843957403973,-0.6406523005241693,0.3233333333333235,Volatile Breakout,160,DEXINUS
2025-07-04,85.3,5.164785476407514,-0.5827505827505797,0.3144444444444474,Volatile Breakout,160,DEXINUS
2025-07-07,85.86,5.650786867753234,0.2334812047630308,0.3363492063491975,Trending,80,DEXINUS
2025-07-08,85.75,5.6705965235940985,0.12844465203176725,0.35650793650793844,Trending,80,DEXINUS
2025-07-09,85.69,5.668429824557506,0.14023606404114375,0.36809523809523625,Trending,80,DEXINUS
2025-07-10,85.65,5.664977809396843,0.1637235411062976,0.3806349206349182,Trending,80,DEXINUS
2025-07-11,85.8,5.693312789745281,0.29222676797193703,0.39190476190475465,Trending,80,DEXINUS
2025-07-14,85.99,5.314716144700506,-0.10455390334572767,0.3825396825396865,Trending,80,DEXINUS
2025-07-15,85.82,5.356230660112616,-0.2672864613596837,0.36444444444444457,Trending,80,DEXINUS
2025-07-16,85.96,5.291571851548231,-0.38243133619192404,0.3403174603174506,Trending,80,DEXINUS
2025-07-17,86.08,5.246252061858321,-0.47404324199329384,0.30650793650792707,Trending,80,DEXINUS
2025-07-18,86.1,5.2481025426649195,-0.45091918140826026,0.273492063492057,Trending,80,DEXINUS
2025-07-21,86.3,5.3050916695954164,-0.32340032340032465,0.24619047619047763,Trending,80,DEXINUS
2025-07-22,86.37,5.273426818947169,-0.41508128675198375,0.21206349206349273,Trending,80,DEXINUS
2025-07-23,86.41,4.092143848278498,0.5702979515828543,0.21984126984126817,Trending,80,DEXINUS
2025-07-24,86.39,4.074693211427948,0.40678754067875467,0.21476190476190027,Trending,80,DEXINUS
2025-07-25,86.48,3.719290825907672,0.9572729395283863,0.2346031746031798,Trending,80,DEXINUS
2025-07-28,86.67,3.608290041910501,1.4277355178466955,0.2580952380952226,Trending,80,DEXINUS
2025-07-29,86.83,3.499697759461493,1.271285281082335,0.27428571428571047,Trending,80,DEXINUS
2025-07-30,87.44,4.024909646092269,2.1734050011684936,0.3161904761904708,Volatile Breakout,160,DEXINUS
2025-07-31,87.6,4.032644984462985,2.2170361726954413,0.3538095238095167,Volatile Breakout,160,DEXINUS
2025-08-01,87.54,3.5255754350973874,2.6260257913247376,0.4114285714285728,Volatile Breakout,160,DEXINUS
2025-08-04,87.63,3.4979879198577946,2.731535756154746,0.4777777777777743,Volatile Breakout,160,DEXINUS
2025-08-05,87.8,2.9411741732330285,2.259492196599111,0.5363492063492004,Trending,80,DEXINUS
2025-08-06,87.71,2.9166568230463,2.2857142857142687,0.5926984126983967,Trending,80,DEXINUS
2025-08-07,87.71,2.8726497405976503,2.3573345781304766,0.6519047619047598,Trending,80,DEXINUS
2025-08-08,87.67,2.8719077382339577,2.358435493286626,0.7112698412698535,Trending,80,DEXINUS
2025-08-11,87.63,2.9115480633588082,2.1328671328671334,0.7612698412698506,Trending,80,DEXINUS
2025-08-12,87.71,2.8782611222107923,2.000232585184314,0.8084126984126954,Trending,80,DEXINUS
2025-08-13,87.48,2.968085966340543,1.9342810533675259,0.8558730158730015,Trending,80,DEXINUS
2025-08-14,87.56,2.9566339758628915,1.8613308515588844,0.8973015873015981,Trending,80,DEXINUS
2025-08-15,87.56,2.9654847972549647,1.719330855018586,0.9371428571428595,Trending,80,DEXINUS
2025-08-18,87.3,3.239342504605082,1.3937282229965264,0.9680952380952306,Trending,80,DEXINUS
2025-08-19,87.02,3.4420516020945784,0.8342989571263004,0.9857142857142946,Trending,80,DEXINUS
2025-08-20,87.02,3.441252075465759,0.7525761259696617,0.9873015873015589,Trending,80,DEXINUS
2025-08-21,87.31,3.5923971299330386,1.041546117347525,0.9961904761904634,Trending,80,DEXINUS
2025-08-22,87.53,3.6481903451149087,1.3195971755990188,1.0150793650793588,Trending,80,DEXINUS
2025-08-25,87.55,3.647417001720114,1.2372802960221918,1.0317460317460387,Trending,80,DEXINUS
2025-08-26,87.68,3.6160458078589968,1.165339794623299,1.04507936507936,Trending,80,DEXINUS
2025-08-27,87.74,3.586024543003864,1.048024876194864,1.0528571428571496,Trending,80,DEXINUS
2025-08-28,87.63,2.732925759298422,0.21729185727354938,1.0253968253968253,Trending,80,DEXINUS
2025-08-29,88.18,3.431397702927004,0.6621004566210287,1.0119047619047592,Trending,80,DEXINUS
2025-09-01,88.18,3.4143715356538538,0.7310943568654249,1.0053968253968293,Trending,80,DEXINUS
2025-09-02,88.15,3.4129882504670714,0.5934040853589062,0.9928571428571473,Trending,80,DEXINUS
2025-09-03,88.06,3.3859888043232957,0.2961275626423676,0.9671428571428606,Trending,80,DEXINUS
2025-09-04,88.17,3.378780975207945,0.524455592292794,0.9488888888889022,Trending,80,DEXINUS
2025-09-05,88.25,3.384892747115381,0.6156652605176172,0.9320634920635058,Trending,80,DEXINUS
2025-09-08,88.25,3.3758262201308704,0.661571803353489,0.9161904761904793,Trending,80,DEXINUS
2025-09-09,88.12,3.4231872164123924,0.5591692342804988,0.8987301587301744,Trending,80,DEXINUS
2025-09-10,88.09,3.42095782896041,0.4332459240679709,0.8849206349206469,Trending,80,DEXINUS
2025-09-11,88.44,3.495533558487445,1.0973936899862702,0.8926984126984081,Trending,80,DEXINUS
2025-09-12,88.28,3.583246486297561,0.8222932846048359,0.8953968253968441,Trending,80,DEXINUS
2025-09-15,88.22,3.600320270454492,0.7537688442210921,0.8993650793650687,Trending,80,DEXINUS
2025-09-16,88.05,3.4954392161785766,0.8591065292096189,0.910317460317458,Trending,80,DEXINUS
2025-09-17,87.77,3.491888162753179,0.8618708342909676,0.9271428571428544,Trending,80,DEXINUS
2025-09-18,88.17,3.770089102668761,1.3215352792461665,0.9590476190476238,Trending,80,DEXINUS
2025-09-19,88.06,3.689087705969838,0.8590081319436393,0.9607936507936472,Trending,80,DEXINUS
2025-09-22,88.29,3.695856047122381,0.868273734719538,0.9612698412698535,Trending,80,DEXINUS
2025-09-23,88.76,4.0664074225718485,1.3820673900628355,0.9696825396825375,Trending,80,DEXINUS
2025-09-24,88.73,4.068672513783562,1.197536496350371,0.9676190476190527,Trending,80,DEXINUS
2025-09-25,88.7,4.0804562073301405,1.0941417825393263,0.9663492063492214,Trending,80,DEXINUS
2025-09-26,88.65,4.049516863969473,1.1639849366655408,0.9661904761904765,Trending,80,DEXINUS
2025-09-29,88.76,3.490032996706205,0.6577455205261984,0.9452380952380821,Trending,80,DEXINUS
2025-09-30,88.78,3.4883467487438735,0.6804264005443317,0.9185714285714397,Trending,80,DEXINUS
2025-10-01,88.69,3.5122572107312586,0.6125921724333461,0.8904761904761784,Trending,80,DEXINUS
2025-10-02,88.74,3.480301228172442,0.7722007722007707,0.8771428571428714,Trending,80,DEXINUS
2025-10-03,88.78,3.465809778789828,0.6918452988544876,0.8580952380952453,Trending,80,DEXINUS
2025-10-06,88.79,3.460076626888562,0.61189801699717,0.8346031746031741,Trending,80,DEXINUS
2025-10-07,88.72,3.479207431141985,0.5325779036827072,0.8082539682539789,Trending,80,DEXINUS
2025-10-08,88.77,3.4228047763978657,0.7376305038583553,0.7920634920634768,Trending,80,DEXINUS
2025-10-09,88.84,3.4163542662294932,0.8514019752525748,0.7825396825396922,Trending,80,DEXINUS
2025-10-10,88.72,3.2073216363979538,0.3165988240615203,0.7498412698412835,Trending,80,DEXINUS
2025-10-13,88.72,3.128156922518347,0.49841413683733293,0.7269841269841351,Trending,80,DEXINUS
2025-10-14,88.76,3.110807717936685,0.612106098390397,0.7101587301587386,Trending,80,DEXINUS
2025-10-15,87.98,4.377526232120131,-0.07950028392957886,0.6769841269841379,Trending,80,DEXINUS
2025-10-16,87.81,4.284906800360064,0.04557365842543515,0.6549206349206287,Trending,80,DEXINUS
2025-10-17,87.99,4.031264547473339,-0.20415107179313496,0.6206349206349131,Trending,80,DEXINUS
2025-10-20,87.92,4.017988292039822,-0.15898251192368873,0.5900000000000034,Trending,80,DEXINUS
2025-10-21,87.97,3.9067831214792563,-0.36244195265602297,0.5496825396825358,Trending,80,DEXINUS
2025-10-22,87.92,3.357434633714107,-0.9463722397476393,0.4868253968253953,Trending,80,DEXINUS
2025-10-23,87.85,3.3592502636879393,-0.9917727938690502,0.42619047619048445,Trending,80,DEXINUS
2025-10-24,87.83,3.360024266684271,-0.980834272829767,0.3688888888888897,Trending,80,DEXINUS
2025-10-27,88.24,3.800926807679947,-0.46249294980260647,0.3366666666666589,Trending,80,DEXINUS
2025-10-28,88.21,3.7637453967912253,-0.6196484903109645,0.3007936507936648,Trending,80,DEXINUS
2025-10-29,88.2,3.7596919175904477,-0.6533002928587495,0.26269841269841265,Trending,80,DEXINUS
2025-10-30,88.64,4.1705318301032035,-0.056376141616865105,0.24428571428572354,Trending,80,DEXINUS
2025-10-31,88.75,4.1891049979111274,0.011268875366243769,0.2296825396825568,Trending,80,DEXINUS
2025-11-03,88.78,4.187787927759266,0.0,0.21269841269840128,Trending,80,DEXINUS
2025-11-04,88.67,4.209461885425511,-0.1351503547696864,0.19174603174603533,Trending,80,DEXINUS
2025-11-05,88.66,4.201251263139175,-0.06762849413887162,0.17317460317460132,Trending,80,DEXINUS
2025-11-06,88.65,4.195763361956049,-0.13518080432577406,0.1512698412698512,Trending,80,DEXINUS
2025-11-07,88.68,4.1871668531579616,-0.18009905447996521,0.12825396825395785,Trending,80,DEXINUS
2025-11-10,88.7,4.162542032102552,-0.02254283137961277,0.10793650793651466,Trending,80,DEXINUS
2025-11-11,88.7,4.162542032102552,-0.02254283137961277,0.08888888888890278,Trending,80,DEXINUS
2025-11-12,88.58,4.184357652886092,-0.20279405137449968,0.06412698412698603,Trending,80,DEXINUS
2025-11-13,88.66,2.7469671293169817,0.7729029324846426,0.07492063492063039,Trending,80,DEXINUS
2025-11-14,88.74,2.6204607868499648,1.0591048855483454,0.09190476190475749,Trending,80,DEXINUS
2025-11-17,88.58,2.6732719351021563,0.6705307421297935,0.0952380952380878,Trending,80,DEXINUS
2025-11-18,88.6,2.64282758356579,0.7734303912647844,0.1071428571428612,Trending,80,DEXINUS
2025-11-19,88.58,2.6495559293371285,0.6934182107536602,0.11952380952381247,Trending,80,DEXINUS
2025-11-20,88.69,2.6463846638725403,0.8757961783439461,0.13809523809523228,Trending,80,DEXINUS
2025-11-21,89.54,4.0939606590909134,1.9237336368810531,0.1890476190476278,Trending,80,DEXINUS
2025-11-24,89.23,4.352469141880293,1.5939883866560534,0.23206349206350296,Trending,80,DEXINUS
2025-11-25,89.16,4.139743896598483,1.042611060743437,0.2515873015872927,Trending,80,DEXINUS
2025-11-26,89.27,4.135533853714247,1.2016778143067786,0.28476190476192187,Trending,80,DEXINUS
2025-11-27,89.27,4.133351809684733,1.213151927437628,0.31841269841268627,Trending,80,DEXINUS
2025-11-28,89.43,3.841558254049679,0.8912454873646336,0.33571428571428896,Trending,80,DEXINUS
2025-12-01,89.59,3.860865278128366,0.9464788732394425,0.35142857142857054,Trending,80,DEXINUS
2025-12-02,89.92,4.019159897022803,1.2840729894120217,0.3779365079365107,Trending,80,DEXINUS
2025-12-03,90.15,4.0141823953092866,1.6691101838276712,0.4182539682539641,Trending,80,DEXINUS
2025-12-04,89.97,4.119331486397445,1.4775547033611502,0.45333333333333314,Trending,80,DEXINUS
2025-12-05,89.97,4.1167053231727495,1.4890016920473759,0.48682539682538106,Trending,80,DEXINUS
2025-12-08,90.12,4.127425164647387,1.6238159675236785,0.5231746031745814,Trending,80,DEXINUS
2025-12-09,89.9,4.272617142721094,1.3528748590755368,0.5571428571428783,Trending,80,DEXINUS
2025-12-10,89.98,4.266845158497699,1.4430665163472467,0.591111111111104,Trending,80,DEXINUS
2025-12-11,90.35,4.356838340910369,1.9981937231880798,0.6415873015873075,Trending,80,DEXINUS
2025-12-12,90.41,4.357922618779383,1.9738326189939093,0.6874603174603209,Trending,80,DEXINUS
2025-12-15,90.7,4.428358496470495,2.208699571782735,0.7342857142857184,Trending,80,DEXINUS
2025-12-16,91.03,4.388476996809181,2.765861368254696,0.8055555555555571,Trending,80,DEXINUS
2025-12-17,90.4,5.227691367869335,2.031602708803626,0.8541269841269781,Trending,80,DEXINUS
2025-12-18,90.25,5.291968677820272,1.8853014224429865,0.9025396825396967,Trending,80,DEXINUS
2025-12-19,89.54,6.096357933903587,0.9583944074867512,0.9306349206349154,Trending,80,DEXINUS
2025-12-22,89.64,5.128701999478002,0.11168192986374947,0.9209523809523859,Stable,40,DEXINUS
2025-12-23,89.67,4.966416328931544,0.4931076992042982,0.9265079365079316,Trending,80,DEXINUS
2025-12-24,89.81,4.9719841377336085,0.7290264692687343,0.9390476190475994,Trending,80,DEXINUS
2025-12-25,89.81,4.962733346548597,0.6049064635375911,0.9480952380952345,Trending,80,DEXINUS
2025-12-26,89.78,4.966556417038908,0.5713005488966028,0.9565079365079328,Trending,80,DEXINUS
2025-12-29,89.97,4.9802681613307636,0.6038242200603783,0.961904761904762,Stable,40,DEXINUS
2025-12-30,89.78,5.0156603199985375,0.21207724076348633,0.9544444444444338,Stable,40,DEXINUS
2025-12-31,89.84,4.850702216806653,-0.0889679715302516,0.9338095238095292,Stable,40,DEXINUS
2026-01-01,89.84,4.758282946859261,-0.3438713255685011,0.9023809523809376,Stable,40,DEXINUS
2026-01-02,90.19,4.907151381419938,0.24452595309547576,0.8895238095237943,Stable,40,DEXINUS
2026-01-05,90.28,4.916221667192737,0.3445592975436229,0.8803174603174568,Stable,40,DEXINUS
2026-01-06,90.18,4.903584508307472,0.06657789613848664,0.8619047619047677,Stable,40,DEXINUS
2026-01-07,89.9,4.950996593993814,0.0,0.843174603174603,Stable,40,DEXINUS
2026-01-08,90.02,4.963404113928762,0.04445432318291864,0.8244444444444525,Trending,80,DEXINUS
2026-01-09,90.16,4.7735783450169755,-0.21029330381847622,0.7931746031746059,Trending,80,DEXINUS
2026-01-12,90.12,4.766775042037348,-0.3207609777679421,0.7453968253968242,Trending,80,DEXINUS
2026-01-13,90.19,4.623337681240742,-0.5622932745314224,0.6833333333333513,Trending,80,DEXINUS
2026-01-14,90.24,4.414006505701109,-0.8678457651323801,0.6099999999999994,Trending,80,DEXINUS
2026-01-15,90.26,3.7267615521314448,-0.15486725663717005,0.5661904761904992,Trending,80,DEXINUS
2026-01-16,90.87,4.3614906833240665,0.6869806094182973,0.54968253968255,Trending,80,DEXINUS
2026-01-19,90.87,3.1936697022153147,1.4853696671878414,0.5661904761904708,Trending,80,DEXINUS
2026-01-20,91.01,3.2039265408491375,1.5283355644801544,0.5812698412698438,Trending,80,DEXINUS
2026-01-21,91.68,3.937078258177367,2.24155235864838,0.6158730158730066,Trending,80,DEXINUS
2026-01-22,91.62,3.9760934666803047,2.0153657721857288,0.648412698412713,Trending,80,DEXINUS
2026-01-23,91.95,4.062089425360347,2.382808150540039,0.6909523809523819,Trending,80,DEXINUS
2026-01-26,91.95,4.048596454302279,2.417019380708396,0.7347619047619105,Trending,80,DEXINUS
2026-01-27,91.72,4.220778691059627,1.9450928087140218,0.7692063492063568,Trending,80,DEXINUS
2026-01-28,91.78,4.0766423132288745,2.2276676319893163,0.8163492063492015,Trending,80,DEXINUS
2026-01-29,91.95,4.08319659565186,2.348619768477289,0.8665079365079293,Trending,80,DEXINUS
2026-01-30,91.98,4.073582005831565,2.3820124666072973,0.9158730158730322,Trending,80,DEXINUS
2026-02-02,91.51,4.476328070268638,1.4635768932254267,0.9334920634920678,Trending,80,DEXINUS
2026-02-03,90.3,6.5743457605070805,0.022153300841831758,0.908253968253959,Trending,80,DEXINUS
2026-02-04,90.36,6.564742635109898,0.19960079840317668,0.8901587301587313,Trending,80,DEXINUS
2026-02-05,90.33,6.463500973381772,0.4783092324805338,0.884761904761902,Trending,80,DEXINUS
2026-02-06,90.65,6.5554201975073445,0.6998444790046854,0.8838095238095036,Trending,80,DEXINUS
2026-02-09,90.77,6.550504221897192,0.6765749778172125,0.8780952380952414,Trending,80,DEXINUS
2026-02-10,90.57,6.604805491850699,0.49933422103860536,0.8692063492063369,Trending,80,DEXINUS
2026-02-11,90.69,6.613086221506816,0.5543851868277994,0.8620634920634984,Trending,80,DEXINUS
2026-02-12,90.63,6.619946114232364,0.43218085106382365,0.8480952380952402,Trending,80,DEXINUS
2026-02-13,90.64,6.620041547835095,0.4210059827165935,0.8338095238095349,Trending,80,DEXINUS
2026-02-16,90.64,6.176640194138958,-0.2531088367998313,0.7901587301587085,Trending,80,DEXINUS
2026-02-17,90.63,6.1765031375512685,-0.2641135688346119,0.7479365079365152,Trending,80,DEXINUS
2026-02-18,90.7,6.156196705354014,-0.34062190968026096,0.7147619047619003,Trending,80,DEXINUS
2026-02-19,90.68,5.516745930330856,-1.0907504363001697,0.6441269841269843,Trending,80,DEXINUS
2026-02-20,90.98,5.672830311496824,-0.698537437240776,0.5847619047619048,Trending,80,DEXINUS
2026-02-23,90.88,5.493439658429235,-1.1636759108211048,0.5082539682539675,Trending,80,DEXINUS
2026-02-24,90.95,5.509638628806349,-1.087547580206638,0.4339682539682741,Trending,80,DEXINUS
2026-02-25,90.95,5.463947908475294,-0.8395115569123424,0.37317460317460416,Trending,80,DEXINUS
2026-02-26,90.92,5.450741674420118,-0.9370233166267172,0.3111111111111171,Trending,80,DEXINUS
2026-02-27,91.03,5.421126353661938,-1.000543773790108,0.2496825396825244,Trending,80,DEXINUS
2026-03-02,91.47,5.721408206868599,-0.5544683626875435,0.20444444444444798,Trending,80,DEXINUS
2026-03-03,91.47,5.442504402899946,-0.04371106982844486,0.1787301587301613,Trending,80,DEXINUS
2026-03-04,92.08,3.3010852711237817,1.9712070874861487,0.23000000000000398,Trending,80,DEXINUS
2026-03-05,91.58,3.9705511235925264,1.3501549358122977,0.26492063492064233,Trending,80,DEXINUS
2026-03-06,91.73,3.968315130515337,1.5498726890291303,0.302539682539674,Trending,80,DEXINUS
2026-03-09,92.31,4.31761918639437,1.8312189740761209,0.34460317460317924,Trending,80,DEXINUS
2026-03-10,91.85,4.76348921790444,1.1898204252506206,0.3722222222222058,Trending,80,DEXINUS
2026-03-11,92.03,4.675840207027402,1.6120128077730111,0.41603174603176285,Trending,80,DEXINUS
2026-03-12,92.18,4.681623932961227,1.6429595324732649,0.46349206349206895,Trending,80,DEXINUS
2026-03-13,92.47,4.719501084915667,2.030232814741262,0.5282539682539635,Trending,80,DEXINUS
2026-03-16,92.42,4.739645978771448,1.9638128861429793,0.5809523809523824,Trending,80,DEXINUS
2026-03-17,92.36,4.760997104114091,1.8976169461606407,0.6293650793650869,Trending,80,DEXINUS
2026-03-18,92.87,5.003993027455586,2.471587774467632,0.6831746031746064,Trending,80,DEXINUS
2026-03-19,92.62,5.179337616580465,2.116868798235938,0.7273015873015822,Trending,80,DEXINUS
2026-03-20,93.73,6.398246291462595,3.3634759594177277,0.808095238095234,Trending,80,DEXINUS
2026-03-23,93.96,6.376043347193237,3.2754451527808204,0.8841269841269934,Trending,80,DEXINUS
2026-03-24,93.86,6.37423399916051,3.2790492957746498,0.9617460317460313,Trending,80,DEXINUS
2026-03-25,93.97,6.369597381086242,3.3205057724024156,1.039047619047622,Trending,80,DEXINUS
2026-03-26,93.97,6.369597381086242,3.3205057724024156,1.1193650793650818,Trending,80,DEXINUS
2026-03-27,94.83,6.843543650310896,4.300483941926969,1.225396825396814,Trending,80,DEXINUS
2026-03-30,94.41,7.196874431832017,3.7130616280347084,1.3138095238095246,Trending,80,DEXINUS
2026-03-31,93.83,7.597185219419515,2.580080900841808,1.3628571428571377,Trending,80,DEXINUS
2026-04-01,93.21,8.061998462355687,1.9022630370613358,1.397777777777776,Stable,40,DEXINUS
2026-04-02,93.09,7.81317360594635,1.0968722849695967,1.4012698412698512,Trending,80,DEXINUS
2026-04-03,93.09,7.5117784525645686,1.6488316226250355,1.426984126984138,Stable,40,DEXINUS
2026-04-06,93.06,7.514579328296117,1.4499073367491455,1.4401587301587284,Trending,80,DEXINUS
2026-04-07,92.96,7.248917711260708,0.7041490629400737,1.424444444444461,Trending,80,DEXINUS
2026-04-08,92.25,7.546916926198747,0.4354926510615087,1.410317460317458,Trending,80,DEXINUS
2026-04-09,92.69,7.69005692791416,0.7171574486580345,1.4009523809523756,Trending,80,DEXINUS
2026-04-10,92.72,7.675995699713201,0.5858103710132179,1.3865079365079396,Trending,80,DEXINUS
2026-04-13,93.39,7.990977099259357,0.9949172704661002,1.3803174603174426,Trending,80,DEXINUS
2026-04-14,93.37,7.986502329350801,1.0279160354901506,1.376190476190473,Trending,80,DEXINUS
2026-04-15,93.37,7.977902402943579,1.093546990038985,1.384603174603157,Trending,80,DEXINUS
2026-04-16,93.2,7.802564984952411,0.35533541509635835,1.3633333333333297,Trending,80,DEXINUS
2026-04-17,92.9,7.829097132134058,0.30231051608724524,1.346666666666664,Trending,80,DEXINUS
2026-04-20,93.13,6.618135187738041,-0.6401365624666644,1.2950793650793742,Trending,80,DEXINUS
2026-04-21,93.5,6.717876735698626,-0.4895700297999128,1.2433333333333394,Trending,80,DEXINUS
2026-04-22,93.79,6.806724507250403,-0.07457916045172652,1.2107936507936472,Trending,80,DEXINUS
2026-04-23,94.11,6.900014796159086,0.148983718207929,1.1831746031746064,Trending,80,DEXINUS
2026-04-24,94.25,6.917067152850357,0.2979674364158802,1.156349206349205,Trending,80,DEXINUS
2024-05-27,7.2425,2.190122624066941,-0.053819827776557805,0.008223809523809855,Stable,40,DEXCHUS
2024-05-28,7.2451,2.069389834991476,0.18390995326198478,0.008104761904761837,Stable,40,DEXCHUS
2024-05-29,7.2494,2.042370282064508,0.12845126448528532,0.007700000000000706,Stable,40,DEXCHUS
2024-05-30,7.2493,2.042538730887957,0.1215385677784564,0.007315873015873109,Stable,40,DEXCHUS
2024-05-31,7.241,2.084751117604369,0.00690560044196431,0.006633333333333269,Stable,40,DEXCHUS
2024-06-03,7.242,2.085265648136196,0.020716801325870726,0.006001587301587286,Stable,40,DEXCHUS
2024-06-04,7.2393,1.2511487225625926,0.44678164587699243,0.00679206349206396,Stable,40,DEXCHUS
2024-06-05,7.2475,1.1977603119680724,0.40174551499618794,0.0071888888888897995,Stable,40,DEXCHUS
2024-06-06,7.2451,1.209853530807731,0.36849761030686157,0.007453968253967602,Stable,40,DEXCHUS
2024-06-07,7.2466,1.2099025754508328,0.3712014183218315,0.007679365079365397,Stable,40,DEXCHUS
2024-06-10,7.2475,1.1842149869152008,0.2975366731248208,0.007750793650792787,Stable,40,DEXCHUS
2024-06-11,7.2544,1.1885815056688298,0.30279986173522566,0.007822222222221953,Stable,40,DEXCHUS
2024-06-12,7.2544,1.189633806351705,0.28893343471347865,0.00787936507936493,Stable,40,DEXCHUS
2024-06-13,7.2519,0.9218306435947479,0.45574179249203706,0.008592063492064206,Stable,40,DEXCHUS
2024-06-14,7.2557,0.9189454006520374,0.5209127055596285,0.009484126984127705,Stable,40,DEXCHUS
2024-06-17,7.2561,0.9046023258320413,0.45408608253845184,0.010142857142856343,Stable,40,DEXCHUS
2024-06-18,7.2543,0.7787933089521015,0.2750746433705542,0.010217460317460514,Stable,40,DEXCHUS
2024-06-19,7.2543,0.7715483740452284,0.23073947164806707,0.01060952380952429,Stable,40,DEXCHUS
2024-06-20,7.2604,0.8067215545135157,0.2748428975899442,0.010760317460318802,Stable,40,DEXCHUS
2024-06-21,7.2609,0.8063005664964843,0.259593211913689,0.010968253968254515,Stable,40,DEXCHUS
2024-06-24,7.2586,0.8204475446535388,0.22229892992751132,0.011233333333334095,Stable,40,DEXCHUS
2024-06-25,7.2629,0.8363263243803308,0.2816706938211899,0.011622222222222867,Stable,40,DEXCHUS
2024-06-26,7.2666,0.8430211908142795,0.29675228775309925,0.011911111111111872,Stable,40,DEXCHUS
2024-06-27,7.2688,0.8292722437656975,0.2676083537948015,0.012231746031745594,Stable,40,DEXCHUS
2024-06-28,7.2672,0.8367449323162836,0.24692039231373197,0.012525396825396662,Stable,40,DEXCHUS
2024-07-01,7.2683,0.6995477377675521,0.3770197486534954,0.01326507936507948,Stable,40,DEXCHUS
2024-07-02,7.2712,0.7034386379981511,0.40320353493510375,0.014063492063491445,Stable,40,DEXCHUS
2024-07-03,7.2699,0.6868324283547794,0.4226928017902143,0.014949206349204935,Stable,40,DEXCHUS
2024-07-04,7.2699,0.5997868138685707,0.30907209382546874,0.01539047619047551,Stable,40,DEXCHUS
2024-07-05,7.268,0.593226952569519,0.31607569253702117,0.015903174603175252,Stable,40,DEXCHUS
2024-07-08,7.2683,0.5940097671940052,0.2994507769160659,0.01639365079365085,Stable,40,DEXCHUS
2024-07-09,7.2725,0.6127447639909863,0.34494653328733804,0.01702539682539772,Stable,40,DEXCHUS
2024-07-10,7.2758,0.5534475563213236,0.2949933833259699,0.017434920634920914,Stable,40,DEXCHUS
2024-07-11,7.2573,1.0826115465026518,0.0399757388619193,0.01726984126984199,Stable,40,DEXCHUS
2024-07-12,7.2495,1.141480115806579,-0.03309477516236781,0.01697777777777798,Stable,40,DEXCHUS
2024-07-15,7.2592,1.22195161233675,0.04823793707016133,0.016822222222221406,Stable,40,DEXCHUS
2024-07-16,7.2685,1.2974536138294244,0.17089069886027097,0.016931746031746187,Stable,40,DEXCHUS
2024-07-17,7.2607,1.3541124608555883,0.08822353638531233,0.016912698412697935,Stable,40,DEXCHUS
2024-07-18,7.26,1.3549039061440373,0.07857408709317504,0.016871428571429092,Stable,40,DEXCHUS
2024-07-19,7.2695,1.398806052180152,0.12533744697262872,0.01690793650793676,Stable,40,DEXCHUS
2024-07-22,7.2736,1.4096741542790803,0.17490944648734796,0.017074603174602743,Stable,40,DEXCHUS
2024-07-23,7.2748,1.4022934072563666,0.22318353401482582,0.017388888888888232,Stable,40,DEXCHUS
2024-07-24,7.2622,1.5264913943459288,-0.009638023379088256,0.017104761904762178,Trending,80,DEXCHUS
2024-07-25,7.231,2.1164898299662434,-0.48991275149313784,0.015422222222220228,Stable,40,DEXCHUS
2024-07-26,7.2502,2.336927733446852,-0.25588817961698096,0.014376190476189876,Trending,80,DEXCHUS
2024-07-29,7.2597,2.388316694074953,-0.10320343461031056,0.013714285714287122,Trending,80,DEXCHUS
2024-07-30,7.2511,2.4189026076714493,-0.2366440570697348,0.012726984126984142,Trending,80,DEXCHUS
2024-07-31,7.2193,2.825305050836993,-0.7137748927274812,0.010592063492063986,Stable,40,DEXCHUS
2024-08-01,7.2441,3.1138551923473634,-0.3548879626954937,0.008776190476190493,Trending,80,DEXCHUS
2024-08-02,7.16,5.037829733571167,-1.5117126783036894,0.004471428571428682,Trending,80,DEXCHUS
2024-08-05,7.13,5.174693230647044,-1.898734177215189,-0.0006952380952389703,Trending,80,DEXCHUS
2024-08-06,7.1563,5.407934929947386,-1.5409380460355226,-0.005020634920634315,Trending,80,DEXCHUS
2024-08-07,7.176,5.525599714299247,-1.3269164661395605,-0.008822222222222287,Stable,40,DEXCHUS
2024-08-08,7.1747,5.514273166422842,-1.3895379202287117,-0.012719047619047075,Trending,80,DEXCHUS
2024-08-09,7.166,5.476182818878072,-1.2580436250396065,-0.015995238095237063,Trending,80,DEXCHUS
2024-08-12,7.1744,5.506714989518316,-1.0359335126560398,-0.018863492063491805,Stable,40,DEXCHUS
2024-08-13,7.1558,5.510642108191983,-1.424399382852104,-0.022798412698412207,Trending,80,DEXCHUS
2024-08-14,7.1382,5.495480183497897,-1.7926669876865975,-0.027652380952382316,Trending,80,DEXCHUS
2024-08-15,7.1734,5.84781651107612,-1.202363408486784,-0.03084126984126989,Trending,80,DEXCHUS
2024-08-16,7.1644,5.849776980376056,-1.316804407713501,-0.034231746031746724,Trending,80,DEXCHUS
2024-08-19,7.1393,5.886801318424652,-1.7910447761193993,-0.03882539682539754,Trending,80,DEXCHUS
2024-08-20,7.132,5.864272015268851,-1.9467663880334385,-0.04382063492063448,Trending,80,DEXCHUS
2024-08-21,7.1344,5.868604152678605,-1.9299499642601803,-0.04879047619047583,Trending,80,DEXCHUS
2024-08-22,7.144,5.911697495244867,-1.6276059596265546,-0.052855555555555434,Trending,80,DEXCHUS
2024-08-23,7.1244,5.818892821136395,-1.4742082699488401,-0.05601587301587241,Trending,80,DEXCHUS
2024-08-26,7.1212,5.6912847180115556,-1.7792612617583026,-0.06012380952380969,Trending,80,DEXCHUS
2024-08-27,7.1244,5.657854837492283,-1.8637133765858072,-0.06458412698412808,Trending,80,DEXCHUS
2024-08-28,7.1245,5.665205722744025,-1.7459419950076493,-0.06876349206349275,Trending,80,DEXCHUS
2024-08-29,7.0972,5.624549719656926,-1.6912997104982397,-0.07227936507936406,Trending,80,DEXCHUS
2024-08-30,7.09,5.40886339037366,-2.12724838144146,-0.07724761904761834,Trending,80,DEXCHUS
2024-09-02,7.09,3.8003541244884116,-0.9776536312849249,-0.0780809523809518,Stable,40,DEXCHUS
2024-09-03,7.1209,3.897078719412079,-0.12762973352034024,-0.07654285714285702,Stable,40,DEXCHUS
2024-09-04,7.1119,3.6680579506376487,-0.6204323463242067,-0.07651904761904849,Stable,40,DEXCHUS
2024-09-05,7.0921,3.58923340658698,-1.1691750278706836,-0.07804761904761914,Stable,40,DEXCHUS
2024-09-06,7.0876,3.5866797462890823,-1.2139880413118198,-0.07954761904762009,Stable,40,DEXCHUS
2024-09-09,7.1133,3.860212394989329,-0.7354172481161103,-0.07981746031745995,Stable,40,DEXCHUS
2024-09-10,7.1205,3.8526598079886947,-0.751282337198933,-0.08029841269841409,Stable,40,DEXCHUS
2024-09-11,7.1192,3.7658731948725896,-0.5114732105425013,-0.07987460317460382,Stable,40,DEXCHUS
2024-09-12,7.1173,3.6787413788868863,-0.292790899666584,-0.078666666666666,Stable,40,DEXCHUS
2024-09-13,7.093,3.351394879603619,-1.1208074274402624,-0.07993492063492091,Stable,40,DEXCHUS
2024-09-16,7.0958,3.355438910563844,-0.9575121433755829,-0.08068571428571403,Stable,40,DEXCHUS
2024-09-17,7.0958,3.1688033168925283,-0.609303433109698,-0.08014444444444369,Stable,40,DEXCHUS
2024-09-18,7.0812,3.2188773017134222,-0.712282669657871,-0.07971111111111107,Stable,40,DEXCHUS
2024-09-19,7.0675,3.254828432120427,-0.9377102489347422,-0.07986349206349352,Trending,80,DEXCHUS
2024-09-20,7.0505,3.2539642626932963,-1.3087905935050381,-0.08094444444444537,Trending,80,DEXCHUS
2024-09-23,7.0508,3.167402348914942,-1.033069451462576,-0.08102380952380805,Trending,80,DEXCHUS
2024-09-24,7.0318,3.2577651933393246,-1.255406392181102,-0.0815190476190466,Trending,80,DEXCHUS
2024-09-25,7.0315,3.2422286831445346,-1.303969457077081,-0.08220158730158644,Trending,80,DEXCHUS
2024-09-26,7.0106,3.3321114598777255,-1.5987086813109674,-0.08353492063492052,Trending,80,DEXCHUS
2024-09-27,7.0111,3.1487513699438816,-1.2131544834582675,-0.08350634920634992,Trending,80,DEXCHUS
2024-09-30,7.0176,3.1865376436691517,-1.0211565585331428,-0.08294920634920544,Trending,80,DEXCHUS
2024-10-01,7.0175,3.1862672042941282,-1.0225669957686812,-0.08239523809523774,Trending,80,DEXCHUS
2024-10-02,7.0175,2.6664088619280846,-1.4520636436405443,-0.08334285714285716,Trending,80,DEXCHUS
2024-10-03,7.0175,2.6683734714810026,-1.3273527468046553,-0.0838571428571413,Trending,80,DEXCHUS
2024-10-04,7.0175,2.557814972138655,-1.051874621057236,-0.08336190476190541,Trending,80,DEXCHUS
2024-10-07,7.0175,2.563117454418946,-0.989051300863486,-0.08260000000000023,Trending,80,DEXCHUS
2024-10-08,7.0595,3.1102211855806248,-0.7563296922665996,-0.08202222222222222,Trending,80,DEXCHUS
2024-10-09,7.0818,3.311882590905789,-0.5435011586264915,-0.08120317460317406,Trending,80,DEXCHUS
2024-10-10,7.0794,3.311880211479811,-0.559051578829084,-0.08024444444444345,Trending,80,DEXCHUS
2024-10-11,7.0667,3.3539764254419353,-0.710943756761695,-0.07945079365079355,Trending,80,DEXCHUS
2024-10-14,7.0667,3.1624188254386585,-0.3707881009445968,-0.07762380952380976,Trending,80,DEXCHUS
2024-10-15,7.1192,4.116904135097702,0.32977254150343693,-0.07427460317460444,Trending,80,DEXCHUS
2024-10-16,7.1192,4.116904135097702,0.32977254150343693,-0.07077460317460371,Trending,80,DEXCHUS
2024-10-17,7.1216,4.037182761485138,0.57052476981303,-0.06643809523809452,Trending,80,DEXCHUS
2024-10-18,7.1015,4.1094398345450855,0.48107534488857073,-0.06206825396825355,Trending,80,DEXCHUS
2024-10-21,7.1189,4.060774558183452,0.970143961421166,-0.05653650793650744,Stable,40,DEXCHUS
2024-10-22,7.123,4.058019375845552,1.0239972769047645,-0.051384126984126866,Stable,40,DEXCHUS
2024-10-23,7.1252,3.891119700294855,1.3282516567593161,-0.04495238095238108,Stable,40,DEXCHUS
2024-10-24,7.119,3.9196350072912134,1.2444001991040343,-0.038552380952380894,Stable,40,DEXCHUS
2024-10-25,7.1199,3.70573626777811,1.5590676974866602,-0.031265079365079274,Trending,80,DEXCHUS
2024-10-28,7.1254,3.69775694973259,1.6302719972614899,-0.024331746031744927,Trending,80,DEXCHUS
2024-10-29,7.1301,3.6975127312776435,1.6031121751026056,-0.01716507936508016,Volatile Breakout,160,DEXCHUS
2024-10-30,7.1229,3.7396293808783607,1.5019593872461545,-0.011557142857142821,Volatile Breakout,160,DEXCHUS
2024-10-31,7.1178,3.7649643354402453,1.4292839330245721,-0.006587301587301475,Volatile Breakout,160,DEXCHUS
2024-11-01,7.1214,3.7575458194515123,1.4805842536515845,-0.0010857142857148006,Volatile Breakout,160,DEXCHUS
2024-11-04,7.0995,3.9747484136021907,1.1685073031706406,0.004033333333333999,Volatile Breakout,160,DEXCHUS
2024-11-05,7.1047,3.9699263967132463,1.2426077662985424,0.009296825396824637,Volatile Breakout,160,DEXCHUS
2024-11-06,7.1782,4.895744498779398,1.6814221970394616,0.01475555555555541,Volatile Breakout,160,DEXCHUS
2024-11-07,7.1412,5.226622872196269,0.8387698042870539,0.018111111111110745,Volatile Breakout,160,DEXCHUS
2024-11-08,7.1785,5.476330283197899,1.3998361443060103,0.022469841269842306,Volatile Breakout,160,DEXCHUS
2024-11-11,7.1785,5.4095730684011745,1.5820680091131578,0.027153968253967875,Volatile Breakout,160,DEXCHUS
2024-11-12,7.232,5.874870706061288,2.3391399097174137,0.03409523809523751,Volatile Breakout,160,DEXCHUS
2024-11-13,7.2245,5.443294864398945,1.4790987751432727,0.03815555555555594,Volatile Breakout,160,DEXCHUS
2024-11-14,7.2272,5.438733609933023,1.5170243847623333,0.041903174603174165,Volatile Breakout,160,DEXCHUS
2024-11-15,7.2288,5.439915301920706,1.505279712424179,0.04547142857142905,Volatile Breakout,160,DEXCHUS
2024-11-18,7.2364,5.285641400388523,1.8995986763359785,0.050276190476190585,Volatile Breakout,160,DEXCHUS
2024-11-19,7.2392,5.257732605578639,1.6898678166570757,0.05449365079365087,Volatile Breakout,160,DEXCHUS
2024-11-20,7.2459,5.2572207229782935,1.725396602555107,0.05841746031746009,Trending,80,DEXCHUS
2024-11-21,7.2368,5.304129281684469,1.566271823948795,0.061896825396826394,Trending,80,DEXCHUS
2024-11-22,7.2455,5.273075746365562,1.776934962775667,0.06599841269841367,Trending,80,DEXCHUS
2024-11-25,7.2395,5.299749377302037,1.6797988735796743,0.06986825396825402,Trending,80,DEXCHUS
2024-11-26,7.252,5.309449120926897,1.7767423583237463,0.07343968253968214,Trending,80,DEXCHUS
2024-11-27,7.2458,5.341909930290968,1.622698138876033,0.07647619047618992,Trending,80,DEXCHUS
2024-11-28,7.2458,5.310828978271566,1.7254208257872605,0.07985555555555646,Trending,80,DEXCHUS
2024-11-29,7.2423,5.302945256891973,1.7491359689791874,0.08385714285714219,Trending,80,DEXCHUS
2024-12-02,7.2714,5.4141846007986905,2.106327407532227,0.0884682539682542,Trending,80,DEXCHUS
2024-12-03,7.2858,5.214437577464121,2.6241284597506853,0.09426507936507811,Trending,80,DEXCHUS
2024-12-04,7.2632,5.426274046790265,2.230917561614154,0.09902539682539846,Trending,80,DEXCHUS
2024-12-05,7.2558,4.282710024622373,1.081050959850649,0.10045873015872964,Stable,40,DEXCHUS
2024-12-06,7.27,3.77478969812607,1.8036184394779387,0.10421904761904877,Stable,40,DEXCHUS
2024-12-09,7.2604,3.490413514759752,1.14090687469528,0.10587777777777774,Stable,40,DEXCHUS
2024-12-10,7.25,3.5531805099602596,0.9960298112419164,0.1071761904761912,Stable,40,DEXCHUS
2024-12-11,7.2605,2.5283117111186773,0.39408185840708043,0.10587460317460362,Trending,80,DEXCHUS
2024-12-12,7.2685,2.506145006961798,0.6090386877984688,0.10522857142857145,Stable,40,DEXCHUS
2024-12-13,7.2756,2.517355350181152,0.669692273632938,0.10467936507936493,Stable,40,DEXCHUS
2024-12-16,7.2836,2.5314029450048277,0.7580787959273971,0.10407619047619043,Stable,40,DEXCHUS
2024-12-17,7.2846,2.5197662057829726,0.6660770548891692,0.10292539682539825,Stable,40,DEXCHUS
2024-12-18,7.2864,2.519745459478228,0.6520057464913354,0.10142857142857231,Stable,40,DEXCHUS
2024-12-19,7.2965,2.538886197322417,0.6983259498475114,0.09993809523809372,Stable,40,DEXCHUS
2024-12-20,7.2953,2.48031840965609,0.8083683395976093,0.09854126984127021,Stable,40,DEXCHUS
2024-12-23,7.2977,2.4624327270713477,0.7204471741080631,0.09680158730158706,Stable,40,DEXCHUS
2024-12-24,7.2946,2.4421437390484004,0.7611022860694927,0.0949174603174594,Stable,40,DEXCHUS
2024-12-25,7.2946,2.3933566882257926,0.587424158852734,0.09244603174603228,Stable,40,DEXCHUS
2024-12-26,7.2981,2.3580054235786743,0.7217974550774109,0.09048412698412811,Stable,40,DEXCHUS
2024-12-27,7.298,2.3582617537142405,0.7204173452206808,0.0885174603174601,Stable,40,DEXCHUS
2024-12-30,7.2993,2.3401360207767974,0.7870427902737953,0.08675873015873137,Stable,40,DEXCHUS
2024-12-31,7.2993,1.9298290630534125,0.3836950243419457,0.08361428571428497,Stable,40,DEXCHUS
2025-01-01,7.2993,1.816019336869966,0.1852919377419049,0.07978412698412818,Stable,40,DEXCHUS
2025-01-02,7.2994,1.3991565108390691,0.4984029078092256,0.07703333333333351,Trending,80,DEXCHUS
2025-01-03,7.3199,1.5824196047830368,0.8834311860856037,0.07595238095238077,Stable,40,DEXCHUS
2025-01-06,7.3223,1.480293049326707,0.7193947730399053,0.0746253968253967,Trending,80,DEXCHUS
2025-01-07,7.3264,1.351988703072186,0.9090408241970049,0.07384761904761827,Trending,80,DEXCHUS
2025-01-08,7.3316,1.171502985177084,1.1255172413793035,0.07352857142857072,Stable,40,DEXCHUS
2025-01-09,7.3321,1.1326017430569006,0.9861579781006657,0.0727253968253967,Stable,40,DEXCHUS
2025-01-10,7.3326,1.1161552073041203,0.8818875971658535,0.0723904761904759,Trending,80,DEXCHUS
2025-01-13,7.3319,1.1103565938562618,0.7738193413601602,0.07169523809523781,Trending,80,DEXCHUS
2025-01-14,7.3311,1.0886606339602907,0.6521500356966303,0.07063174603174538,Trending,80,DEXCHUS
2025-01-15,7.3304,1.0962682583177261,0.6287236087087811,0.06917936507936506,Trending,80,DEXCHUS
2025-01-16,7.3316,1.0971434175197592,0.6203337725076752,0.06795555555555399,Trending,80,DEXCHUS
2025-01-17,7.3249,1.09815920481497,0.38922771191667316,0.06610317460317461,Volatile Breakout,160,DEXCHUS
2025-01-20,7.3249,1.0930262981914698,0.40574068235714744,0.06434285714285615,Volatile Breakout,160,DEXCHUS
2025-01-21,7.2712,2.8237677763025353,-0.3631281088562033,0.06066507936508003,Trending,80,DEXCHUS
2025-01-22,7.2728,2.825320528254659,-0.29885120500096063,0.05719999999999903,Trending,80,DEXCHUS
2025-01-23,7.288,2.9293101848094727,-0.09047788775258248,0.054304761904760745,Trending,80,DEXCHUS
2025-01-24,7.244,3.580712536171546,-0.7412888285992292,0.04992063492063448,Volatile Breakout,160,DEXCHUS
2025-01-27,7.2507,3.606548681393039,-0.6481227733625583,0.04563968253968298,Trending,80,DEXCHUS
2025-01-28,7.2422,3.613986451926525,-0.7822667927061433,0.04094603174603151,Trending,80,DEXCHUS
2025-01-29,7.2422,3.613986451926525,-0.7822667927061433,0.0363095238095239,Volatile Breakout,160,DEXCHUS
2025-01-30,7.2422,3.613986451926525,-0.7822667927061433,0.03132539682539637,Trending,80,DEXCHUS
2025-01-31,7.2422,3.6138056108387455,-0.7836260514562876,0.02641904761904712,Trending,80,DEXCHUS
2025-02-03,7.2422,3.4285746746688153,-1.0614899110643505,0.02170317460317417,Trending,80,DEXCHUS
2025-02-04,7.2422,3.420400814151193,-1.0939185774961446,0.016285714285714015,Trending,80,DEXCHUS
2025-02-05,7.272,3.766201092977682,-0.7425202009172183,0.012211111111110284,Trending,80,DEXCHUS
2025-02-06,7.2883,3.856902444309639,-0.5905941404331982,0.008406349206349084,Trending,80,DEXCHUS
2025-02-07,7.2943,3.8743009690143597,-0.5155412501193335,0.005617460317461465,Stable,40,DEXCHUS
2025-02-10,7.3045,3.914961643749051,-0.38322014019583905,0.0030095238095242394,Stable,40,DEXCHUS
2025-02-11,7.3072,3.9195383510065267,-0.3368840273326179,0.0005634920634927099,Stable,40,DEXCHUS
2025-02-12,7.3088,3.921698537608137,-0.3041835468074461,-0.0017682539682546405,Trending,80,DEXCHUS
2025-02-13,7.2888,4.023134998332563,-0.5674997271635895,-0.004580952380952574,Trending,80,DEXCHUS
2025-02-14,7.253,4.327203918434893,-1.0720715805554004,-0.008542857142857407,Trending,80,DEXCHUS
2025-02-17,7.253,4.32802616481874,-0.9815833663258222,-0.012079365079364912,Trending,80,DEXCHUS
2025-02-18,7.2786,4.5432703730234945,-0.6320905404851973,-0.014947619047617877,Trending,80,DEXCHUS
2025-02-19,7.2833,3.7601998121194344,0.16640994608867477,-0.01497142857142908,Stable,40,DEXCHUS
2025-02-20,7.2555,3.9942708775676383,-0.2378726212737936,-0.016049206349205924,Stable,40,DEXCHUS
2025-02-21,7.2501,3.9174723086829677,-0.5200329308452267,-0.017823809523809686,Trending,80,DEXCHUS
2025-02-24,7.2476,3.3055240886768993,0.04969630038653694,-0.017680952380952242,Stable,40,DEXCHUS
2025-02-25,7.2512,3.294156436708441,0.006895885914448563,-0.01774285714285817,Stable,40,DEXCHUS
2025-02-26,7.2595,3.2875624197515623,0.2388776891000033,-0.017192063492063703,Stable,40,DEXCHUS
2025-02-27,7.2853,3.495733914950494,0.5951230289138687,-0.015360317460317852,Stable,40,DEXCHUS
2025-02-28,7.2828,3.5012745455777177,0.5606031316450766,-0.013379365079364547,Stable,40,DEXCHUS
2025-03-03,7.2843,3.5000106933449286,0.5813150700063385,-0.011709523809523503,Stable,40,DEXCHUS
2025-03-04,7.2651,3.642618658860443,0.316202258982079,-0.010766666666666147,Trending,80,DEXCHUS
2025-03-05,7.2506,3.7180043109117196,0.11598685482312465,-0.0100587301587316,Stable,40,DEXCHUS
2025-03-06,7.2468,3.4151552947455337,-0.34653465346534684,-0.01104285714285691,Trending,80,DEXCHUS
2025-03-07,7.234,3.340995311625467,-0.7450297051438515,-0.013374603174603372,Trending,80,DEXCHUS
2025-03-10,7.2591,3.5760018327184984,-0.4825685809467628,-0.015028571428572057,Trending,80,DEXCHUS
2025-03-11,7.2278,3.789511669005748,-1.0500376480251816,-0.018034920634921292,Trending,80,DEXCHUS
2025-03-12,7.2372,3.8299281922038455,-0.957959273045772,-0.020758730158730643,Trending,80,DEXCHUS
2025-03-13,7.2439,3.853366166715238,-0.887970665499116,-0.023219047619047473,Trending,80,DEXCHUS
2025-03-14,7.2377,3.765093169008291,-0.7010756228734483,-0.02490793650793588,Trending,80,DEXCHUS
2025-03-17,7.2327,3.3827421069412202,-0.279884185854129,-0.025022222222221835,Stable,40,DEXCHUS
2025-03-18,7.2273,3.3889722474307495,-0.35433613677099407,-0.025147619047618974,Trending,80,DEXCHUS
2025-03-19,7.23,3.1209882099237274,-0.6677108235100038,-0.02642539682539713,Trending,80,DEXCHUS
2025-03-20,7.2477,3.2508065878378547,-0.48878942237721157,-0.027326984126985643,Trending,80,DEXCHUS
2025-03-21,7.2486,2.9783392385910226,-0.09510026876162758,-0.026925396825396852,Stable,40,DEXCHUS
2025-03-24,7.2531,2.9754157481268644,0.04137873960359251,-0.026123809523809882,Stable,40,DEXCHUS
2025-03-25,7.2569,2.977162242800979,0.1283183398642196,-0.025026984126984786,Stable,40,DEXCHUS
2025-03-26,7.2675,3.0133739132475132,0.22479037952338743,-0.023766666666666048,Stable,40,DEXCHUS
2025-03-27,7.2645,2.9941434012502897,0.0688752668916548,-0.02297619047619026,Stable,40,DEXCHUS
2025-03-28,7.2628,2.7068716097336347,-0.30884109096399603,-0.023468253968253805,Stable,40,DEXCHUS
2025-03-31,7.2567,2.7168835815698604,-0.3583786455758742,-0.02403492063492063,Trending,80,DEXCHUS
2025-04-01,7.2697,2.798775131729437,-0.20043106406929523,-0.02425873015873048,Trending,80,DEXCHUS
2025-04-02,7.2675,2.644227255404635,0.03303464508401799,-0.023312698412699007,Stable,40,DEXCHUS
2025-04-03,7.2813,2.6146894257110267,0.4234132347667785,-0.02120000000000033,Stable,40,DEXCHUS
2025-04-04,7.2803,2.6045601259352797,0.46227300325660803,-0.01887301587301593,Stable,40,DEXCHUS
2025-04-07,7.3081,2.78024967280665,1.0243295548797215,-0.01497142857142908,Trending,80,DEXCHUS
2025-04-08,7.3388,2.8885072599007646,1.0979322505544786,-0.011282539682539117,Trending,80,DEXCHUS
2025-04-09,7.3499,2.306493349446821,1.6893107169539734,-0.005742857142856828,Stable,40,DEXCHUS
2025-04-10,7.314,3.021375883954887,1.0611838832697895,-0.001801587301587304,Trending,80,DEXCHUS
2025-04-11,7.2915,3.2597312470004525,0.6571045983517099,0.001093650793651868,Trending,80,DEXCHUS
2025-04-14,7.3119,3.3392619877613288,1.025187559583829,0.004920634920634548,Trending,80,DEXCHUS
2025-04-15,7.315,3.3118964379511575,1.1378876491489942,0.009103174603174224,Trending,80,DEXCHUS
2025-04-16,7.3053,3.3461861387571568,1.0792412104105198,0.013128571428572933,Trending,80,DEXCHUS
2025-04-17,7.299,3.3799156979142095,0.9543568464730257,0.01682539682539641,Trending,80,DEXCHUS
2025-04-18,7.2996,3.302567135517145,0.7160892421043785,0.0188460317460315,Trending,80,DEXCHUS
2025-04-21,7.2914,3.3409811391019115,0.5904588472256833,0.020588888888888768,Trending,80,DEXCHUS
2025-04-22,7.3118,3.4520255825574497,0.8093091229956828,0.023006349206350585,Trending,80,DEXCHUS
2025-04-23,7.286,3.707626237553611,0.400997671181913,0.023725396825398093,Trending,80,DEXCHUS
2025-04-24,7.2879,3.6791310672654247,0.280701754385948,0.02410634920634891,Trending,80,DEXCHUS
2025-04-25,7.2864,3.6759379081398085,0.3014660334503372,0.024447619047619717,Trending,80,DEXCHUS
2025-04-28,7.2942,3.6867105121045274,0.432340144296961,0.02511746031745954,Trending,80,DEXCHUS
2025-04-29,7.269,3.8862440499518667,0.16949853239074386,0.025277777777778176,Trending,80,DEXCHUS
2025-04-30,7.2706,3.8370403039378527,0.012380153238789049,0.024869841269841153,Trending,80,DEXCHUS
2025-05-01,7.2706,3.8353784188170406,0.042655658754719994,0.02456666666666596,Trending,80,DEXCHUS
2025-05-02,7.2706,3.7742847139225786,-0.14695178058863334,0.023606349206350075,Trending,80,DEXCHUS
2025-05-05,7.2706,3.7742635980840324,-0.13323626773622532,0.023166666666667446,Trending,80,DEXCHUS
2025-05-06,7.2164,4.29822437339522,-1.2547721021879732,0.019941269841269538,Trending,80,DEXCHUS
2025-05-07,7.225,3.9903236358039202,-1.5506622336076803,0.015622222222222426,Trending,80,DEXCHUS
2025-05-08,7.234,3.9723673576615903,-1.576892202614999,0.011222222222221134,Trending,80,DEXCHUS
2025-05-09,7.2364,3.689833370557886,-1.0609789444900208,0.008650793650793354,Trending,80,DEXCHUS
2025-05-12,7.2018,3.881816145369718,-1.2301995474182204,0.0060777777777776265,Trending,80,DEXCHUS
2025-05-13,7.2057,3.7088017030007165,-1.4524268657941097,0.0023396825396835297,Trending,80,DEXCHUS
2025-05-14,7.208,3.7049984260095368,-1.4627477785372545,-0.002041269841270399,Trending,80,DEXCHUS
2025-05-15,7.2067,3.7018164073467323,-1.3497050086923257,-0.006001587301588174,Trending,80,DEXCHUS
2025-05-16,7.209,3.715646513030372,-1.2330456226880449,-0.009182539682538682,Trending,80,DEXCHUS
2025-05-19,7.2144,3.7379170956710053,-1.1671872431366026,-0.012146031746031127,Trending,80,DEXCHUS
2025-05-20,7.2194,3.756111282911809,-0.9874646844227453,-0.015001587301586738,Trending,80,DEXCHUS
2025-05-21,7.2019,3.6167185460569238,-1.5030498646024237,-0.019469841269842192,Trending,80,DEXCHUS
2025-05-22,7.2037,3.481114580347229,-1.1295635465275788,-0.02269206349206332,Trending,80,DEXCHUS
2025-05-23,7.1798,3.59639711847669,-1.48328050604426,-0.026706349206349955,Trending,80,DEXCHUS
2025-05-26,7.1798,3.6007289967603264,-1.4629995608256507,-0.030517460317460277,Stable,40,DEXCHUS
2025-05-27,7.195,3.682850413411899,-1.3599846453346442,-0.033807936507935565,Stable,40,DEXCHUS
2025-05-28,7.1941,3.541149872463471,-1.030403081579312,-0.035966666666666036,Stable,40,DEXCHUS
2025-05-29,7.1855,3.539297775258896,-1.170467361703298,-0.03845079365079318,Stable,40,DEXCHUS
2025-05-30,7.1991,3.6363042199482436,-0.9834126481995997,-0.040807936507937015,Stable,40,DEXCHUS
2025-06-02,7.1975,3.6335141291850026,-1.005419085082393,-0.0434460317460319,Stable,40,DEXCHUS
2025-06-03,7.1872,3.643567992838051,-1.1470855225153342,-0.046471428571429385,Stable,40,DEXCHUS
2025-06-04,7.1844,2.639412395404526,-0.4434343994235368,-0.04720793650793542,Trending,80,DEXCHUS
2025-06-05,7.175,2.614049767973944,-0.692041522491349,-0.04825396825396844,Trending,80,DEXCHUS
2025-06-06,7.1886,2.672420407942405,-0.6275919270113284,-0.04979365079365117,Trending,80,DEXCHUS
2025-06-09,7.1802,2.678373645291109,-0.776629263169526,-0.051565079365079036,Stable,40,DEXCHUS
2025-06-10,7.187,2.17787279760574,-0.2055041795106849,-0.05136666666666656,Trending,80,DEXCHUS
2025-06-11,7.1928,2.1895912958154025,-0.17902493859028867,-0.05126825396825474,Trending,80,DEXCHUS
2025-06-12,7.1726,2.3769731372075427,-0.4911209766925606,-0.0519999999999996,Stable,40,DEXCHUS
2025-06-13,7.181,2.4263611386802673,-0.35661259661148303,-0.05248888888888992,Trending,80,DEXCHUS
2025-06-16,7.179,2.420035810709746,-0.4161464835622075,-0.05310793650793677,Stable,40,DEXCHUS
2025-06-17,7.1845,2.420883592918246,-0.41444888001774816,-0.05352857142857115,Stable,40,DEXCHUS
2025-06-18,7.1888,2.416723431787937,-0.4238579383328389,-0.05403650793650794,Stable,40,DEXCHUS
2025-06-19,7.1888,2.2776747467046365,-0.18189644399395632,-0.05363968253968299,Stable,40,DEXCHUS
2025-06-20,7.1785,2.320615935679509,-0.34982023127004824,-0.05359523809523736,Stable,40,DEXCHUS
2025-06-23,7.179,2.017834714854717,-0.01114237165380505,-0.05222857142857151,Stable,40,DEXCHUS
2025-06-24,7.1713,2.051458070022804,-0.11838769882169808,-0.051153968253967896,Stable,40,DEXCHUS
2025-06-25,7.1764,1.9172701793085218,-0.258512856150106,-0.050668253968252586,Stable,40,DEXCHUS
2025-06-26,7.1675,1.9559770831207695,-0.3697474319233729,-0.050519047619048685,Stable,40,DEXCHUS
2025-06-27,7.1721,1.9387519140013596,-0.18648667455292145,-0.049607936507936934,Stable,40,DEXCHUS
2025-06-30,7.1636,1.8327949604229552,-0.4931171952049507,-0.04964920634920489,Stable,40,DEXCHUS
2025-07-01,7.1647,1.8377342724750243,-0.4557137895102481,-0.04936031746031766,Stable,40,DEXCHUS
2025-07-02,7.1649,1.785015579785022,-0.3102738201246624,-0.048590476190476295,Stable,40,DEXCHUS
2025-07-03,7.1684,1.7958858834995288,-0.22270474917878147,-0.047134920634920974,Stable,40,DEXCHUS
2025-07-04,7.1684,1.741849446157083,-0.09198606271776377,-0.04474444444444359,Stable,40,DEXCHUS
2025-07-07,7.1744,1.6283000265445498,-0.19753498594997643,-0.042634920634919915,Stable,40,DEXCHUS
2025-07-08,7.1738,1.5807401717535574,-0.08913400740926392,-0.04071428571428637,Stable,40,DEXCHUS
2025-07-09,7.18,1.5744608450016393,-0.09739807986642868,-0.03927777777777841,Stable,40,DEXCHUS
2025-07-10,7.1748,1.559218815733304,-0.25025025025025016,-0.037958730158730525,Stable,40,DEXCHUS
2025-07-11,7.1681,1.2579139232112948,-0.06273875582076816,-0.035841269841269785,Stable,40,DEXCHUS
2025-07-14,7.167,1.179872577602029,-0.1949589193705692,-0.03431269841269913,Stable,40,DEXCHUS
2025-07-15,7.1729,1.2190804891391203,-0.08497005153921267,-0.03260158730158835,Stable,40,DEXCHUS
2025-07-16,7.1791,1.2277122129807636,-0.07516180666712335,-0.03094603174603172,Stable,40,DEXCHUS
2025-07-17,7.1832,1.2259642016974972,-0.07789895392832369,-0.029495238095238463,Stable,40,DEXCHUS
2025-07-18,7.1776,1.252472077526613,-0.15579790785665848,-0.027898412698411867,Stable,40,DEXCHUS
2025-07-21,7.176,1.1532774136906307,-0.03482621717628698,-0.0262714285714285,Stable,40,DEXCHUS
2025-07-22,7.1748,1.1539710551285756,-0.058503969912249154,-0.024676190476189852,Stable,40,DEXCHUS
2025-07-23,7.1599,1.3103680576891616,-0.15896699343214138,-0.023211111111111293,Stable,40,DEXCHUS
2025-07-24,7.1541,1.3012376229846836,-0.31074076138454254,-0.022049206349207928,Stable,40,DEXCHUS
2025-07-25,7.1679,1.4234088986629625,0.005580746424826977,-0.020425396825396902,Stable,40,DEXCHUS
2025-07-28,7.1778,1.4868441492677882,0.07947463086126483,-0.018680952380952576,Stable,40,DEXCHUS
2025-07-29,7.1769,1.4208295862707956,0.1856608409179783,-0.01656031746031772,Stable,40,DEXCHUS
2025-07-30,7.1934,1.6143693237109216,0.40057504152302137,-0.01396825396825463,Stable,40,DEXCHUS
2025-07-31,7.2002,1.6338627229156761,0.49267959078282964,-0.011169841269841996,Stable,40,DEXCHUS
2025-08-01,7.2116,1.6980555842324354,0.6026449416885127,-0.009036507936507121,Trending,80,DEXCHUS
2025-08-04,7.178,2.4134913334051573,0.13392109815300035,-0.007833333333334025,Stable,40,DEXCHUS
2025-08-05,7.1835,2.4107611368056037,0.1268398751115063,-0.006598412698412659,Stable,40,DEXCHUS
2025-08-06,7.1822,2.4117349248008266,0.11709275418885223,-0.005338095238093921,Stable,40,DEXCHUS
2025-08-07,7.1806,2.395220520321296,0.008356545961007988,-0.004973015873016351,Trending,80,DEXCHUS
2025-08-08,7.1839,2.384886830651264,0.12683280370184846,-0.004193650793651749,Trending,80,DEXCHUS
2025-08-11,7.1884,2.3639983638346695,0.2831991741186535,-0.0029158730158727053,Trending,80,DEXCHUS
2025-08-12,7.1785,2.420202888805363,0.16045765313241755,-0.0019206349206344342,Stable,40,DEXCHUS
2025-08-13,7.1744,2.4142593062116635,0.02091204394316648,-0.0012999999999996348,Stable,40,DEXCHUS
2025-08-14,7.1795,2.4080006832727356,0.0055717290468049185,-0.0007269841269845756,Stable,40,DEXCHUS
2025-08-15,7.1817,2.4018810118494005,-0.020882058135651693,-0.00019999999999953388,Stable,40,DEXCHUS
2025-08-18,7.1847,2.389248751119631,0.09891885867143735,0.00041111111111025167,Stable,40,DEXCHUS
2025-08-19,7.1819,2.3923299907094933,0.08221850613154835,0.0010380952380950603,Stable,40,DEXCHUS
2025-08-20,7.1757,2.4120052144883894,0.012543903662809441,0.0011460317460318947,Stable,40,DEXCHUS
2025-08-21,7.1793,2.293816209660233,0.27095350493719916,0.002077777777777179,Stable,40,DEXCHUS
2025-08-22,7.1651,2.3878590069174326,0.15375798493171278,0.0030761904761904546,Stable,40,DEXCHUS
2025-08-25,7.151,2.388047293303414,-0.2357733785348648,0.002955555555555378,Stable,40,DEXCHUS
2025-08-26,7.152,2.328263130091398,-0.35944161163588007,0.0022587301587302377,Stable,40,DEXCHUS
2025-08-27,7.1536,2.3322513551087933,-0.32465270520698475,0.001871428571428524,Stable,40,DEXCHUS
2025-08-28,7.1306,2.383221132565775,-0.8730224928406471,-5.714285714386591e-05,Stable,40,DEXCHUS
2025-08-29,7.1304,2.336541877916667,-0.9694175161801044,-0.002479365079365081,Stable,40,DEXCHUS
2025-09-01,7.1304,2.2234887344104504,-1.1259637251095467,-0.005488888888889321,Stable,40,DEXCHUS
2025-09-02,7.139,1.7265546352396397,-0.5433268319866236,-0.006774603174603655,Stable,40,DEXCHUS
2025-09-03,7.1415,1.701261738831851,-0.5846732094383023,-0.008026984126984438,Stable,40,DEXCHUS
2025-09-04,7.1414,1.7034514053936165,-0.5680710645763143,-0.009353968253968503,Stable,40,DEXCHUS
2025-09-05,7.1323,1.7383105024904137,-0.6726457399103158,-0.010785714285715287,Stable,40,DEXCHUS
2025-09-08,7.1293,1.7151112123422467,-0.7600328512368026,-0.012377777777778043,Stable,40,DEXCHUS
2025-09-09,7.1209,1.697824877977977,-0.9390128540426201,-0.014771428571428658,Stable,40,DEXCHUS
2025-09-10,7.1207,1.6689279347516461,-0.8051821411158233,-0.01656666666666773,Stable,40,DEXCHUS
2025-09-11,7.1184,1.6676419998814165,-0.7805530776092806,-0.018271428571429382,Stable,40,DEXCHUS
2025-09-12,7.1242,1.6765144651731119,-0.7702486245560247,-0.019947619047619547,Stable,40,DEXCHUS
2025-09-15,7.1186,1.6638382170046953,-0.8786220532743028,-0.021838095238096322,Stable,40,DEXCHUS
2025-09-16,7.1142,1.6366234273978046,-0.9812518267986126,-0.024011111111110317,Stable,40,DEXCHUS
2025-09-17,7.1033,1.6770039414215776,-1.0944179116946784,-0.026560317460317506,Stable,40,DEXCHUS
2025-09-18,7.1125,1.785081717372688,-0.8807503100742853,-0.02851428571428638,Stable,40,DEXCHUS
2025-09-19,7.1142,1.7702394289760854,-0.9067736408841953,-0.030707936507935685,Stable,40,DEXCHUS
2025-09-22,7.114,1.6825286516954692,-0.7131791600954562,-0.03215079365079365,Stable,40,DEXCHUS
2025-09-23,7.1116,1.5751672220202586,-0.5509718920430617,-0.0331396825396828,Stable,40,DEXCHUS
2025-09-24,7.1315,1.8970504499802008,-0.2866331096196939,-0.03347142857142682,Stable,40,DEXCHUS
2025-09-25,7.1338,1.8997177822597962,-0.2767837172891974,-0.03394126984127066,Stable,40,DEXCHUS
2025-09-26,7.1328,1.5342463196976166,0.030852943651304976,-0.03333015873015821,Stable,40,DEXCHUS
2025-09-29,7.1194,1.6688364209898345,-0.15426904521486096,-0.033131746031744846,Stable,40,DEXCHUS
2025-09-30,7.119,1.6686402798133277,-0.15987882867721792,-0.03289047619047647,Stable,40,DEXCHUS
2025-10-01,7.12,1.6051241994796763,-0.2661437176075143,-0.033026984126983905,Stable,40,DEXCHUS
2025-10-02,7.12,1.596584131203795,-0.30105720086816,-0.033187301587300766,Stable,40,DEXCHUS
2025-10-03,7.12,1.596734137582754,-0.2996611308706987,-0.03335238095238058,Stable,40,DEXCHUS
2025-10-06,7.12,1.5430355980851325,-0.1724548883249355,-0.032985714285714174,Stable,40,DEXCHUS
2025-10-07,7.12,1.538268232968458,-0.13044758952491797,-0.0325587301587289,Stable,40,DEXCHUS
2025-10-08,7.12,1.4836926616908122,-0.012638851830526487,-0.03183809523809433,Stable,40,DEXCHUS
2025-10-09,7.1275,1.5282547443116237,0.09549622930329349,-0.030887301587300797,Stable,40,DEXCHUS
2025-10-10,7.134,1.5504108827096645,0.21915037086985834,-0.02952698412698407,Stable,40,DEXCHUS
2025-10-13,7.134,1.528934168637353,0.13755930490442214,-0.028344444444444505,Stable,40,DEXCHUS
2025-10-14,7.1384,1.507518595875613,0.278144578990247,-0.02669047619047582,Stable,40,DEXCHUS
2025-10-15,7.1262,1.6192131116567694,0.16867673104494774,-0.02530317460317466,Stable,40,DEXCHUS
2025-10-16,7.123,1.5239412455456758,0.2773358861374309,-0.023523809523809724,Stable,40,DEXCHUS
2025-10-17,7.1264,1.4707150792198245,0.19543057996485036,-0.022093650793650887,Stable,40,DEXCHUS
2025-10-20,7.1195,1.514460710654093,0.07449888954484951,-0.021200000000001218,Stable,40,DEXCHUS
2025-10-21,7.1218,1.5174732803667046,0.10964295754849473,-0.02031587301587212,Stable,40,DEXCHUS
2025-10-22,7.1257,1.5197815200408626,0.19826761910117785,-0.018974603174602755,Stable,40,DEXCHUS
2025-10-23,7.1221,1.1699155493499214,-0.13180957722779274,-0.01853809523809513,Stable,40,DEXCHUS
2025-10-24,7.1211,1.161679090069845,-0.17802573663404653,-0.018257142857141417,Stable,40,DEXCHUS
2025-10-27,7.1102,1.2653022343150628,-0.3168461193360228,-0.018012698412698036,Stable,40,DEXCHUS
2025-10-28,7.0988,1.2207412273296014,-0.2893502261426484,-0.017384126984127057,Stable,40,DEXCHUS
2025-10-29,7.098,1.220422715246529,-0.2949852507374673,-0.01658095238095303,Stable,40,DEXCHUS
2025-10-30,7.1097,1.367112876302448,-0.14466292134831527,-0.015987301587300884,Stable,40,DEXCHUS
2025-10-31,7.1169,1.417592045477722,-0.04353932584268971,-0.015077777777777968,Stable,40,DEXCHUS
2025-11-03,7.1222,1.4421990520595265,0.03089887640450595,-0.014020634920634656,Stable,40,DEXCHUS
2025-11-04,7.1295,1.4839484112140815,0.13342696629212725,-0.012757142857141801,Stable,40,DEXCHUS
2025-11-05,7.126,1.4963053338203158,0.08426966292134352,-0.011552380952380759,Stable,40,DEXCHUS
2025-11-06,7.1195,1.5323478521765612,-0.00702247191011196,-0.010482539682539205,Stable,40,DEXCHUS
2025-11-07,7.1219,1.489630231538307,-0.07856892318485187,-0.00985079365079411,Stable,40,DEXCHUS
2025-11-10,7.1193,1.4523449313413939,-0.20605550883096013,-0.009676190476190172,Stable,40,DEXCHUS
2025-11-11,7.1193,1.4523449313413939,-0.20605550883096013,-0.009420634920634718,Stable,40,DEXCHUS
2025-11-12,7.112,1.4619142660080204,-0.36983077440322365,-0.00957142857142923,Stable,40,DEXCHUS
2025-11-13,7.095,1.5671876588280658,-0.43782099856866097,-0.009633333333333383,Stable,40,DEXCHUS
2025-11-14,7.0992,1.5883976564189253,-0.3341288782816254,-0.00945396825396827,Stable,40,DEXCHUS
2025-11-17,7.1075,1.6405355799576915,-0.26521104625056857,-0.009271428571427265,Stable,40,DEXCHUS
2025-11-18,7.1074,1.611856270227717,-0.16995575531989493,-0.008706349206348385,Stable,40,DEXCHUS
2025-11-19,7.1106,1.6164638337226498,-0.1572636131315197,-0.008374603174604367,Stable,40,DEXCHUS
2025-11-20,7.1098,1.6005517314525388,-0.22313597260620321,-0.00847777777777825,Stable,40,DEXCHUS
2025-11-21,7.1066,1.598931745622582,-0.21763243987025227,-0.008495238095237667,Stable,40,DEXCHUS
2025-11-24,7.102,1.610018294047421,-0.26821698894833323,-0.008585714285715085,Stable,40,DEXCHUS
2025-11-25,7.0845,1.739769429671481,-0.3614525611093877,-0.009077777777778628,Stable,40,DEXCHUS
2025-11-26,7.0758,1.7053787806810181,-0.32399842226854547,-0.009306349206349651,Stable,40,DEXCHUS
2025-11-27,7.0758,1.7061691252691424,-0.3127641589179997,-0.00949682539682506,Stable,40,DEXCHUS
2025-11-28,7.0751,1.5767512202125757,-0.48665907140948983,-0.010130158730158989,Stable,40,DEXCHUS
2025-12-01,7.0717,1.5117578132457727,-0.6351079824080785,-0.01117460317460317,Stable,40,DEXCHUS
2025-12-02,7.07,1.463487084202105,-0.7329196034932983,-0.01252698412698372,Stable,40,DEXCHUS
2025-12-03,7.0636,1.3856989152915973,-0.92432849428431,-0.014574603174604128,Stable,40,DEXCHUS
2025-12-04,7.0714,1.48517409725487,-0.766208251473488,-0.016255555555556356,Stable,40,DEXCHUS
2025-12-05,7.0696,1.4721048896383286,-0.7008919165671701,-0.017817460317460565,Stable,40,DEXCHUS
2025-12-08,7.071,1.4648815296895037,-0.714696920765534,-0.019452380952381,Stable,40,DEXCHUS
2025-12-09,7.0633,1.4876604033119234,-0.7865941876308069,-0.021244444444444177,Stable,40,DEXCHUS
2025-12-10,7.064,1.4912046705666555,-0.776761760285416,-0.022922222222223176,Stable,40,DEXCHUS
2025-12-11,7.0579,1.4832864903908176,-0.7606861642294738,-0.024534920634921242,Stable,40,DEXCHUS
2025-12-12,7.0548,1.2884989425408226,-0.5665961945031661,-0.0255063492063492,Stable,40,DEXCHUS
2025-12-15,7.047,1.279534802240447,-0.7352941176470562,-0.027098412698412844,Stable,40,DEXCHUS
2025-12-16,7.0417,1.1593688912999842,-0.9257826239887468,-0.02910793650793675,Stable,40,DEXCHUS
2025-12-17,7.0431,1.1715636406459606,-0.9046908855559033,-0.031041269841270314,Stable,40,DEXCHUS
2025-12-18,7.0404,1.1271792192714074,-0.9872584592017564,-0.03321587301587314,Stable,40,DEXCHUS
2025-12-19,7.0409,1.13631239280478,-0.9690849250330591,-0.035374603174603614,Stable,40,DEXCHUS
2025-12-22,7.0367,1.1372285162185591,-0.9835927166296221,-0.0371984126984124,Stable,40,DEXCHUS
2025-12-23,7.028,1.166704504165694,-1.0419600112644423,-0.03904285714285827,Stable,40,DEXCHUS
2025-12-24,7.0142,1.0692640817772099,-0.9923071494106872,-0.04050793650793505,Stable,40,DEXCHUS
2025-12-25,7.0142,1.044566885677665,-0.8705729387489813,-0.04177142857142968,Stable,40,DEXCHUS
2025-12-26,7.0063,1.0607774529266343,-0.9822210916080154,-0.04329206349206238,Stable,40,DEXCHUS
2025-12-29,7.0056,1.060734286343706,-0.9823182711198419,-0.044785714285715095,Stable,40,DEXCHUS
2025-12-30,6.9961,1.1043185976748229,-1.0690498748532784,-0.04641904761904847,Stable,40,DEXCHUS
2025-12-31,6.9931,1.1004134204859244,-1.0876944837340918,-0.048066666666667146,Stable,40,DEXCHUS
2026-01-01,6.9931,1.1051971935228884,-0.9980746361628601,-0.04940952380952357,Stable,40,DEXCHUS
2026-01-02,6.9877,0.9466355584755445,-1.1836411460248275,-0.05129523809523828,Stable,40,DEXCHUS
2026-01-05,6.988,0.9644358171714418,-1.1542378635283401,-0.0530857142857144,Stable,40,DEXCHUS
2026-01-06,6.9834,0.9252945831505189,-1.2388629613915958,-0.05496984126984117,Stable,40,DEXCHUS
2026-01-07,6.9965,1.2412337233578712,-0.9457335806209555,-0.055968253968253556,Stable,40,DEXCHUS
2026-01-08,6.9835,1.3147120673895305,-1.1395809739524365,-0.057412698412696805,Stable,40,DEXCHUS
2026-01-09,6.9772,1.3159565091197245,-1.1433995947803255,-0.05869682539682586,Stable,40,DEXCHUS
2026-01-12,6.9731,1.3154272065073693,-1.15807677042582,-0.06015714285714324,Stable,40,DEXCHUS
2026-01-13,6.9775,1.3604896264671242,-0.9862352774230088,-0.061157142857143576,Stable,40,DEXCHUS
2026-01-14,6.973,1.3582094152873612,-0.9756166834713142,-0.06199365079365027,Stable,40,DEXCHUS
2026-01-15,6.966,1.3478483264517065,-1.0946884184520944,-0.06322857142857075,Stable,40,DEXCHUS
2026-01-16,6.9681,1.37738440469479,-1.0269302880518194,-0.06423174603174608,Stable,40,DEXCHUS
2026-01-19,6.9681,1.373948185915017,-1.0339587268673012,-0.06519682539682581,Stable,40,DEXCHUS
2026-01-20,6.9599,1.393938929511199,-1.0914206943595683,-0.0662793650793656,Stable,40,DEXCHUS
2026-01-21,6.9637,1.4154336528412532,-0.9149117814456376,-0.06684285714285743,Stable,40,DEXCHUS
2026-01-22,6.97,1.3738342820018572,-0.6301502666020364,-0.06672222222222324,Stable,40,DEXCHUS
2026-01-23,6.9631,1.3892541993268954,-0.7285221408000919,-0.06700158730158723,Stable,40,DEXCHUS
2026-01-26,6.9542,1.4009255526056106,-0.7436164594721961,-0.0671999999999997,Stable,40,DEXCHUS
2026-01-27,6.9545,1.4050776856021847,-0.7294164668265379,-0.06716984126984116,Stable,40,DEXCHUS
2026-01-28,6.9462,1.3914456295066022,-0.7132545275224778,-0.0668365079365083,Stable,40,DEXCHUS
2026-01-29,6.948,1.406269078079291,-0.644921422545075,-0.06621904761904762,Stable,40,DEXCHUS
2026-01-30,6.951,1.4259883223902778,-0.6020219931074933,-0.06539047619047622,Stable,40,DEXCHUS
2026-02-02,6.9463,1.4222555955791563,-0.5924696251985662,-0.06450952380952302,Stable,40,DEXCHUS
2026-02-03,6.9377,1.4541865653102088,-0.7198053806525495,-0.06401904761904564,Stable,40,DEXCHUS
2026-02-04,6.9415,1.4810612931318075,-0.5999942721310547,-0.06315079365079423,Stable,40,DEXCHUS
2026-02-05,6.9378,1.2559681108750362,-0.8389909240334448,-0.06306507936508066,Stable,40,DEXCHUS
2026-02-06,6.9388,1.1503277233036866,-0.6400801890169783,-0.06232857142857107,Stable,40,DEXCHUS
2026-02-09,6.92,1.4095867498084682,-0.8198131055437652,-0.06200476190476234,Stable,40,DEXCHUS
2026-02-10,6.9106,1.4478630980239195,-0.8963015014842757,-0.06205396825396825,Stable,40,DEXCHUS
2026-02-11,6.9125,1.4200277792256297,-0.9315657470440719,-0.06218571428571451,Stable,40,DEXCHUS
2026-02-12,6.901,1.480637843199394,-1.032554137387065,-0.062336507936508134,Stable,40,DEXCHUS
2026-02-13,6.908,1.556152292840676,-0.8326155612977337,-0.06193333333333406,Trending,80,DEXCHUS
2026-02-16,6.908,1.542532969315389,-0.862501973278218,-0.06157936507936412,Trending,80,DEXCHUS
2026-02-17,6.9031,1.5382284365815964,-0.9328224336619617,-0.06139365079364989,Trending,80,DEXCHUS
2026-02-18,6.9031,1.521687429452429,-0.8161036796505705,-0.06086825396825368,Trending,80,DEXCHUS
2026-02-19,6.9031,1.4908270241350483,-0.8702270344787988,-0.06059682539682498,Trending,80,DEXCHUS
2026-02-20,6.9031,1.421180943260941,-0.9598278335724464,-0.06090317460317429,Trending,80,DEXCHUS
2026-02-23,6.9031,1.415925510190959,-0.8616851689620897,-0.061019047619048195,Trending,80,DEXCHUS
2026-02-24,6.883,1.6376154443041677,-1.0238417071697703,-0.06134920634920693,Trending,80,DEXCHUS
2026-02-25,6.8692,1.7059520887431092,-1.2265439643396436,-0.06214285714285683,Trending,80,DEXCHUS
2026-02-26,6.8409,2.09408187508078,-1.5159367711842453,-0.06349365079365032,Trending,80,DEXCHUS
2026-02-27,6.8579,2.352128846418716,-1.296776050662063,-0.06441746031745943,Trending,80,DEXCHUS
2026-03-02,6.8821,2.7394479333417885,-0.991224284275638,-0.06481746031746027,Stable,40,DEXCHUS
2026-03-03,6.8996,2.9296872556222957,-0.6723003613434475,-0.06431428571428555,Stable,40,DEXCHUS
2026-03-04,6.8969,2.9108609389076063,-0.5880911541289002,-0.06351587301587269,Stable,40,DEXCHUS
2026-03-05,6.8912,2.900576836951458,-0.7246272419505706,-0.0630571428571427,Stable,40,DEXCHUS
2026-03-06,6.8965,2.9248934345656177,-0.5952895730635177,-0.06237619047618992,Stable,40,DEXCHUS
2026-03-09,6.9066,2.984328785762513,-0.4640571856805109,-0.06141111111111197,Stable,40,DEXCHUS
2026-03-10,6.8766,3.2018793907254794,-0.6271676300578011,-0.06059999999999999,Trending,80,DEXCHUS
2026-03-11,6.8655,3.2137608739025083,-0.6526206118137257,-0.059742857142857986,Trending,80,DEXCHUS
2026-03-12,6.8689,3.2197115294343415,-0.6307414104882447,-0.058992063492063096,Trending,80,DEXCHUS
2026-03-13,6.8961,3.496850951936831,-0.07100420228952631,-0.05691428571428592,Stable,40,DEXCHUS
2026-03-16,6.8955,3.4760977742892734,-0.18094962362478206,-0.055166666666666586,Stable,40,DEXCHUS
2026-03-17,6.8863,3.5026617971635816,-0.31412854661262424,-0.05375396825396894,Trending,80,DEXCHUS
2026-03-18,6.8726,3.556196384638909,-0.4418304819573837,-0.052534920634919935,Trending,80,DEXCHUS
2026-03-19,6.8998,3.838499659274409,-0.04780460952326093,-0.05051904761904691,Stable,40,DEXCHUS
2026-03-20,6.8857,3.9019114933333467,-0.2520606683953597,-0.04908888888888985,Stable,40,DEXCHUS
2026-03-23,6.8807,3.907265466859674,-0.32449189494575537,-0.0480365079365086,Stable,40,DEXCHUS
2026-03-24,6.8918,3.9548397687608627,-0.16369457200389181,-0.04663174603174536,Stable,40,DEXCHUS
2026-03-25,6.9011,3.8436434965225983,0.2629667296237148,-0.04409999999999936,Trending,80,DEXCHUS
2026-03-26,6.9107,3.7858035836417567,0.6041460432073542,-0.04061746031745983,Trending,80,DEXCHUS
2026-03-27,6.9116,3.431810304633365,1.0334897455013259,-0.035909523809524835,Trending,80,DEXCHUS
2026-03-30,6.9119,3.356542376410111,0.7874130564750281,-0.03204920634920683,Trending,80,DEXCHUS
2026-03-31,6.898,3.2476604175801214,0.2310341320236553,-0.029782539682538633,Trending,80,DEXCHUS
2026-04-01,6.872,3.385495625906682,-0.4000231897501427,-0.02926031746031832,Trending,80,DEXCHUS
2026-04-02,6.8856,3.4662336353901853,-0.16384172599283042,-0.02817301587301646,Trending,80,DEXCHUS
2026-04-03,6.8824,3.458620014112659,-0.12769909449734662,-0.026988888888888063,Trending,80,DEXCHUS
2026-04-06,6.8778,3.4511141565823094,-0.271152033640254,-0.025995238095238626,Trending,80,DEXCHUS
2026-04-07,6.8567,3.543651352335316,-0.7224973214027153,-0.026358730158730914,Trending,80,DEXCHUS
2026-04-08,6.8287,3.507616533031874,-0.6965651630165937,-0.026282539682538797,Trending,80,DEXCHUS
2026-04-09,6.8314,3.4839489568662083,-0.49668633020172326,-0.025657142857142823,Trending,80,DEXCHUS
2026-04-10,6.8278,3.4749446469840075,-0.598349080638827,-0.025238095238096392,Trending,80,DEXCHUS
2026-04-13,6.8303,3.127647084290169,-0.9541624976435847,-0.026106349206349577,Stable,40,DEXCHUS
2026-04-14,6.8157,3.177545072507957,-1.157276484663916,-0.027520634920635167,Stable,40,DEXCHUS
2026-04-15,6.818,3.178476954954986,-0.9918243468916677,-0.0283904761904763,Stable,40,DEXCHUS
2026-04-16,6.8208,3.142700484235371,-0.7537176614381802,-0.028519047619048443,Stable,40,DEXCHUS
2026-04-17,6.817,2.7225058009710583,-1.20003478361691,-0.03019365079365155,Stable,40,DEXCHUS
2026-04-20,6.8172,2.6757565587520316,-0.994815341940547,-0.031130158730158897,Stable,40,DEXCHUS
2026-04-21,6.8208,2.6960982317019515,-0.8705509613847418,-0.03161428571428537,Stable,40,DEXCHUS
2026-04-22,6.8275,2.644666453566291,-0.9329928320612968,-0.03252380952380918,Stable,40,DEXCHUS
2026-04-23,6.826,2.565187720733348,-1.0882323107910374,-0.034065079365078965,Stable,40,DEXCHUS
2026-04-24,6.8359,2.5708249355348984,-1.0823794984589186,-0.03574444444444502,Stable,40,DEXCHUS
2024-05-27,18.4281,9.568432152321412,-2.025094369716629,-0.30525396825396456,Trending,80,DEXSFUS
2024-05-28,18.2764,9.427476095111013,-1.8932745006468465,-0.3075730158730181,Trending,80,DEXSFUS
2024-05-29,18.4034,9.090094031384114,-2.1538134354148197,-0.3155428571428551,Trending,80,DEXSFUS
2024-05-30,18.6122,9.433473601125376,-0.043500910296823125,-0.3094412698412725,Trending,80,DEXSFUS
2024-05-31,18.8402,10.33114763110823,1.2821408795970157,-0.29603333333333737,Trending,80,DEXSFUS
2024-06-03,18.5016,12.03684884590858,-0.004864207539534426,-0.29142222222222003,Trending,80,DEXSFUS
2024-06-04,18.6927,12.522490621236784,1.2336920319091726,-0.2806412698412686,Trending,80,DEXSFUS
2024-06-05,18.9477,13.308935424646423,2.5796916280479865,-0.26135396825397095,Trending,80,DEXSFUS
2024-06-06,18.9073,13.265092486774268,1.8032133703775655,-0.24951428571428735,Trending,80,DEXSFUS
2024-06-07,18.8771,13.145819779427326,2.116207487869115,-0.2343412698412699,Trending,80,DEXSFUS
2024-06-10,18.739,13.413782229602111,1.6170665047069654,-0.22302222222222312,Trending,80,DEXSFUS
2024-06-11,18.6441,13.360081358423137,1.7091452637091775,-0.20668730158730142,Stable,40,DEXSFUS
2024-06-12,18.3658,14.331780506983282,-0.2964105014006235,-0.203161904761906,Trending,80,DEXSFUS
2024-06-13,18.4667,14.29533573144702,0.8448012232415758,-0.18792539682539555,Stable,40,DEXSFUS
2024-06-14,18.4008,14.18287892679347,1.0894107952204246,-0.1703492063492078,Stable,40,DEXSFUS
2024-06-17,18.2619,14.450249764083365,0.44331263441008684,-0.15783650793651205,Stable,40,DEXSFUS
2024-06-18,18.0691,14.926703109810624,-0.6553663618919958,-0.15115079365079254,Stable,40,DEXSFUS
2024-06-19,18.0691,14.759306982926319,-0.015493666963628527,-0.13691746031745922,Stable,40,DEXSFUS
2024-06-20,18.0615,14.354882724879097,-0.9949021542509429,-0.1319460317460326,Stable,40,DEXSFUS
2024-06-21,17.9548,13.90843443794071,-2.592674974366216,-0.13819365079365298,Trending,80,DEXSFUS
2024-06-24,18.1403,14.472385840322493,-1.5617453779825374,-0.14015714285714154,Stable,40,DEXSFUS
2024-06-25,18.2047,14.54638201680769,-1.2122790738057776,-0.13916666666666444,Stable,40,DEXSFUS
2024-06-26,18.2193,14.278685393211346,-0.3124247663653601,-0.13119841269841004,Stable,40,DEXSFUS
2024-06-27,18.4702,14.88631638237536,0.362976406533555,-0.11948730158730214,Stable,40,DEXSFUS
2024-06-28,18.2283,14.991045968234552,-2.062625589667,-0.128993650793646,Stable,40,DEXSFUS
2024-07-01,18.3154,14.372807654317606,-2.7855330622817087,-0.14825714285714398,Stable,40,DEXSFUS
2024-07-02,18.6118,14.251781716478689,0.5956241622346203,-0.14223968253968522,Stable,40,DEXSFUS
2024-07-03,18.3525,14.579427666868058,-1.8199618032707976,-0.1537222222222212,Stable,40,DEXSFUS
2024-07-04,18.3525,13.60616163598679,-3.14127836096203,-0.177819047619046,Stable,40,DEXSFUS
2024-07-05,18.1935,13.831637617541467,-3.7752614069697876,-0.207125396825397,Stable,40,DEXSFUS
2024-07-08,18.1194,13.853751955349312,-4.013858060825015,-0.23296666666666965,Stable,40,DEXSFUS
2024-07-09,18.1403,13.747807003301196,-3.1949410320721516,-0.2519253968253956,Stable,40,DEXSFUS
2024-07-10,18.126,13.688156731320772,-2.7788952000901146,-0.26476190476190453,Stable,40,DEXSFUS
2024-07-11,18.0001,12.946572177431568,-1.9912010367095334,-0.2667777777777758,Stable,40,DEXSFUS
2024-07-12,18.0051,12.745210716745092,-2.4996344771940904,-0.27266984126984184,Stable,40,DEXSFUS
2024-07-15,18.1849,13.27812539898041,-1.1733185513673416,-0.2691269841269843,Stable,40,DEXSFUS
2024-07-16,18.0947,13.135203917823974,-0.915567383459559,-0.2604603174603177,Stable,40,DEXSFUS
2024-07-17,18.2536,12.95907045234259,1.0210801866169295,-0.23808253968253723,Stable,40,DEXSFUS
2024-07-18,18.1746,13.067039221009205,0.5838697002064519,-0.21765714285713855,Stable,40,DEXSFUS
2024-07-19,18.2511,13.132703142720556,1.0497466987791748,-0.19475079365079395,Stable,40,DEXSFUS
2024-07-22,18.2702,12.922448053060112,1.7566333236794573,-0.16435079365079375,Stable,40,DEXSFUS
2024-07-23,18.3808,12.60858036572579,1.3257774127219513,-0.14252539682539833,Stable,40,DEXSFUS
2024-07-24,18.3167,12.640780123296755,0.6152257384082205,-0.1293777777777798,Stable,40,DEXSFUS
2024-07-25,18.3221,12.639575845046751,0.5642368257836372,-0.1196095238095225,Stable,40,DEXSFUS
2024-07-26,18.2605,11.69674817446145,-1.1353423352210457,-0.12089682539683011,Stable,40,DEXSFUS
2024-07-29,18.4617,11.408577238616585,1.280426589424133,-0.10726507936507801,Stable,40,DEXSFUS
2024-07-30,18.3542,11.513524614820327,0.21184358517967183,-0.10148888888889118,Stable,40,DEXSFUS
2024-07-31,18.2081,10.237884207436625,-2.1690540409847414,-0.11603968253968233,Stable,40,DEXSFUS
2024-08-01,18.1732,9.11342007687867,-0.9769786132679315,-0.1199476190476183,Stable,40,DEXSFUS
2024-08-02,18.2484,9.250957256348572,-0.567225173682051,-0.12136825396825301,Stable,40,DEXSFUS
2024-08-05,18.5369,10.27583382033261,1.887487289416545,-0.10445238095237741,Stable,40,DEXSFUS
2024-08-06,18.4788,10.223489117183927,1.9835093877280663,-0.08722539682539576,Stable,40,DEXSFUS
2024-08-07,18.3697,10.49497546271551,1.2645876859809446,-0.07517301587301617,Stable,40,DEXSFUS
2024-08-08,18.3533,10.496803277547556,1.2539997793225233,-0.06470634920634666,Stable,40,DEXSFUS
2024-08-09,18.3118,10.192711542924194,1.7316570463497438,-0.048139682539680706,Stable,40,DEXSFUS
2024-08-12,18.2242,10.376876239914868,1.2168774402808058,-0.03631269841269713,Stable,40,DEXSFUS
2024-08-13,18.1617,9.875880435305739,-0.12757837546535367,-0.03676984126984095,Stable,40,DEXSFUS
2024-08-14,18.0694,9.883620055341067,-0.13981994727736424,-0.036198412698411175,Stable,40,DEXSFUS
2024-08-15,17.9853,9.457921891696612,-1.4698470438707978,-0.045752380952382765,Stable,40,DEXSFUS
2024-08-16,17.8842,9.530966905354337,-1.5978343402330841,-0.05660158730158926,Stable,40,DEXSFUS
2024-08-19,17.7142,9.811853962469016,-2.941740497833001,-0.0737746031746056,Stable,40,DEXSFUS
2024-08-20,17.8594,10.335420008437405,-2.24847018642379,-0.08423650793650594,Stable,40,DEXSFUS
2024-08-21,17.8592,10.017955937955456,-2.8377437325905253,-0.10004444444444616,Stable,40,DEXSFUS
2024-08-22,18.0258,10.638119266137313,-1.58816817439823,-0.10751111111110845,Stable,40,DEXSFUS
2024-08-23,17.73,11.928774505842334,-3.231616463178344,-0.12703333333332623,Stable,40,DEXSFUS
2024-08-26,17.7007,11.910490400445127,-3.0656334711535838,-0.14253650793650863,Stable,40,DEXSFUS
2024-08-27,17.7403,11.113581962816676,-3.9075491422783326,-0.16304920634920705,Trending,80,DEXSFUS
2024-08-28,17.7987,11.153859550993582,-3.026555229865635,-0.17296984126984327,Stable,40,DEXSFUS
2024-08-29,17.7537,10.909763319633594,-2.49559262086656,-0.1827365079365073,Stable,40,DEXSFUS
2024-08-30,17.791,10.964228934145302,-2.1030968679153994,-0.18662380952380886,Stable,40,DEXSFUS
2024-09-02,17.791,10.813088610262996,-2.506521119659799,-0.19004444444444601,Stable,40,DEXSFUS
2024-09-03,17.9626,9.750987977149471,-3.0981447814898977,-0.20239682539682136,Stable,40,DEXSFUS
2024-09-04,17.8623,9.839880755195002,-3.3362556010130495,-0.21564603174602937,Stable,40,DEXSFUS
2024-09-05,17.722,9.969813547450858,-3.525914957783749,-0.23034603174603063,Stable,40,DEXSFUS
2024-09-06,17.8718,10.5713370014993,-2.6235063993941155,-0.24101587301587557,Stable,40,DEXSFUS
2024-09-09,17.87,10.571636577293756,-2.4126519512008726,-0.25418412698412496,Stable,40,DEXSFUS
2024-09-10,17.9421,10.62997937817621,-1.547941747785908,-0.2592904761904755,Stable,40,DEXSFUS
2024-09-11,17.9033,10.598319841871469,-1.4227742997626747,-0.2636984126984139,Stable,40,DEXSFUS
2024-09-12,17.8525,10.508477932088955,-1.2003718994543444,-0.26752857142857067,Stable,40,DEXSFUS
2024-09-13,17.7048,10.758221072579229,-1.5596070123934491,-0.27510317460317424,Stable,40,DEXSFUS
2024-09-16,17.6415,10.663859549342106,-1.3570637769651395,-0.27987301587301516,Stable,40,DEXSFUS
2024-09-17,17.6403,10.163408272216584,-0.41717943796503176,-0.27670634920634996,Stable,40,DEXSFUS
2024-09-18,17.5604,9.791158694583341,-1.6741883825884374,-0.28468412698413204,Stable,40,DEXSFUS
2024-09-19,17.4771,9.88083405648882,-2.139513528041581,-0.29235238095238003,Stable,40,DEXSFUS
2024-09-20,17.49,9.170811012452942,-2.972406217754564,-0.3065222222222239,Stable,40,DEXSFUS
2024-09-23,17.3138,8.06153768065736,-2.347433728144388,-0.31196825396825645,Stable,40,DEXSFUS
2024-09-24,17.3316,8.09257317674668,-2.0852282678086143,-0.31147142857142995,Stable,40,DEXSFUS
2024-09-25,17.2318,8.164405420897388,-2.8663551349188077,-0.3198682539682558,Stable,40,DEXSFUS
2024-09-26,17.1564,8.043757295695277,-3.6086905223415178,-0.3320571428571384,Stable,40,DEXSFUS
2024-09-27,17.0992,8.058580721271753,-3.686555478576292,-0.33921428571428436,Stable,40,DEXSFUS
2024-09-30,17.2618,8.874806533235247,-2.974537687594847,-0.3471015873015908,Stable,40,DEXSFUS
2024-10-01,17.3832,9.339046971781775,-2.2921701984149334,-0.35113492063491947,Stable,40,DEXSFUS
2024-10-02,17.3123,8.52654024487412,-3.6202999565764338,-0.36811428571428806,Stable,40,DEXSFUS
2024-10-03,17.5116,9.550769188692117,-1.9633529836583175,-0.37516666666666865,Stable,40,DEXSFUS
2024-10-04,17.4719,9.230856674258574,-1.4112402663356227,-0.37646666666666917,Stable,40,DEXSFUS
2024-10-07,17.3975,8.683645466457461,-2.653901677503101,-0.387488888888889,Stable,40,DEXSFUS
2024-10-08,17.5579,9.410984111606634,-1.7465025181869098,-0.39533174603174714,Stable,40,DEXSFUS
2024-10-09,17.6388,9.45024819269777,-1.6904375741970012,-0.40396031746031724,Stable,40,DEXSFUS
2024-10-10,17.5276,9.632930319358747,-2.0984958080354055,-0.4114174603174554,Stable,40,DEXSFUS
2024-10-11,17.3978,9.870249585286706,-2.5469822153759925,-0.422007936507935,Stable,40,DEXSFUS
2024-10-14,17.3978,9.5345775734957,-1.733993041435078,-0.42304285714285683,Stable,40,DEXSFUS
2024-10-15,17.6198,10.562627670590432,-0.12300541337187942,-0.41526984126984345,Stable,40,DEXSFUS
2024-10-16,17.6468,10.576586173481134,0.036847445905108245,-0.4053682539682555,Trending,80,DEXSFUS
2024-10-17,17.6858,10.46692471274132,0.7141067401653656,-0.39012063492063476,Trending,80,DEXSFUS
2024-10-18,17.5919,10.503448472702539,0.6568595476366124,-0.37213174603174437,Trending,80,DEXSFUS
2024-10-21,17.6513,10.55591795941771,0.9222412807318614,-0.35388888888888914,Trending,80,DEXSFUS
2024-10-22,17.5267,10.223262313154292,1.2296549573172832,-0.33112539682539577,Trending,80,DEXSFUS
2024-10-23,17.8501,11.95061174997811,2.991645318377989,-0.2999206349206318,Trending,80,DEXSFUS
2024-10-24,17.6862,12.264870295574255,2.636985108926515,-0.2659730158730227,Trending,80,DEXSFUS
2024-10-25,17.6625,12.133227839345516,2.9499195635448006,-0.23089365079364654,Trending,80,DEXSFUS
2024-10-28,17.7092,12.014670794403617,3.567418358753627,-0.19392698412698195,Trending,80,DEXSFUS
2024-10-29,17.6824,11.714695528590932,2.436594097950384,-0.16610793650794164,Trending,80,DEXSFUS
2024-10-30,17.6784,11.525525460290122,1.6981913571724405,-0.14300317460317302,Stable,40,DEXSFUS
2024-10-31,17.675,11.394982015823588,2.0950422531957003,-0.1120507936507984,Stable,40,DEXSFUS
2024-11-01,17.5778,10.934383147020707,0.3780351309988772,-0.09459682539682746,Stable,40,DEXSFUS
2024-11-04,17.5526,10.91446196902991,0.4618845117016379,-0.07778412698412751,Stable,40,DEXSFUS
2024-11-05,17.4283,11.103320693308524,0.17703693059347714,-0.061634920634919155,Stable,40,DEXSFUS
2024-11-06,17.6243,11.332678215081208,0.3781773446710712,-0.04756031746032008,Stable,40,DEXSFUS
2024-11-07,17.3211,12.700872522455006,-1.8011429348935182,-0.04835396825396643,Stable,40,DEXSFUS
2024-11-08,17.5749,13.606237268690064,0.26986010634655333,-0.03678730158729948,Stable,40,DEXSFUS
2024-11-11,17.5749,13.32614191700086,1.0179447976180755,-0.020504761904764024,Stable,40,DEXSFUS
2024-11-12,18.1704,17.633845612899268,4.440791364425389,0.013347619047621606,Stable,40,DEXSFUS
2024-11-13,18.2508,17.23251637568024,3.5811984244997097,0.037576190476190874,Stable,40,DEXSFUS
2024-11-14,18.2145,17.280773719072485,3.2170138495364764,0.05666825396825459,Stable,40,DEXSFUS
2024-11-15,18.2405,17.279218197310172,3.136414524646902,0.07703333333333617,Stable,40,DEXSFUS
2024-11-18,17.9721,18.038577387875506,2.1612219260000565,0.09334603174603373,Stable,40,DEXSFUS
2024-11-19,18.0528,18.060558680208143,2.274619999660099,0.1120365079365051,Stable,40,DEXSFUS
2024-11-20,18.0953,17.815306498870473,3.2441931453154327,0.1333142857142846,Stable,40,DEXSFUS
2024-11-21,18.1114,16.725180072721184,1.463857345336983,0.13923809523809894,Stable,40,DEXSFUS
2024-11-22,18.106,16.339500332685255,2.3736020173920958,0.15342380952381163,Stable,40,DEXSFUS
2024-11-25,18.09,16.331438362548408,2.420382165605095,0.16915714285714145,Stable,40,DEXSFUS
2024-11-26,18.1857,16.38676774335939,2.6906918437874294,0.1849904761904746,Stable,40,DEXSFUS
2024-11-27,18.211,16.354449837608843,2.9894132018277952,0.20349523809523618,Stable,40,DEXSFUS
2024-11-28,18.211,16.351709504775947,3.0127160829034327,0.22219047619047672,Stable,40,DEXSFUS
2024-11-29,18.0405,16.771944352883743,2.067892503536073,0.23835873015872977,Stable,40,DEXSFUS
2024-12-02,18.2043,16.81735706351035,3.5641547861507084,0.2627634920634918,Stable,40,DEXSFUS
2024-12-03,18.0848,17.031224340514385,3.0320294429315275,0.2823476190476164,Stable,40,DEXSFUS
2024-12-04,18.0795,16.761569751869875,3.736451633263127,0.31006031746031937,Stable,40,DEXSFUS
2024-12-05,18.0432,16.44638883699996,2.376831987653394,0.3272587301587322,Stable,40,DEXSFUS
2024-12-06,18.0064,15.09525238515413,3.9564461841337994,0.3588714285714296,Stable,40,DEXSFUS
2024-12-09,17.7605,15.264374750310584,1.0560515280314542,0.3699761904761907,Stable,40,DEXSFUS
2024-12-10,17.8417,15.325886562404875,1.5180740715452057,0.3828523809523823,Stable,40,DEXSFUS
2024-12-11,17.7029,9.768826824807334,-2.572865759697096,0.36062063492063956,Stable,40,DEXSFUS
2024-12-12,17.7552,9.674547889777699,-2.715497402853595,0.33521587301587275,Stable,40,DEXSFUS
2024-12-13,17.8699,10.033944710971552,-1.8918993109884985,0.3151619047619043,Stable,40,DEXSFUS
2024-12-16,17.8355,10.003544072226763,-2.2203338724267496,0.2915095238095269,Stable,40,DEXSFUS
2024-12-17,18.1224,10.384998927644338,0.8362962592017409,0.2884238095238061,Stable,40,DEXSFUS
2024-12-18,18.0932,10.298187140450368,0.22378799964546392,0.2807730158730166,Stable,40,DEXSFUS
2024-12-19,18.423,12.049921561206288,1.810967488795412,0.278771428571428,Trending,80,DEXSFUS
2024-12-20,18.3194,12.258834763269403,1.1484479388672364,0.27299682539682735,Stable,40,DEXSFUS
2024-12-23,18.5472,12.920601762188817,2.4367612945984662,0.2731269841269821,Trending,80,DEXSFUS
2024-12-24,18.6712,13.033942920933136,3.212824765063571,0.2767587301587291,Trending,80,DEXSFUS
2024-12-25,18.6712,12.970780676488916,2.669680023315002,0.27492539682539885,Trending,80,DEXSFUS
2024-12-26,18.8764,13.39962251848726,3.653835593871846,0.2809825396825403,Trending,80,DEXSFUS
2024-12-27,18.6502,14.214379568624727,2.4117291746746705,0.28178571428571075,Trending,80,DEXSFUS
2024-12-30,18.8154,13.910779874523357,4.2953354951359435,0.2948269841269848,Trending,80,DEXSFUS
2024-12-31,18.8792,13.685877165596649,3.707365842136201,0.305257142857144,Trending,80,DEXSFUS
2025-01-01,18.8792,13.367376581777718,4.392639122356901,0.3207476190476193,Stable,40,DEXSFUS
2025-01-02,18.7025,13.927642044604063,3.4458917558560787,0.32969999999999544,Trending,80,DEXSFUS
2025-01-03,18.7892,13.897838606196375,4.1345215926221535,0.34567936507936636,Trending,80,DEXSFUS
2025-01-06,18.5663,14.650941643068322,3.109449973342815,0.35761904761904617,Trending,80,DEXSFUS
2025-01-07,18.685,13.649650008771836,5.2053714703977905,0.38327142857142604,Trending,80,DEXSFUS
2025-01-08,18.8691,13.873622257565138,5.758419881513532,0.40884126984126823,Trending,80,DEXSFUS
2025-01-09,18.9276,13.339181205102177,6.9180755695394724,0.4428777777777775,Trending,80,DEXSFUS
2025-01-10,19.115,13.537068963309634,7.658601423808231,0.4838968253968261,Trending,80,DEXSFUS
2025-01-13,19.0666,13.651805961412,6.696735851907398,0.5183460317460344,Trending,80,DEXSFUS
2025-01-14,18.9298,14.012928292717222,6.135516245689776,0.5507095238095232,Trending,80,DEXSFUS
2025-01-15,18.7891,13.581230363335878,3.6788725555114254,0.5634539682539703,Trending,80,DEXSFUS
2025-01-16,18.8121,13.528048646817616,3.9733159419008235,0.5792619047618999,Trending,80,DEXSFUS
2025-01-17,18.7297,12.299272604998972,1.6647668675025873,0.5747714285714274,Trending,80,DEXSFUS
2025-01-20,18.7297,12.080679214700977,2.2397021736519696,0.5803476190476182,Trending,80,DEXSFUS
2025-01-21,18.5033,12.163634200788923,-0.23669340924775684,0.5652873015873006,Trending,80,DEXSFUS
2025-01-22,18.4884,11.912469224617022,-0.9790479454989565,0.5434730158730154,Trending,80,DEXSFUS
2025-01-23,18.4882,11.912419291257457,-0.9801191139294785,0.5223936507936457,Trending,80,DEXSFUS
2025-01-24,18.3869,11.269757934502268,-2.5931851412345552,0.4879015873015895,Stable,40,DEXSFUS
2025-01-27,18.7281,12.495764129386114,0.41768989072503704,0.47494920634920845,Trending,80,DEXSFUS
2025-01-28,18.7017,12.102301879392964,-0.6042922287062824,0.45323809523809544,Trending,80,DEXSFUS
2025-01-29,18.5868,12.190182672737295,-1.5487944404423915,0.4232984126984114,Stable,40,DEXSFUS
2025-01-30,18.4681,12.34277028210422,-2.1775287088436013,0.3891904761904783,Stable,40,DEXSFUS
2025-01-31,18.6424,12.459416612145274,-0.3213474134474148,0.36705714285714564,Stable,40,DEXSFUS
2025-02-03,18.8044,12.730754574884045,0.0808975368828957,0.349049206349207,Stable,40,DEXSFUS
2025-02-04,18.6729,12.258634407194636,0.5741585560935736,0.3326682539682544,Stable,40,DEXSFUS
2025-02-05,18.5275,12.354459823947053,-0.8429221300508383,0.3100476190476158,Stable,40,DEXSFUS
2025-02-06,18.4817,11.793937405192235,-2.0530920923626406,0.27720634920635234,Stable,40,DEXSFUS
2025-02-07,18.4199,11.725386158971014,-2.682326338257379,0.24906984126984,Stable,40,DEXSFUS
2025-02-10,18.4596,11.085282286903258,-3.428720899816895,0.21454603174603548,Stable,40,DEXSFUS
2025-02-11,18.4715,11.107557716001459,-3.121164759317352,0.18212857142857075,Stable,40,DEXSFUS
2025-02-12,18.5101,10.972472879135816,-2.2171391139895746,0.15786349206349115,Stable,40,DEXSFUS
2025-02-13,18.5481,10.76670756255775,-1.2826585626772968,0.13724444444444472,Stable,40,DEXSFUS
2025-02-14,18.3533,11.271843689839894,-2.4388558427820395,0.11062698412699135,Stable,40,DEXSFUS
2025-02-17,18.3533,11.215728229722494,-2.0096424395478873,0.08860793650793752,Stable,40,DEXSFUS
2025-02-18,18.3923,11.262288545152305,-1.8014170008062158,0.06808253968253908,Stable,40,DEXSFUS
2025-02-19,18.5782,11.092849588749537,0.4047926586068451,0.06415396825396869,Stable,40,DEXSFUS
2025-02-20,18.3474,11.926316293091608,-0.7626403582786989,0.05335396825397254,Stable,40,DEXSFUS
2025-02-21,18.3168,11.934404370452535,-0.9270778117934642,0.043111111111112876,Stable,40,DEXSFUS
2025-02-24,18.3472,11.808389267409785,-0.21591459136668378,0.0390587301587324,Stable,40,DEXSFUS
2025-02-25,18.4225,9.830556235851153,-1.6317725770366498,0.02114920634920381,Stable,40,DEXSFUS
2025-02-26,18.3772,9.845936088876295,-1.7351363779763318,0.0003523809523819921,Stable,40,DEXSFUS
2025-02-27,18.4586,9.806057610771013,-0.6897368024619599,-0.009788888888884628,Stable,40,DEXSFUS
2025-02-28,18.6012,9.922307748515987,0.7207021837655203,-0.011647619047618463,Stable,40,DEXSFUS
2025-03-03,18.5825,9.362209199398345,-0.32131056087199017,-0.02248412698412494,Stable,40,DEXSFUS
2025-03-04,18.5699,8.794600862465796,-1.2470485631022599,-0.04201111111111189,Stable,40,DEXSFUS
2025-03-05,18.3507,9.375189102751332,-1.7254952364121223,-0.0628190476190511,Stable,40,DEXSFUS
2025-03-06,18.1382,9.812648949129892,-2.1012009175549795,-0.08735238095237818,Stable,40,DEXSFUS
2025-03-07,18.2291,10.010908345802958,-1.3667573870369099,-0.10553015873016136,Stable,40,DEXSFUS
2025-03-10,18.2912,10.05387421011172,-0.6987008615681911,-0.12099682539682988,Stable,40,DEXSFUS
2025-03-11,18.1873,10.17697982819628,-1.4751132202214468,-0.1408222222222193,Stable,40,DEXSFUS
2025-03-12,18.338,10.636893963620613,-0.7227350242264952,-0.1546095238095262,Stable,40,DEXSFUS
2025-03-13,18.3092,10.607776214932993,-1.085353401656397,-0.17169523809523923,Stable,40,DEXSFUS
2025-03-14,18.1609,10.87966577835357,-2.087545355049847,-0.19074444444444794,Stable,40,DEXSFUS
2025-03-17,18.078,10.409226631543854,-1.5000027243057157,-0.20361269841269802,Stable,40,DEXSFUS
2025-03-18,18.1039,10.433151181813695,-1.3588836884919964,-0.21042380952380668,Stable,40,DEXSFUS
2025-03-19,18.1544,10.457775722899706,-1.2934760742267182,-0.2191333333333354,Stable,40,DEXSFUS
2025-03-20,18.1343,9.705647477495337,-2.38935957197145,-0.233717460317461,Stable,40,DEXSFUS
2025-03-21,18.2273,9.012799176672887,-0.6545886610636931,-0.23239047619047426,Stable,40,DEXSFUS
2025-03-24,18.1672,9.061562593615498,-0.8167365478686239,-0.23151428571428667,Trending,80,DEXSFUS
2025-03-25,18.2244,9.118183524929494,-0.6693119386064428,-0.22701269841269678,Stable,40,DEXSFUS
2025-03-26,18.2614,9.019621819290844,-0.8744741484597696,-0.2285126984127004,Trending,80,DEXSFUS
2025-03-27,18.2434,8.991698918233501,-0.7280760942907416,-0.22580476190476517,Trending,80,DEXSFUS
2025-03-28,18.4005,9.379109361905423,-0.3147584323838215,-0.22097301587301743,Trending,80,DEXSFUS
2025-03-31,18.3845,8.93368712889481,-1.1649786035309528,-0.22343968253968427,Trending,80,DEXSFUS
2025-04-01,18.3846,8.933954247479916,-1.0649804923987705,-0.22781746031746408,Trending,80,DEXSFUS
2025-04-02,18.7572,11.466932157766118,1.0086214788447956,-0.2183904761904749,Trending,80,DEXSFUS
2025-04-03,18.735,10.587179738039353,2.0941980414916017,-0.2027682539682516,Trending,80,DEXSFUS
2025-04-04,19.0676,11.058293181448398,5.123992457906512,-0.16458412698412772,Trending,80,DEXSFUS
2025-04-07,19.5774,13.899307149331191,7.396415621177144,-0.11162222222221985,Trending,80,DEXSFUS
2025-04-08,19.5862,13.937892124452059,7.079907277816666,-0.06040952380952547,Trending,80,DEXSFUS
2025-04-09,19.8177,13.835305872834775,8.964497204092957,0.006074603174607063,Trending,80,DEXSFUS
2025-04-10,19.5173,15.25882195815426,6.430908496019172,0.05507777777777889,Stable,40,DEXSFUS
2025-04-11,19.1672,16.84921467205647,4.686168702073279,0.0921666666666674,Stable,40,DEXSFUS
2025-04-14,18.8924,17.45883322092987,4.027884080634747,0.1253603174603164,Stable,40,DEXSFUS
2025-04-15,18.9895,17.32644178830145,5.042040048677943,0.1659492063492074,Stable,40,DEXSFUS
2025-04-16,18.7977,17.86009351501435,3.8323234220250857,0.1979079365079386,Stable,40,DEXSFUS
2025-04-17,18.7973,17.86805230193867,3.54129026572072,0.22744920634920618,Stable,40,DEXSFUS
2025-04-18,18.8387,17.838860535170678,3.884351753307258,0.2556682539682562,Stable,40,DEXSFUS
2025-04-21,18.7294,17.98898484842136,2.754659219961253,0.27575238095237964,Stable,40,DEXSFUS
2025-04-22,18.5732,18.236435214575305,2.234796776608383,0.29373650793650796,Stable,40,DEXSFUS
2025-04-23,18.6327,18.23721781040517,2.2404029762296718,0.3092777777777762,Stable,40,DEXSFUS
2025-04-24,18.8015,18.44290061772743,2.9576045648197935,0.33383174603174837,Stable,40,DEXSFUS
2025-04-25,18.7159,18.543453273246598,2.589977745376415,0.35610634920634965,Stable,40,DEXSFUS
2025-04-28,18.5482,18.66711691581892,0.802695578924495,0.3637523809523806,Stable,40,DEXSFUS
2025-04-29,18.5639,18.66133925325212,0.9758220239876048,0.3707746031745991,Stable,40,DEXSFUS
2025-04-30,18.5814,18.660856382012362,1.0704611468294045,0.38111428571428263,Stable,40,DEXSFUS
2025-05-01,18.6396,17.274849564591484,-0.626959247648895,0.3781301587301549,Stable,40,DEXSFUS
2025-05-02,18.4324,17.68085664006136,-1.615158793701621,0.3675380952380962,Stable,40,DEXSFUS
2025-05-05,18.2733,16.533312349558337,-4.165705175271139,0.3337492063492107,Stable,40,DEXSFUS
2025-05-06,18.1638,12.849458006750766,-7.220570658003633,0.2714809523809514,Stable,40,DEXSFUS
2025-05-07,18.216,12.97095957702352,-6.995741899909125,0.20946984126984347,Stable,40,DEXSFUS
2025-05-08,18.1881,11.763388349457973,-8.222952209388579,0.13617936507936435,Stable,40,DEXSFUS
2025-05-09,18.2278,11.221717723617255,-6.606958954363562,0.07864285714286012,Stable,40,DEXSFUS
2025-05-12,18.3017,10.120778575011824,-4.515526524479318,0.0407365079365114,Stable,40,DEXSFUS
2025-05-13,18.3135,9.135710872314288,-3.0641951260824363,0.01689365079365146,Stable,40,DEXSFUS
2025-05-14,18.2427,8.843334770180702,-3.9326996498064704,-0.01691269841269971,Stable,40,DEXSFUS
2025-05-15,18.031,9.032557562784586,-4.078690478090408,-0.04830634920634935,Trending,80,DEXSFUS
2025-05-16,18.0935,9.206267635959719,-3.7441547456283697,-0.07707777777777736,Trending,80,DEXSFUS
2025-05-19,18.0641,9.091391173404565,-4.111748687542127,-0.10580317460317445,Trending,80,DEXSFUS
2025-05-20,17.9317,9.187163537748164,-4.259079308466895,-0.13719047619047586,Trending,80,DEXSFUS
2025-05-21,17.8989,8.898218294515175,-3.6304998600133476,-0.16266666666666652,Trending,80,DEXSFUS
2025-05-22,17.9822,9.013277734254977,-3.4911741186194223,-0.1878492063492061,Trending,80,DEXSFUS
2025-05-23,17.8504,8.31482137008894,-5.058638938382575,-0.22405873015873112,Trending,80,DEXSFUS
2025-05-26,17.8504,8.319715761393837,-4.624410260794298,-0.256911111111112,Trending,80,DEXSFUS
2025-05-27,17.9181,8.193507807166016,-3.3970951359161616,-0.2783365079365083,Trending,80,DEXSFUS
2025-05-28,17.9618,8.272383506677578,-3.2433917441916815,-0.29685873015872843,Trending,80,DEXSFUS
2025-05-29,17.8028,8.589398398678135,-4.190211717093428,-0.32155873015873127,Stable,40,DEXSFUS
2025-05-30,18.0319,9.889438500868495,-3.260263095774596,-0.34195714285714374,Trending,80,DEXSFUS
2025-06-02,17.8711,9.648097175571394,-3.045181311169476,-0.3610730158730142,Trending,80,DEXSFUS
2025-06-03,17.89,9.318047889113208,-2.097595945997699,-0.37538571428572,Trending,80,DEXSFUS
2025-06-04,17.8027,9.25055752193089,-1.9880201279467768,-0.3858126984126997,Trending,80,DEXSFUS
2025-06-05,17.7622,9.154568124289062,-2.491216512955652,-0.3990253968253974,Stable,40,DEXSFUS
2025-06-06,17.7716,9.172547374022622,-2.289958819227955,-0.41226031746031566,Trending,80,DEXSFUS
2025-06-09,17.7056,9.135090574808764,-2.864854782255666,-0.4270888888888855,Stable,40,DEXSFUS
2025-06-10,17.7102,8.943904643496753,-3.2319402022762955,-0.44574761904761573,Stable,40,DEXSFUS
2025-06-11,17.6945,8.912274355817443,-3.3800202036748828,-0.4678206349206313,Stable,40,DEXSFUS
2025-06-12,17.7854,9.168538086124292,-2.5067561271083783,-0.4849523809523788,Stable,40,DEXSFUS
2025-06-13,17.9063,8.7414824012547,-0.6915867117741503,-0.4877539682539691,Stable,40,DEXSFUS
2025-06-16,17.7842,8.9053073762793,-1.7094536712078945,-0.4966063492063526,Stable,40,DEXSFUS
2025-06-17,17.9299,9.425712832155103,-0.7429099706046771,-0.49975238095237984,Stable,40,DEXSFUS
2025-06-18,17.9332,9.076410363164475,0.008365074142435702,-0.49501269841269746,Stable,40,DEXSFUS
2025-06-19,17.9332,9.05155068841651,0.1916318879931156,-0.4896650793650785,Stable,40,DEXSFUS
2025-06-20,17.9858,8.96180849581931,0.02001979735517523,-0.4857063492063496,Stable,40,DEXSFUS
2025-06-23,17.9993,8.554187742977312,0.8341549769192991,-0.47445555555555075,Stable,40,DEXSFUS
2025-06-24,17.7756,9.64323207422038,-0.41903822883521125,-0.47059206349206306,Stable,40,DEXSFUS
2025-06-25,17.7682,9.534236034837965,-0.8365842360518072,-0.46769365079365244,Stable,40,DEXSFUS
2025-06-26,17.7907,9.499099010416066,-0.9525771359217838,-0.4664158730158725,Stable,40,DEXSFUS
2025-06-27,17.8113,9.00187155340943,0.0477452984923632,-0.4569111111111077,Stable,40,DEXSFUS
2025-06-30,17.7172,7.866474032931016,-1.745240379549584,-0.45538888888888707,Stable,40,DEXSFUS
2025-07-01,17.6221,7.493696751796322,-1.3933109881316685,-0.44958095238095197,Stable,40,DEXSFUS
2025-07-02,17.5916,7.4755270599507355,-1.6679709334823989,-0.4403619047619074,Stable,40,DEXSFUS
2025-07-03,17.4911,7.5382649765312335,-1.750296303369725,-0.422084126984128,Stable,40,DEXSFUS
2025-07-04,17.4911,7.524491596814334,-1.5262748983797092,-0.4017380952380911,Stable,40,DEXSFUS
2025-07-07,17.735,9.079722506138927,-0.20594656643183606,-0.37042222222222065,Stable,40,DEXSFUS
2025-07-08,17.8229,9.139374845794778,0.6625022591722374,-0.33794126984127004,Stable,40,DEXSFUS
2025-07-09,17.7926,9.16645498106857,0.4652686022744046,-0.312198412698411,Stable,40,DEXSFUS
2025-07-10,17.7196,9.283093715772184,0.14185198790583886,-0.29238730158730775,Stable,40,DEXSFUS
2025-07-11,17.9208,9.936416012929335,0.7612985932281546,-0.26897619047618804,Trending,80,DEXSFUS
2025-07-14,17.9118,9.660271339130924,0.03071544651880309,-0.25465238095238263,Trending,80,DEXSFUS
2025-07-15,17.8933,9.346060546399142,0.6134658854488828,-0.23510793650793715,Stable,40,DEXSFUS
2025-07-16,17.8509,8.930230505247438,-0.44060479980367884,-0.22319047619047083,Stable,40,DEXSFUS
2025-07-17,17.8056,8.965368375167245,-0.7115294537505923,-0.21460317460317668,Trending,80,DEXSFUS
2025-07-18,17.6758,9.282140658297221,-1.4353266567037726,-0.2126158730158778,Trending,80,DEXSFUS
2025-07-21,17.68,9.196805200344857,-1.700230181587703,-0.21205555555555833,Trending,80,DEXSFUS
2025-07-22,17.5531,9.43532805285558,-2.4789852938725487,-0.21348730158729978,Stable,40,DEXSFUS
2025-07-23,17.5416,8.50177348852507,-1.316411260379402,-0.20599047619047894,Trending,80,DEXSFUS
2025-07-24,17.6247,8.702198334303326,-0.8076226066793479,-0.19816507936507932,Trending,80,DEXSFUS
2025-07-25,17.8091,9.46958974573684,0.1034248230817214,-0.18530793650793598,Stable,40,DEXSFUS
2025-07-28,17.8854,9.576338203363372,0.41602802715130505,-0.17073174603174834,Stable,40,DEXSFUS
2025-07-29,17.8835,9.367471348361342,0.9386359018355162,-0.15081111111111056,Stable,40,DEXSFUS
2025-07-30,17.9588,9.202645754480326,1.9106689895074913,-0.12726031746031552,Stable,40,DEXSFUS
2025-07-31,18.1741,9.905497911272734,3.3112394551945146,-0.09794761904762339,Trending,80,DEXSFUS
2025-08-01,18.0357,10.101723936718003,3.113583479598181,-0.06998095238095203,Trending,80,DEXSFUS
2025-08-04,17.9311,10.404065668850867,2.51556505880135,-0.044506349206351103,Trending,80,DEXSFUS
2025-08-05,17.8946,9.35862813768426,0.8999154214829552,-0.03224761904762019,Stable,40,DEXSFUS
2025-08-06,17.7573,9.610410535309343,-0.3680658029837969,-0.02790317460317482,Stable,40,DEXSFUS
2025-08-07,17.789,9.615789400730476,-0.020233130627334006,-0.01993650793651014,Stable,40,DEXSFUS
2025-08-08,17.7084,9.639959150138031,-0.06320684439828916,-0.010865079365078856,Stable,40,DEXSFUS
2025-08-11,17.7358,8.739410122711456,-1.0323199857149135,-0.011628571428566659,Stable,40,DEXSFUS
2025-08-12,17.569,9.270303852945208,-1.9138221730926053,-0.020619047619046427,Stable,40,DEXSFUS
2025-08-13,17.5122,9.305433453582458,-2.1298474848127524,-0.029539682539681422,Stable,40,DEXSFUS
2025-08-14,17.6253,9.639223106069728,-1.2638018251180605,-0.03331746031745908,Stable,40,DEXSFUS
2025-08-15,17.5905,9.626834563582182,-1.208046906591187,-0.03814444444444476,Stable,40,DEXSFUS
2025-08-18,17.6567,9.412464754545583,-0.10805734393916078,-0.0352095238095238,Stable,40,DEXSFUS
2025-08-19,17.662,9.412717782527656,-0.10180995475113086,-0.030984126984126448,Stable,40,DEXSFUS
2025-08-20,17.6918,9.059037738176954,0.7901738154514115,-0.02186190476190575,Stable,40,DEXSFUS
2025-08-21,17.7462,9.096867044695408,1.1663702284854471,-0.010465079365076235,Stable,40,DEXSFUS
2025-08-22,17.4469,10.773004791301268,-1.0088114975006723,-0.011452380952380992,Stable,40,DEXSFUS
2025-08-25,17.5833,10.469823799047873,-1.2678911343077415,-0.01619682539682543,Stable,40,DEXSFUS
2025-08-26,17.6123,10.354513088024882,-1.5269437641875494,-0.026177777777778743,Stable,40,DEXSFUS
2025-08-27,17.7122,10.587966637783866,-0.9578661895043084,-0.029260317460320096,Stable,40,DEXSFUS
2025-08-28,17.6977,10.452274848512117,-1.4538833329621026,-0.038941269841270554,Stable,40,DEXSFUS
2025-08-29,17.6519,9.39280695952208,-2.8733197242229225,-0.060028571428567545,Stable,40,DEXSFUS
2025-09-01,17.6519,9.121409657721719,-2.128001685545877,-0.07591111111111104,Stable,40,DEXSFUS
2025-09-02,17.6973,9.027815460530086,-1.303879851208245,-0.08601428571428471,Stable,40,DEXSFUS
2025-09-03,17.6535,9.037839429910694,-1.3473338325528328,-0.09562063492063544,Stable,40,DEXSFUS
2025-09-04,17.7615,8.945937500873038,0.023652244429062108,-0.09630793650793734,Stable,40,DEXSFUS
2025-09-05,17.5486,9.832883755214079,-1.3513969306875095,-0.10519047619047939,Stable,40,DEXSFUS
2025-09-08,17.49,9.78184176039963,-1.2333130039981155,-0.11234444444444236,Stable,40,DEXSFUS
2025-09-09,17.5247,9.79492750792003,-1.190247973026315,-0.11825873015873611,Stable,40,DEXSFUS
2025-09-10,17.4681,9.31344685372811,-0.5743070180431409,-0.11610793650793738,Stable,40,DEXSFUS
2025-09-11,17.3906,9.371052691371748,-0.6943730656342462,-0.11565079365079356,Stable,40,DEXSFUS
2025-09-12,17.3878,9.043004181704093,-1.3474947944148497,-0.11835555555555288,Stable,40,DEXSFUS
2025-09-15,17.3758,9.029885381779325,-1.2205451806372558,-0.11973174603174996,Stable,40,DEXSFUS
2025-09-16,17.3416,8.900744820008144,-1.7845916847429089,-0.1253460317460302,Stable,40,DEXSFUS
2025-09-17,17.3504,8.904385347975099,-1.7642396104631364,-0.1300984126984126,Stable,40,DEXSFUS
2025-09-18,17.3425,8.858817234104517,-1.9743610034027026,-0.13630634920634677,Stable,40,DEXSFUS
2025-09-19,17.3498,8.75457597349682,-2.233717640959776,-0.14842380952380907,Stable,40,DEXSFUS
2025-09-22,17.3495,6.603185866460135,-0.5582653651938219,-0.14641587301587222,Stable,40,DEXSFUS
2025-09-23,17.2387,6.237355372912965,-1.9598141418277537,-0.15406349206348935,Stable,40,DEXSFUS
2025-09-24,17.3403,6.62044082818983,-1.5443752377599873,-0.15953968253968398,Stable,40,DEXSFUS
2025-09-25,17.4359,6.60126043352985,-1.5599417350752542,-0.16823174603174706,Stable,40,DEXSFUS
2025-09-26,17.358,6.7265723451016095,-1.9194584607039378,-0.1802158730158716,Stable,40,DEXSFUS
2025-09-29,17.2564,6.921249138277032,-2.240552008565666,-0.19372857142856859,Stable,40,DEXSFUS
2025-09-30,17.2681,6.938412709474022,-2.17427019187737,-0.20846507936507663,Stable,40,DEXSFUS
2025-10-01,17.2111,6.851212828373621,-2.747311736818614,-0.22717301587302074,Trending,80,DEXSFUS
2025-10-02,17.3221,7.341091178059239,-1.8772481377630656,-0.23639999999999972,Trending,80,DEXSFUS
2025-10-03,17.2085,7.126154715597615,-3.113475776257635,-0.25298095238095186,Trending,80,DEXSFUS
2025-10-06,17.1995,6.020348785818689,-1.9893324823632597,-0.2601904761904805,Trending,80,DEXSFUS
2025-10-07,17.2092,5.9768086812277765,-1.6054888507718634,-0.2654603174603132,Trending,80,DEXSFUS
2025-10-08,17.1511,5.954705864298975,-2.1318481914098353,-0.27103333333333524,Trending,80,DEXSFUS
2025-10-09,17.1619,5.9241676417491815,-1.752909589480256,-0.27371111111110835,Trending,80,DEXSFUS
2025-10-10,17.4215,7.954038528705812,0.17768219612894764,-0.2647507936507907,Stable,40,DEXSFUS
2025-10-13,17.4215,7.953577429337145,0.19381405353180448,-0.25633015873016163,Stable,40,DEXSFUS
2025-10-14,17.3797,7.9970027766131855,0.022445009726168585,-0.2493841269841255,Stable,40,DEXSFUS
2025-10-15,17.3305,8.029580070098612,-0.06400793467730148,-0.2444317460317471,Stable,40,DEXSFUS
2025-10-16,17.308,8.03904057838896,-0.24437476945776693,-0.24054603174603173,Stable,40,DEXSFUS
2025-10-17,17.3847,8.188995597146222,0.24333285281821215,-0.2358634920634941,Stable,40,DEXSFUS
2025-10-20,17.2367,8.716608806880046,-0.6518807133223392,-0.23640952380952385,Stable,40,DEXSFUS
2025-10-21,17.372,9.162988003937452,0.12968673448803258,-0.23132698412698716,Stable,40,DEXSFUS
2025-10-22,17.3967,8.863279854984153,0.9165424306937231,-0.21725714285714304,Stable,40,DEXSFUS
2025-10-23,17.315,8.80262753477393,-0.14590289672034018,-0.20940793650793665,Stable,40,DEXSFUS
2025-10-24,17.2573,8.629238623960182,-1.024323378775971,-0.20797301587301575,Stable,40,DEXSFUS
2025-10-27,17.2429,8.508415744702615,-0.663094826592936,-0.20209047619047382,Stable,40,DEXSFUS
2025-10-28,17.1506,8.468970976418488,-0.6131058621728691,-0.19088253968254065,Stable,40,DEXSFUS
2025-10-29,17.1073,8.495982151335687,-0.9311968311510932,-0.1838031746031774,Stable,40,DEXSFUS
2025-10-30,17.2901,9.248986777351009,0.4590061065242734,-0.16986666666666395,Stable,40,DEXSFUS
2025-10-31,17.3312,9.008648102226989,0.05253404610294776,-0.1604904761904713,Stable,40,DEXSFUS
2025-11-03,17.296,8.722814072082304,0.5084696516256315,-0.14900158730158708,Stable,40,DEXSFUS
2025-11-04,17.474,9.380781407490286,1.5959766272275244,-0.130930158730159,Stable,40,DEXSFUS
2025-11-05,17.404,9.525932294938148,1.1319526764753673,-0.11682222222222549,Stable,40,DEXSFUS
2025-11-06,17.3948,9.428511104882583,1.4209001171936464,-0.09980476190476395,Stable,40,DEXSFUS
2025-11-07,17.3106,9.621284211274354,0.8664541804811909,-0.08862222222222371,Stable,40,DEXSFUS
2025-11-10,17.1616,8.500345651194225,-1.4918348018253424,-0.09543333333333237,Stable,40,DEXSFUS
2025-11-11,17.1616,8.500345651194225,-1.4918348018253424,-0.10044920634921084,Stable,40,DEXSFUS
2025-11-12,17.0961,8.550041629628998,-1.6317888110842005,-0.10610634920634965,Stable,40,DEXSFUS
2025-11-13,17.0096,8.652001709431675,-1.851648827212149,-0.11111587301587278,Stable,40,DEXSFUS
2025-11-14,17.1235,9.037411828594767,-1.0659810492257948,-0.11135396825396526,Stable,40,DEXSFUS
2025-11-17,17.0992,8.861111215481019,-1.6422486439225281,-0.11554285714285584,Stable,40,DEXSFUS
2025-11-18,17.1738,8.561566548289887,-0.3649190390271895,-0.10945238095238352,Stable,40,DEXSFUS
2025-11-19,17.2106,8.10491174130267,-0.9290812802210446,-0.11338730158730215,Stable,40,DEXSFUS
2025-11-20,17.2353,8.105297327727358,-0.9277621617893028,-0.11554920634920407,Stable,40,DEXSFUS
2025-11-21,17.3699,8.427490252644317,0.31706612763500175,-0.10908730158730506,Stable,40,DEXSFUS
2025-11-24,17.3182,8.409765414676725,0.3528941375533945,-0.0999333333333361,Stable,40,DEXSFUS
2025-11-25,17.2412,8.556507951787612,-0.009859130424694218,-0.09276825396825572,Stable,40,DEXSFUS
2025-11-26,17.0926,8.882954815143616,-0.3381805884342226,-0.08665238095238337,Stable,40,DEXSFUS
2025-11-27,17.0926,8.840738596547107,-0.0859282294692787,-0.07847460317460175,Stable,40,DEXSFUS
2025-11-28,17.1229,7.976998193106288,-0.967027374046403,-0.07731904761904573,Stable,40,DEXSFUS
2025-12-01,17.0764,7.944548332571098,-1.4701809453471215,-0.08029206349206675,Stable,40,DEXSFUS
2025-12-02,17.1427,8.08198744176747,-0.8863320999074831,-0.07776984126983777,Stable,40,DEXSFUS
2025-12-03,17.047,7.262382845262992,-2.4436305367975253,-0.09014126984126847,Stable,40,DEXSFUS
2025-12-04,16.9866,7.241329830911182,-2.3982992415536697,-0.10202698412698652,Stable,40,DEXSFUS
2025-12-05,16.964,7.238051172162582,-2.476602202957212,-0.11364126984127054,Stable,40,DEXSFUS
2025-12-08,17.0396,7.361646184561793,-1.5655147712962059,-0.11974444444444643,Stable,40,DEXSFUS
2025-12-09,17.0537,6.795024476678749,-0.6287292560134272,-0.11953492063491922,Stable,40,DEXSFUS
2025-12-10,16.9856,6.913211468257178,-1.025545403691952,-0.12153174603174577,Stable,40,DEXSFUS
2025-12-11,16.8415,7.370777150011907,-1.489228537502707,-0.12517460317460305,Stable,40,DEXSFUS
2025-12-12,16.8635,7.225229087549241,-0.8589267237324894,-0.12454285714285263,Stable,40,DEXSFUS
2025-12-15,16.7817,6.895836909180936,-1.9960872485181191,-0.1317920634920604,Stable,40,DEXSFUS
2025-12-16,16.733,6.927588083386721,-2.141620660615695,-0.1395555555555532,Stable,40,DEXSFUS
2025-12-17,16.7375,6.666945019674557,-2.5404977349217983,-0.1506126984126972,Stable,40,DEXSFUS
2025-12-18,16.7311,6.563218369735456,-2.786073698767033,-0.1636301587301574,Stable,40,DEXSFUS
2025-12-19,16.7492,6.5455345651123045,-2.820374464036024,-0.17900793650793645,Stable,40,DEXSFUS
2025-12-22,16.7171,5.633622224218689,-3.75822543595532,-0.20020158730158855,Stable,40,DEXSFUS
2025-12-23,16.6973,5.62131938088429,-3.5852455797946825,-0.2180444444444447,Stable,40,DEXSFUS
2025-12-24,16.6621,5.536742681117691,-3.3588149316752913,-0.23457460317460033,Stable,40,DEXSFUS
2025-12-25,16.6621,4.936392642931836,-2.518633794741598,-0.245641269841272,Stable,40,DEXSFUS
2025-12-26,16.6799,4.983020571770518,-2.4144951616489108,-0.2559571428571452,Stable,40,DEXSFUS
2025-12-29,16.696,4.930749793879896,-2.4931524449713582,-0.2681095238095246,Stable,40,DEXSFUS
2025-12-30,16.5832,5.274245967769421,-2.888196575390589,-0.27986666666666693,Stable,40,DEXSFUS
2025-12-31,16.5496,4.915016618199132,-3.4597817146657106,-0.2976507936507993,Stable,40,DEXSFUS
2026-01-01,16.5496,4.732228152260482,-2.917815451399064,-0.31102063492063436,Stable,40,DEXSFUS
2026-01-02,16.4833,4.761217121053505,-2.962923716341115,-0.3234650793650822,Stable,40,DEXSFUS
2026-01-05,16.3556,5.239676410087006,-3.5864182975713255,-0.33980952380952445,Stable,40,DEXSFUS
2026-01-06,16.3755,4.864248202191089,-3.8973919575576943,-0.35895079365079496,Stable,40,DEXSFUS
2026-01-07,16.4533,5.309597786702573,-3.5206436139957886,-0.37217301587301677,Stable,40,DEXSFUS
2026-01-08,16.518,5.581153276476557,-2.7529201205727216,-0.3800984126984126,Trending,80,DEXSFUS
2026-01-09,16.4812,4.955422564796905,-2.1393581331829004,-0.3829936507936509,Trending,80,DEXSFUS
2026-01-12,16.3837,5.154910096399346,-2.845198209149924,-0.3908126984127023,Stable,40,DEXSFUS
2026-01-13,16.4303,5.189048368745107,-2.093947573845334,-0.393614285714289,Trending,80,DEXSFUS
2026-01-14,16.4035,5.148940760308136,-1.9691627323253469,-0.3937301587301576,Trending,80,DEXSFUS
2026-01-15,16.3335,5.253300450676167,-2.4137415982076194,-0.398631746031743,Trending,80,DEXSFUS
2026-01-16,16.4111,5.635791761977323,-1.912605865723116,-0.39861746031746037,Trending,80,DEXSFUS
2026-01-19,16.4111,5.599885972088862,-2.0186038736178302,-0.39907301587301447,Trending,80,DEXSFUS
2026-01-20,16.3853,5.593777506096643,-1.9847940133156938,-0.4001158730158707,Trending,80,DEXSFUS
2026-01-21,16.2448,6.187422626062293,-2.7100189851053558,-0.40559206349206534,Trending,80,DEXSFUS
2026-01-22,16.1508,6.376263114106235,-3.068640807581269,-0.41260476190476325,Stable,40,DEXSFUS
2026-01-23,16.1502,6.3751929411161905,-3.0722417942516067,-0.42110158730158886,Stable,40,DEXSFUS
2026-01-26,15.9591,7.234640746613538,-4.321368833146488,-0.43719999999999715,Stable,40,DEXSFUS
2026-01-27,15.9726,7.228403970161942,-4.3327743172017374,-0.4507349206349218,Stable,40,DEXSFUS
2026-01-28,15.906,7.072193948134616,-4.083650923826532,-0.46036031746031725,Stable,40,DEXSFUS
2026-01-29,15.8167,7.183873055729154,-4.428505824914197,-0.47177936507936025,Stable,40,DEXSFUS
2026-01-30,16.0354,9.056732266407193,-3.107023734712633,-0.47343015873015304,Stable,40,DEXSFUS
2026-02-02,16.0678,9.086038543573027,-2.5207331056281257,-0.47200634920634954,Stable,40,DEXSFUS
2026-02-03,15.9194,9.234626799737757,-2.6669764484335556,-0.46935873015872787,Stable,40,DEXSFUS
2026-02-04,16.0591,9.842344635542393,-1.9321547433665986,-0.4645603174603181,Stable,40,DEXSFUS
2026-02-05,16.1822,10.101927208548886,-1.6476937757167076,-0.4619238095238103,Stable,40,DEXSFUS
2026-02-06,16.015,10.466972513459849,-3.0451628526456,-0.4676761904761868,Stable,40,DEXSFUS
2026-02-09,15.9106,10.611657843299056,-3.4621265441836746,-0.47603015873015764,Stable,40,DEXSFUS
2026-02-10,15.9588,10.611550800177447,-2.5934312762074585,-0.479584126984129,Stable,40,DEXSFUS
2026-02-11,15.87,10.604619613573774,-3.4101629306829473,-0.486368253968255,Trending,80,DEXSFUS
2026-02-12,15.937,10.79659905814445,-2.843905264120472,-0.49013492063492237,Trending,80,DEXSFUS
2026-02-13,15.9807,10.831011877861837,-2.1599779594085766,-0.4879968253968272,Trending,80,DEXSFUS
2026-02-16,15.9807,10.63548761773955,-2.622615181188348,-0.48896984126983867,Trending,80,DEXSFUS
2026-02-17,16.0498,10.803333686684763,-2.2015587011230187,-0.48735714285714593,Trending,80,DEXSFUS
2026-02-18,16.0423,10.80322359850239,-2.093339761859714,-0.48261746031746,Trending,80,DEXSFUS
2026-02-19,16.1808,10.923867844293161,-0.393972224958139,-0.46761111111111475,Trending,80,DEXSFUS
2026-02-20,16.0414,11.148896967835018,-0.6773658270797789,-0.4537761904761908,Trending,80,DEXSFUS
2026-02-23,16.0034,11.171204855470053,-0.9089670716152298,-0.44347777777777786,Trending,80,DEXSFUS
2026-02-24,15.9353,10.482198473360341,-0.14913121667261553,-0.4262412698412703,Trending,80,DEXSFUS
2026-02-25,15.8404,10.67198409787544,-0.8276673803889079,-0.41217936507936415,Volatile Breakout,160,DEXSFUS
2026-02-26,15.9692,10.967368281562571,0.3973343392430495,-0.3915952380952401,Volatile Breakout,160,DEXSFUS
2026-02-27,15.9167,10.840526052044975,0.632243135420163,-0.3673730158730155,Volatile Breakout,160,DEXSFUS
2026-03-02,16.1396,10.868446950060155,0.6498122903077164,-0.34800793650793693,Trending,80,DEXSFUS
2026-03-03,16.5394,13.781252597508123,2.935062671927713,-0.31845238095238315,Trending,80,DEXSFUS
2026-03-04,16.325,14.198336579926174,2.5478347173888416,-0.28899523809523586,Stable,40,DEXSFUS
2026-03-05,16.6306,15.243076157415135,3.5587299412793927,-0.25528888888889156,Stable,40,DEXSFUS
2026-03-06,16.5786,15.170099605818596,2.449605121676912,-0.22887142857142706,Stable,40,DEXSFUS
2026-03-09,16.5367,14.654927127711598,3.2575710271620206,-0.19690317460317175,Stable,40,DEXSFUS
2026-03-10,16.1724,16.590566420834435,1.6454439178912095,-0.17381587301587587,Stable,40,DEXSFUS
2026-03-11,16.4612,17.602637252742966,3.148106373912829,-0.14350634920634775,Stable,40,DEXSFUS
2026-03-12,16.75,18.237027469590558,5.5450535601764495,-0.10109841269841269,Stable,40,DEXSFUS
2026-03-13,16.9434,18.492003340063665,6.31486478007155,-0.05651428571428241,Stable,40,DEXSFUS
2026-03-16,16.7741,19.031333959426956,4.964738716076278,-0.019314285714290946,Stable,40,DEXSFUS
2026-03-17,16.6831,19.208714633411645,4.395301832835852,0.014895238095238739,Stable,40,DEXSFUS
2026-03-18,16.823,19.31865560347841,4.817505514087395,0.05054285714285811,Stable,40,DEXSFUS
2026-03-19,16.8888,19.29878084931952,5.27667479102123,0.08812698412697983,Stable,40,DEXSFUS
2026-03-20,17.0401,19.312080106794625,5.310615049935707,0.12360476190476177,Stable,40,DEXSFUS
2026-03-23,16.8367,19.586086578353186,4.957796701036066,0.15870476190476168,Stable,40,DEXSFUS
2026-03-24,17.069,19.89052864805965,6.658585050676735,0.2029888888888891,Stable,40,DEXSFUS
2026-03-25,16.9332,20.10426248492485,6.262197762200894,0.24648730158730459,Stable,40,DEXSFUS
2026-03-26,17.0548,19.883006176242475,7.666473068861901,0.2986206349206384,Trending,80,DEXSFUS
2026-03-27,17.0772,19.827355686908543,6.938356335946705,0.3435412698412712,Trending,80,DEXSFUS
2026-03-30,17.1465,19.68383935094723,7.726475965495361,0.392628571428574,Trending,80,DEXSFUS
2026-03-31,17.0824,19.4631919112054,5.841532627822232,0.4290666666666674,Trending,80,DEXSFUS
2026-04-01,16.7806,18.966753170970783,1.458335852570225,0.4358333333333313,Trending,80,DEXSFUS
2026-04-02,16.9049,18.414646428794594,3.552220520673832,0.45472857142857137,Trending,80,DEXSFUS
2026-04-03,17.0047,17.433614322347026,2.2494678484239916,0.46255555555555716,Trending,80,DEXSFUS
2026-04-06,16.8556,17.71393793198103,1.6708286586321952,0.46936031746032114,Trending,80,DEXSFUS
2026-04-07,16.9001,17.68025796764906,2.1975363887595467,0.4805999999999955,Trending,80,DEXSFUS
2026-04-08,16.3306,19.922971264600818,0.9782097895179476,0.4905238095238076,Stable,40,DEXSFUS
2026-04-09,16.3358,18.902234286204283,-0.7617913639346052,0.48531269841269875,Stable,40,DEXSFUS
2026-04-10,16.4284,17.91167341819454,-1.9199999999999995,0.47002857142857124,Stable,40,DEXSFUS
2026-04-13,16.5116,17.481491664021178,-2.548484955793995,0.4477507936507905,Stable,40,DEXSFUS
2026-04-14,16.3583,17.4381572217605,-2.4788215165046146,0.4275571428571432,Stable,40,DEXSFUS
2026-04-15,16.3849,17.39066570967766,-1.7874375865396752,0.41377301587301574,Trending,80,DEXSFUS
2026-04-16,16.3973,17.08093930308859,-2.53046424537835,0.39372063492063347,Trending,80,DEXSFUS
2026-04-17,16.2142,17.31343781975833,-3.9943631282269743,0.3643126984127001,Trending,80,DEXSFUS
2026-04-20,16.3701,17.36663715756248,-3.9319018080879675,0.33041904761904917,Trending,80,DEXSFUS
2026-04-21,16.4386,17.082531361206197,-2.364477599529591,0.3068936507936506,Trending,80,DEXSFUS
2026-04-22,16.4704,16.254738015421395,-3.5069424102173397,0.2733063492063508,Trending,80,DEXSFUS
2026-04-23,16.4965,16.12369021595855,-2.5789573146245193,0.24398095238095152,Volatile Breakout,160,DEXSFUS
2026-04-24,16.4929,15.84069086061094,-3.294673640265511,0.20896507936507547,Volatile Breakout,160,DEXSFUS
2024-05-27,16.6813,6.741234670495986,-2.6966331458970094,0.01577460317460222,Trending,80,DEXMXUS
2024-05-28,16.7039,6.393082301334271,-1.8208855216678255,0.006642857142857395,Trending,80,DEXMXUS
2024-05-29,16.937,8.122459760009496,-0.7454202365185458,0.0016730158730133837,Stable,40,DEXMXUS
2024-05-30,16.9232,8.084629551520674,-0.5710794105896255,-0.0023269841269808467,Stable,40,DEXMXUS
2024-05-31,16.994,7.998701802637134,0.38632846189290415,-0.00024920634920633233,Stable,40,DEXMXUS
2024-06-03,17.578,14.208972375745754,3.2057303898543887,0.01436984126984342,Trending,80,DEXMXUS
2024-06-04,17.858,14.62810565700977,5.6586358687934935,0.044211111111113865,Trending,80,DEXMXUS
2024-06-05,17.534,16.303889799385036,3.7023894014667436,0.0625,Trending,80,DEXMXUS
2024-06-06,17.5212,16.312391313127396,3.651819994202521,0.08066031746031399,Trending,80,DEXMXUS
2024-06-07,18.2662,21.4647080969434,8.34687703897028,0.12484285714285548,Trending,80,DEXMXUS
2024-06-10,18.404,21.213824139086313,9.776319713689219,0.17631904761904948,Trending,80,DEXMXUS
2024-06-11,18.435,21.22562266509251,9.686440173737143,0.22620793650793658,Trending,80,DEXMXUS
2024-06-12,18.739,21.600674046302952,11.27540052968492,0.2840857142857125,Trending,80,DEXMXUS
2024-06-13,18.5611,21.614690930339652,11.25690069591383,0.34530634920634284,Trending,80,DEXMXUS
2024-06-14,18.4519,21.88803864361902,10.59704265789172,0.4039428571428587,Trending,80,DEXMXUS
2024-06-17,18.4897,21.67443415721834,11.275141127333566,0.46588095238095306,Trending,80,DEXMXUS
2024-06-18,18.3918,21.78574111838545,11.047512090858035,0.5267746031746015,Trending,80,DEXMXUS
2024-06-19,18.3918,21.83180190316108,10.830029045593136,0.5858968253968264,Trending,80,DEXMXUS
2024-06-20,18.395,21.86468338561355,10.675908210293251,0.6436412698412681,Trending,80,DEXMXUS
2024-06-21,18.1995,22.51803094024492,8.93664142698951,0.690728571428572,Trending,80,DEXMXUS
2024-06-24,18.0039,23.033589001318173,7.928638655260678,0.730425396825396,Trending,80,DEXMXUS
2024-06-25,18.125,23.01386849066506,8.654601260093632,0.7751730158730155,Trending,80,DEXMXUS
2024-06-26,18.1658,23.002690774548757,8.751848370739769,0.8192571428571434,Trending,80,DEXMXUS
2024-06-27,18.318,22.78177286675513,8.153746236051251,0.8586380952380956,Trending,80,DEXMXUS
2024-06-28,18.261,22.85463502509653,7.905124326368518,0.8955444444444431,Trending,80,DEXMXUS
2024-07-01,18.386,22.879921682048707,8.19112627986347,0.9326714285714317,Trending,80,DEXMXUS
2024-07-02,18.2249,20.37362016766727,3.6801683923085804,0.936217460317458,Trending,80,DEXMXUS
2024-07-03,18.1141,19.870763538829927,1.4340911636241405,0.9224888888888891,Trending,80,DEXMXUS
2024-07-04,18.1141,18.65365778671465,3.308429337287566,0.9217142857142875,Volatile Breakout,160,DEXMXUS
2024-07-05,18.087,18.667678556092635,3.229230874597633,0.9212111111111092,Volatile Breakout,160,DEXMXUS
2024-07-08,17.9935,11.374646447023501,-1.4929213520053497,0.8846349206349231,Trending,80,DEXMXUS
2024-07-09,17.9441,10.987851732472608,-2.498913279721804,0.8387730158730129,Trending,80,DEXMXUS
2024-07-10,17.8331,11.067144873831774,-3.2649850827230598,0.7914539682539647,Trending,80,DEXMXUS
2024-07-11,17.8318,8.948558033026169,-4.841240194247288,0.7293206349206365,Trending,80,DEXMXUS
2024-07-12,17.653,9.003989482828288,-4.8924902080156984,0.6756238095238096,Trending,80,DEXMXUS
2024-07-15,17.766,9.397142596226045,-3.7172323717340805,0.6304460317460325,Trending,80,DEXMXUS
2024-07-16,17.659,9.398159639496665,-4.4927716512436655,0.5822841269841277,Trending,80,DEXMXUS
2024-07-17,17.7487,9.64733153968289,-3.4966669928990113,0.5430492063492061,Trending,80,DEXMXUS
2024-07-18,17.8452,9.945575113627253,-2.9719766417642735,0.5054777777777772,Trending,80,DEXMXUS
2024-07-19,17.9387,10.199236682327989,-2.4805653710247233,0.46900317460317353,Trending,80,DEXMXUS
2024-07-22,17.926,9.602306639416962,-1.50278853814666,0.4428841269841257,Trending,80,DEXMXUS
2024-07-23,18.0738,9.349735140571285,0.3882492126705772,0.43210476190476044,Trending,80,DEXMXUS
2024-07-24,18.3789,10.792997034649195,1.4008275862068986,0.4245873015873016,Trending,80,DEXMXUS
2024-07-25,18.3491,10.805539622047524,1.0090389633266916,0.4121190476190506,Trending,80,DEXMXUS
2024-07-26,18.396,10.453158270247481,0.42581067802160977,0.3946936507936556,Trending,80,DEXMXUS
2024-07-29,18.6591,11.446560572491531,2.180055856743879,0.38763968253968173,Trending,80,DEXMXUS
2024-07-30,18.7983,11.487684778321855,2.2424670945284664,0.377595238095239,Trending,80,DEXMXUS
2024-07-31,18.5975,11.712008392598497,2.0444556623081533,0.37048888888888953,Trending,80,DEXMXUS
2024-08-01,18.6418,11.431895599578052,2.9132002141977864,0.36799523809523293,Trending,80,DEXMXUS
2024-08-02,18.9991,12.963148440053915,4.885696777648341,0.3769460317460265,Volatile Breakout,160,DEXMXUS
2024-08-05,19.445,14.795909553175001,7.508155028473484,0.40127777777777496,Volatile Breakout,160,DEXMXUS
2024-08-06,19.3187,14.90048577217907,7.36488176285881,0.4253396825396827,Volatile Breakout,160,DEXMXUS
2024-08-07,19.1741,15.234744216734498,6.8546207388501035,0.44567142857142983,Volatile Breakout,160,DEXMXUS
2024-08-08,19.113,15.035909767936358,7.17710325181824,0.4700158730158748,Volatile Breakout,160,DEXMXUS
2024-08-09,18.8245,16.312807239858603,5.567020715799864,0.48579047619047344,Volatile Breakout,160,DEXMXUS
2024-08-12,18.994,15.77508870424625,7.596442531014569,0.5129666666666672,Volatile Breakout,160,DEXMXUS
2024-08-13,19.0499,15.741493404261004,7.226725205448625,0.536549206349207,Volatile Breakout,160,DEXMXUS
2024-08-14,18.8242,16.299117969103353,6.598335126564381,0.5569873015873021,Volatile Breakout,160,DEXMXUS
2024-08-15,18.6539,16.80927444754878,5.100091837712051,0.5668888888888937,Volatile Breakout,160,DEXMXUS
2024-08-16,18.6169,16.838243914901746,4.324412166857217,0.5715365079365071,Volatile Breakout,160,DEXMXUS
2024-08-19,18.7425,16.882008153951507,4.480815220723899,0.576131746031745,Volatile Breakout,160,DEXMXUS
2024-08-20,18.8923,16.965700088512325,5.390494254155986,0.5874507936507918,Volatile Breakout,160,DEXMXUS
2024-08-21,19.191,17.479912958022943,6.181323241377035,0.6008142857142857,Volatile Breakout,160,DEXMXUS
2024-08-22,19.437,17.12406675015144,5.757145422196097,0.6074587301587364,Volatile Breakout,160,DEXMXUS
2024-08-23,19.094,18.482437681160736,4.059599653389001,0.604992063492066,Volatile Breakout,160,DEXMXUS
2024-08-26,19.405,19.138615184845044,5.484888019134604,0.6138650793650804,Trending,80,DEXMXUS
2024-08-27,19.6486,19.013252603691328,5.303042483292342,0.6177238095238096,Trending,80,DEXMXUS
2024-08-28,19.5288,19.149993099363897,3.8859896905571123,0.6122746031746047,Trending,80,DEXMXUS
2024-08-29,19.788,18.966109093778957,6.401398037370609,0.6338857142857144,Volatile Breakout,160,DEXMXUS
2024-08-30,19.6576,19.25696229098993,5.449044620154697,0.6536920634920627,Trending,80,DEXMXUS
2024-09-02,19.6576,18.300149729307435,3.465953650436071,0.6513412698412715,Trending,80,DEXMXUS
2024-09-03,19.83,16.737265937555765,1.9799434301877028,0.6330269841269853,Trending,80,DEXMXUS
2024-09-04,19.8161,16.529963205511155,2.5747074078483534,0.6321111111111115,Trending,80,DEXMXUS
2024-09-05,19.9926,16.411813519930277,4.268779238660492,0.6458714285714287,Trending,80,DEXMXUS
2024-09-06,20.0399,16.301202707804542,4.849578820697964,0.6645349206349209,Trending,80,DEXMXUS
2024-09-09,19.8845,15.492121612156543,5.630959653642842,0.6968285714285685,Trending,80,DEXMXUS
2024-09-10,20.0831,15.546537778131619,5.733915973465309,0.7245317460317509,Trending,80,DEXMXUS
2024-09-11,19.8377,16.38199128814561,4.135454779290182,0.7400492063492017,Trending,80,DEXMXUS
2024-09-12,19.6029,16.38073850851189,4.136696380191451,0.7594603174603201,Trending,80,DEXMXUS
2024-09-13,19.2589,17.338730325787076,3.243289606999067,0.774506349206348,Trending,80,DEXMXUS
2024-09-16,19.251,17.306547840106386,3.406045045093431,0.7910634920634898,Trending,80,DEXMXUS
2024-09-17,19.2769,17.207099942366668,2.8512738428704942,0.8025126984126949,Trending,80,DEXMXUS
2024-09-18,19.2802,17.041795130737647,2.0532174483784527,0.8038301587301575,Trending,80,DEXMXUS
2024-09-19,19.2449,16.18732447975065,0.280860820176132,0.7866984126984136,Trending,80,DEXMXUS
2024-09-20,19.323,15.599513263989698,-0.5865102639296182,0.7622539682539653,Trending,80,DEXMXUS
2024-09-23,19.3865,14.285430225400066,1.5318948360741658,0.7568063492063466,Trending,80,DEXMXUS
2024-09-24,19.3435,13.144154433207014,-0.3169286266426319,0.7376000000000005,Trending,80,DEXMXUS
2024-09-25,19.5715,13.05340699585297,-0.3923943690644527,0.7131269841269869,Trending,80,DEXMXUS
2024-09-26,19.569,12.873567558710791,0.20584982180162914,0.6962634920634869,Trending,80,DEXMXUS
2024-09-27,19.6428,12.045412136978896,-0.7337780473013922,0.6668428571428571,Trending,80,DEXMXUS
2024-09-30,19.6903,11.857645035620717,0.16634787563081233,0.643380952380948,Trending,80,DEXMXUS
2024-10-01,19.7043,11.859403534810598,0.23756714960116998,0.6203634920634933,Trending,80,DEXMXUS
2024-10-02,19.3734,12.78541037540211,-2.3025718608169377,0.5782015873015922,Trending,80,DEXMXUS
2024-10-03,19.4841,13.000534230442351,-1.675405352213588,0.5387317460317433,Trending,80,DEXMXUS
2024-10-04,19.1551,13.635724839212482,-4.189049948480927,0.47962857142857374,Trending,80,DEXMXUS
2024-10-07,19.3477,14.194623165065448,-3.4541090524403795,0.4226253968253957,Trending,80,DEXMXUS
2024-10-08,19.3761,14.052395761078834,-2.556765319721377,0.3739031746031749,Trending,80,DEXMXUS
2024-10-09,19.4026,13.494247205699605,-3.3884211102867656,0.3137269841269834,Trending,80,DEXMXUS
2024-10-10,19.4816,13.052565796490367,-1.7950669684489662,0.2695380952380937,Trending,80,DEXMXUS
2024-10-11,19.4312,12.449175428988735,-0.8758908120737319,0.23323174603174834,Trending,80,DEXMXUS
2024-10-14,19.4312,10.772874791484204,0.8946513040724025,0.2147301587301591,Trending,80,DEXMXUS
2024-10-15,19.5715,11.01793833706135,1.6648485792945866,0.2025904761904762,Trending,80,DEXMXUS
2024-10-16,19.8835,12.203744193245896,3.146771524467118,0.20060634920634968,Trending,80,DEXMXUS
2024-10-17,19.886,12.204380182345737,3.142083588344513,0.19834285714285826,Trending,80,DEXMXUS
2024-10-18,19.8161,12.27607294907265,2.968059070195217,0.19788730158730417,Stable,40,DEXMXUS
2024-10-21,20.0494,12.76594183948633,3.759250633959521,0.20596190476190657,Stable,40,DEXMXUS
2024-10-22,19.8992,13.14700871680913,2.6446238361746532,0.2057714285714276,Stable,40,DEXMXUS
2024-10-23,19.9284,13.085422099504148,3.0237547496575035,0.20929999999999893,Stable,40,DEXMXUS
2024-10-24,19.852,12.642244426902899,1.4332064481516582,0.20372222222222192,Stable,40,DEXMXUS
2024-10-25,19.9126,12.663734830867252,1.7558383157034285,0.2023968253968249,Stable,40,DEXMXUS
2024-10-28,20.0444,12.784081230028264,2.044515038589201,0.1985539682539681,Stable,40,DEXMXUS
2024-10-29,20.0,12.819801625122274,1.5728556700507434,0.19174285714285944,Trending,80,DEXMXUS
2024-10-30,20.172,13.103027866322408,2.3735935810965225,0.195396825396827,Stable,40,DEXMXUS
2024-10-31,20.0314,11.783485230487763,3.3964095099466407,0.21742222222222196,Stable,40,DEXMXUS
2024-11-01,20.0273,11.702348475245277,2.7879142480278674,0.2320412698412717,Stable,40,DEXMXUS
2024-11-04,20.088,9.648367805168181,4.870243433863575,0.2619587301587316,Trending,80,DEXMXUS
2024-11-05,20.2417,9.438116065448286,4.62070426975818,0.28661428571428615,Trending,80,DEXMXUS
2024-11-06,20.25,9.455131345685018,4.510195550188123,0.30560158730158804,Trending,80,DEXMXUS
2024-11-07,19.8839,11.767149518129791,2.480595384123774,0.3143952380952335,Trending,80,DEXMXUS
2024-11-08,20.223,12.965576820302434,3.8056422470433615,0.33107936507936486,Trending,80,DEXMXUS
2024-11-11,20.223,12.885708287815131,4.074889867841391,0.34658095238095044,Trending,80,DEXMXUS
2024-11-12,20.5914,14.034981688811222,5.970809831611024,0.37107460317460195,Trending,80,DEXMXUS
2024-11-13,20.5908,13.97199333632598,5.20808318217818,0.3882809523809527,Trending,80,DEXMXUS
2024-11-14,20.5104,13.230399035783838,3.152865441194952,0.39007142857142796,Trending,80,DEXMXUS
2024-11-15,20.3376,13.667662025157457,2.270944382983009,0.3886349206349209,Trending,80,DEXMXUS
2024-11-18,20.265,13.670005068564507,2.2653297066526745,0.39296349206349035,Trending,80,DEXMXUS
2024-11-19,20.1465,13.294558662105056,0.48430376968886524,0.386325396825395,Trending,80,DEXMXUS
2024-11-20,20.3099,13.246360931686588,2.0639020664147134,0.38658253968254286,Trending,80,DEXMXUS
2024-11-21,20.4431,13.385353847830888,2.5827462315088034,0.39461428571428314,Trending,80,DEXMXUS
2024-11-22,20.4845,13.258311606303627,3.186076969574847,0.4114650793650796,Trending,80,DEXMXUS
2024-11-25,20.332,13.600454136651043,2.106204111969312,0.41868730158730116,Trending,80,DEXMXUS
2024-11-26,20.736,14.990457597497123,3.4503402446568687,0.4365730158730159,Trending,80,DEXMXUS
2024-11-27,20.6488,15.070899682515279,3.2440000000000024,0.4517349206349195,Trending,80,DEXMXUS
2024-11-28,20.6488,14.85796680443679,2.3636724172119816,0.45870634920634856,Trending,80,DEXMXUS
2024-11-29,20.3142,15.80817174306762,1.4117834999051393,0.464487301587301,Trending,80,DEXMXUS
2024-12-02,20.4351,15.906586324706176,2.036220558937041,0.47408095238094816,Trending,80,DEXMXUS
2024-12-03,20.323,16.043129184245988,1.1698526483472582,0.48002698412698663,Trending,80,DEXMXUS
2024-12-04,20.2576,15.882440511855672,0.07855071461388974,0.47732857142856844,Trending,80,DEXMXUS
2024-12-05,20.192,15.923261667295527,-0.28641975308641987,0.4696857142857134,Trending,80,DEXMXUS
2024-12-06,20.2363,14.524504279671566,1.7722881326097895,0.4840349206349188,Stable,40,DEXMXUS
2024-12-09,20.187,13.307498998816742,-0.17801513128614666,0.4767761904761869,Trending,80,DEXMXUS
2024-12-10,20.24,13.339819157025302,0.08406270088512358,0.46747301587301493,Trending,80,DEXMXUS
2024-12-11,20.1342,11.692579757772501,-2.220344415629827,0.4318079365079406,Trending,80,DEXMXUS
2024-12-12,20.144,11.699578766985303,-2.1699011208889507,0.39635714285714485,Trending,80,DEXMXUS
2024-12-13,20.1391,11.654428464997439,-1.8103011155316429,0.36499047619047786,Trending,80,DEXMXUS
2024-12-16,20.1412,11.325239062369736,-0.9656990008653721,0.3419714285714228,Trending,80,DEXMXUS
2024-12-17,20.265,11.485701359117625,0.0,0.32577936507936656,Trending,80,DEXMXUS
2024-12-18,20.1588,11.448464586550461,0.061052788325510754,0.3130984126984089,Trending,80,DEXMXUS
2024-12-19,20.4137,11.947371992054338,0.5110808029581637,0.30173650793651063,Trending,80,DEXMXUS
2024-12-20,20.0664,13.117104626914788,-1.8426755237708536,0.2723238095238081,Trending,80,DEXMXUS
2024-12-23,20.201,13.34487200327279,-1.3839732480656064,0.2488317460317475,Trending,80,DEXMXUS
2024-12-24,20.161,13.125716910793415,-0.8410387566397781,0.231292063492063,Trending,80,DEXMXUS
2024-12-25,20.161,10.87737282100238,-2.7729552469135776,0.19568571428571602,Volatile Breakout,160,DEXMXUS
2024-12-26,20.175,10.845753166239833,-2.2945643330363086,0.16543015873016031,Volatile Breakout,160,DEXMXUS
2024-12-27,20.222,10.904911013675726,-2.0669482003796813,0.1368888888888904,Volatile Breakout,160,DEXMXUS
2024-12-30,20.546,10.94695657770292,1.1410737316753794,0.12931428571428327,Trending,80,DEXMXUS
2024-12-31,20.8557,11.925089151659275,2.058223350999011,0.12757142857142867,Trending,80,DEXMXUS
2025-01-01,20.8557,11.698575944341405,2.6211681346257842,0.12594444444444264,Trending,80,DEXMXUS
2025-01-02,20.625,12.37288211126741,1.8136403127714917,0.12316507936508003,Trending,80,DEXMXUS
2025-01-03,20.649,12.281667416326043,2.26327258320127,0.12472222222222129,Trending,80,DEXMXUS
2025-01-06,20.2771,13.936626762728055,0.2016178846923733,0.11278412698412765,Trending,80,DEXMXUS
2025-01-07,20.3255,13.924754668990735,0.686085104275036,0.10598412698412574,Trending,80,DEXMXUS
2025-01-08,20.372,13.918329379816335,0.6521739130434856,0.09733650793650739,Trending,80,DEXMXUS
2025-01-09,20.5041,13.918695416418284,1.837172572041612,0.09792063492063718,Trending,80,DEXMXUS
2025-01-10,20.7124,14.280733347030564,2.8216838760921403,0.1068777777777754,Stable,40,DEXMXUS
2025-01-13,20.7901,14.291106260005943,3.2325178384337017,0.12348730158730348,Stable,40,DEXMXUS
2025-01-14,20.5144,15.1841071303406,1.8529183961233597,0.13128412698412362,Stable,40,DEXMXUS
2025-01-15,20.47,15.096218036748354,1.011596348383903,0.13066666666667004,Stable,40,DEXMXUS
2025-01-16,20.7958,15.839253494547062,3.1599103121217498,0.14915238095237981,Stable,40,DEXMXUS
2025-01-17,20.701,15.43411513099647,1.4073881755879647,0.15010634920635013,Stable,40,DEXMXUS
2025-01-20,20.701,14.034163160407257,3.1625004983454774,0.16806190476190608,Stable,40,DEXMXUS
2025-01-21,20.5571,14.194817744415555,1.7627840205930223,0.17382698412698616,Trending,80,DEXMXUS
2025-01-22,20.4838,14.2454746147492,1.6011110559991826,0.18013174603174775,Trending,80,DEXMXUS
2025-01-23,20.3605,14.439094924837734,0.989534249293178,0.18461428571428584,Trending,80,DEXMXUS
2025-01-24,20.2317,14.631221415529616,0.2810408921932961,0.18363650793650876,Trending,80,DEXMXUS
2025-01-27,20.7208,16.828698523503206,2.4666205123133222,0.19867777777777818,Trending,80,DEXMXUS
2025-01-28,20.5534,16.216455591887282,0.036016742918332234,0.19074444444444794,Trending,80,DEXMXUS
2025-01-29,20.5702,15.279044031237202,-1.368930316412298,0.16853174603174992,Trending,80,DEXMXUS
2025-01-30,20.4287,15.429395016832023,-2.0474019093101647,0.14279047619047347,Trending,80,DEXMXUS
2025-01-31,20.629,15.397753183438393,0.019393939393941295,0.1368333333333318,Trending,80,DEXMXUS
2025-02-03,20.531,15.480122996423077,-0.5714562448544847,0.12675396825396845,Trending,80,DEXMXUS
2025-02-04,20.4413,14.171584386754448,0.8097804912931217,0.12572539682539485,Trending,80,DEXMXUS
2025-02-05,20.5827,14.336675634459889,1.2654055250793217,0.13226349206349042,Trending,80,DEXMXUS
2025-02-06,20.5022,14.407413030499422,0.6391125073630377,0.1340317460317486,Trending,80,DEXMXUS
2025-02-07,20.5889,14.307093532156554,0.41357582142107496,0.13810952380952557,Trending,80,DEXMXUS
2025-02-10,20.678,13.93521472238837,-0.16608408489598991,0.13508730158729776,Trending,80,DEXMXUS
2025-02-11,20.5498,14.019949327973949,-1.1558385962549322,0.12301904761904581,Trending,80,DEXMXUS
2025-02-12,20.4826,13.283448118123905,-0.15501306399405834,0.11920317460317165,Trending,80,DEXMXUS
2025-02-13,20.5031,13.264931693768862,0.16170004885198708,0.11699999999999733,Trending,80,DEXMXUS
2025-02-14,20.3097,12.332808385244864,-2.337491224189503,0.09126190476190388,Trending,80,DEXMXUS
2025-02-17,20.3097,12.272548940656208,-1.8902468479783607,0.07263174603174605,Trending,80,DEXMXUS
2025-02-18,20.249,12.289203100378472,-2.1834693976136466,0.05418888888888773,Trending,80,DEXMXUS
2025-02-19,20.4428,12.613354495876901,-0.5560122779964094,0.049407936507940065,Trending,80,DEXMXUS
2025-02-20,20.3652,12.621264568301354,-0.5789941319481628,0.04323333333332613,Trending,80,DEXMXUS
2025-02-21,20.3521,12.447640461467405,-0.04125635421525775,0.04892698412697882,Trending,80,DEXMXUS
2025-02-24,20.4401,12.3106213884833,1.0300666775406864,0.06216349206349392,Trending,80,DEXMXUS
2025-02-25,20.5295,8.974903811952109,-0.9232269024362028,0.05494761904762058,Trending,80,DEXMXUS
2025-02-26,20.4272,8.702241269398439,-0.6140103340566583,0.04714444444444155,Trending,80,DEXMXUS
2025-02-27,20.4818,8.75527237727014,-0.42974788772107697,0.04219365079364934,Trending,80,DEXMXUS
2025-02-28,20.5254,8.438563705469067,0.47335366420770963,0.04358571428570812,Trending,80,DEXMXUS
2025-03-03,20.4555,7.765568555925342,-0.8410490086771083,0.032182539682544586,Trending,80,DEXMXUS
2025-03-04,20.827,9.905854054884337,1.4417222736350155,0.03619841269841473,Trending,80,DEXMXUS
2025-03-05,20.386,12.388910749309428,-0.27053073923869464,0.031188888888888044,Stable,40,DEXMXUS
2025-03-06,20.3132,12.171222695493286,-1.3093520286454163,0.01635238095238023,Stable,40,DEXMXUS
2025-03-07,20.266,12.129149813448567,-1.1520714850113634,0.0046920634920653015,Trending,80,DEXMXUS
2025-03-10,20.286,12.020597562631126,-1.4711810732967678,-0.012141269841272617,Trending,80,DEXMXUS
2025-03-11,20.349,11.963798988245472,-1.5910629654705466,-0.031061904761909176,Trending,80,DEXMXUS
2025-03-12,20.1678,12.15460110834331,-1.858898870061998,-0.04970793650793581,Trending,80,DEXMXUS
2025-03-13,20.0913,12.168983749549957,-1.9104019997461363,-0.0675492063492058,Trending,80,DEXMXUS
2025-03-14,19.8545,12.712671837277338,-3.163424067580012,-0.09191904761904368,Trending,80,DEXMXUS
2025-03-17,19.8918,12.42380048900505,-2.0576374835669653,-0.10758095238095322,Trending,80,DEXMXUS
2025-03-18,19.9858,12.576730217110368,-1.594804453044596,-0.11621269841269566,Trending,80,DEXMXUS
2025-03-19,20.057,12.633456257125728,-0.9481949725912431,-0.12520634920634777,Trending,80,DEXMXUS
2025-03-20,20.1342,12.211565300795979,-1.509577944312901,-0.1388412698412722,Trending,80,DEXMXUS
2025-03-21,20.194,12.220063572153148,-0.8406497358238729,-0.14751746031745938,Trending,80,DEXMXUS
2025-03-24,20.096,12.318382727738681,-1.2583468045066604,-0.15868095238095492,Trending,80,DEXMXUS
2025-03-25,20.0713,12.189703047609758,-1.8042964564752628,-0.17459682539682575,Trending,80,DEXMXUS
2025-03-26,20.11,12.086946767625731,-2.043400959594721,-0.1927952380952398,Trending,80,DEXMXUS
2025-03-27,20.2783,12.407018168328454,-0.7289300540455734,-0.19563650793650922,Trending,80,DEXMXUS
2025-03-28,20.4198,12.625530609298007,-0.3027077698249281,-0.19166984126983877,Trending,80,DEXMXUS
2025-03-31,20.4582,12.620266882317418,-0.3273992224268496,-0.18856031746031832,Trending,80,DEXMXUS
2025-04-01,20.329,12.755075111097097,-0.6184155850504802,-0.18988571428571888,Trending,80,DEXMXUS
2025-04-02,20.5,11.350223215314598,-1.5700773035002724,-0.20309206349206477,Trending,80,DEXMXUS
2025-04-03,19.9508,12.710088691984653,-2.1347983910526724,-0.21863650793650535,Trending,80,DEXMXUS
2025-04-04,20.491,15.9491036809737,0.8752929129826947,-0.212796825396822,Trending,80,DEXMXUS
2025-04-07,20.714,16.310382699696962,2.2105990328629144,-0.196892063492065,Trending,80,DEXMXUS
2025-04-08,20.7089,16.316976739599063,2.0846889480429676,-0.18000476190476178,Trending,80,DEXMXUS
2025-04-09,20.9441,16.695030529172687,2.9244680328271544,-0.15534444444444162,Trending,80,DEXMXUS
2025-04-10,20.5029,18.11437410691212,1.6615595156635798,-0.13482857142857085,Trending,80,DEXMXUS
2025-04-11,20.37,18.22477383587836,1.387167579997306,-0.11926507936507846,Trending,80,DEXMXUS
2025-04-14,20.1255,18.243658412609516,1.3649298647661512,-0.10089206349206492,Trending,80,DEXMXUS
2025-04-15,19.9704,18.4670171211545,0.3951376949295815,-0.08404761904762026,Trending,80,DEXMXUS
2025-04-16,19.9648,18.39551473365949,-0.10507460296811377,-0.07336190476190296,Trending,80,DEXMXUS
2025-04-17,19.8079,18.542798549863527,-1.2419604128234507,-0.07104761904762213,Trending,80,DEXMXUS
2025-04-18,19.7175,18.521476676571684,-2.0696128974580508,-0.07756349206349356,Trending,80,DEXMXUS
2025-04-21,19.6628,18.47588781559942,-2.630484302267988,-0.08982698412698653,Trending,80,DEXMXUS
2025-04-22,19.584,18.457162734225697,-2.547770700636942,-0.10188253968253846,Trending,80,DEXMXUS
2025-04-23,19.6327,18.500339196929,-2.1852097273221016,-0.11326031746031617,Trending,80,DEXMXUS
2025-04-24,19.5896,18.47360143183957,-2.587767279960207,-0.12008571428571457,Stable,40,DEXMXUS
2025-04-25,19.5585,18.143954954904878,-3.5496072155950076,-0.13856984126984173,Stable,40,DEXMXUS
2025-04-28,19.5507,17.879619210266224,-4.256163135779978,-0.1637730158730193,Stable,40,DEXMXUS
2025-04-29,19.5851,17.8763518103093,-4.267726388440829,-0.19195873015873133,Stable,40,DEXMXUS
2025-04-30,19.5914,17.822917935743458,-3.6283142309016747,-0.21061269841269947,Stable,40,DEXMXUS
2025-05-01,19.636,17.508362289915755,-4.214634146341467,-0.2375492063492075,Stable,40,DEXMXUS
2025-05-02,19.6685,15.028923274477732,-1.414980852898129,-0.2387253968253944,Trending,80,DEXMXUS
2025-05-05,19.6316,11.147512764901471,-4.194036406227131,-0.2645523809523809,Trending,80,DEXMXUS
2025-05-06,19.687,10.289090159876167,-4.9579994206816576,-0.3005174603174581,Trending,80,DEXMXUS
2025-05-07,19.5831,10.304093132348896,-5.43630999232213,-0.338161904761904,Trending,80,DEXMXUS
2025-05-08,19.585,9.037484044246465,-6.489178336619849,-0.38553174603174867,Trending,80,DEXMXUS
2025-05-09,19.4834,6.351497104924494,-4.9724673095025596,-0.41715238095238405,Trending,80,DEXMXUS
2025-05-12,19.613,6.898616399953866,-3.716249386352488,-0.43939682539682323,Trending,80,DEXMXUS
2025-05-13,19.4181,6.541257374439774,-3.5149437281061346,-0.4558603174603171,Trending,80,DEXMXUS
2025-05-14,19.3501,6.207981564339529,-3.1060970235949226,-0.4701666666666675,Trending,80,DEXMXUS
2025-05-15,19.486,6.868337524566376,-2.398220868728962,-0.47989206349206626,Trending,80,DEXMXUS
2025-05-16,19.525,6.493220964391611,-1.4282180342186757,-0.4818714285714272,Trending,80,DEXMXUS
2025-05-19,19.3707,6.838873430300621,-1.7588436667934637,-0.48136825396825245,Stable,40,DEXMXUS
2025-05-20,19.267,6.987732497960519,-2.0129381369896504,-0.48278412698412865,Stable,40,DEXMXUS
2025-05-21,19.319,7.005198009486387,-1.3531454248365993,-0.4790047619047648,Stable,40,DEXMXUS
2025-05-22,19.3232,6.92120843011813,-1.5764515323923867,-0.47601428571428883,Stable,40,DEXMXUS
2025-05-23,19.2798,6.922566733999924,-1.5814513823661502,-0.47093015873015887,Stable,40,DEXMXUS
2025-05-26,19.2798,6.920201056846451,-1.4249559015261704,-0.46598888888888723,Stable,40,DEXMXUS
2025-05-27,19.2309,6.949040051251985,-1.6357470576501165,-0.46136190476190464,Stable,40,DEXMXUS
2025-05-28,19.417,7.801961201693226,-0.85830554860582,-0.45177301587301244,Stable,40,DEXMXUS
2025-05-29,19.339,7.895678932014673,-1.2883203854752723,-0.4460698412698427,Stable,40,DEXMXUS
2025-05-30,19.3901,7.9135003279518115,-1.252291709105724,-0.43497142857143345,Stable,40,DEXMXUS
2025-06-02,19.245,8.214547005755398,-2.153189109489795,-0.43702698412698027,Stable,40,DEXMXUS
2025-06-03,19.2572,8.227718752040241,-1.9071293221133212,-0.4380936507936539,Stable,40,DEXMXUS
2025-06-04,19.2042,8.135753319754993,-2.452379742977606,-0.4442301587301607,Stable,40,DEXMXUS
2025-06-05,19.1774,7.998732707656362,-2.071684258365647,-0.4459523809523773,Stable,40,DEXMXUS
2025-06-06,19.1226,8.01387304254842,-2.3609905539954124,-0.4485047619047613,Stable,40,DEXMXUS
2025-06-09,19.0515,7.935793169165482,-2.216758881919989,-0.45135238095238606,Stable,40,DEXMXUS
2025-06-10,19.0519,7.441444802682201,-2.8608575944526593,-0.461573015873018,Stable,40,DEXMXUS
2025-06-11,18.8436,7.592383495404177,-2.9585798816568087,-0.4728841269841233,Stable,40,DEXMXUS
2025-06-12,18.8879,7.6603966893613835,-2.388618146676258,-0.4789587301587268,Stable,40,DEXMXUS
2025-06-13,18.9085,7.1205208685322905,-2.9636662219029053,-0.48935873015872744,Stable,40,DEXMXUS
2025-06-16,18.9266,7.066245698532043,-3.0647887323943523,-0.49991111111111053,Stable,40,DEXMXUS
2025-06-17,18.9581,6.73875314382235,-2.130021114363434,-0.5008904761904773,Stable,40,DEXMXUS
2025-06-18,19.0068,6.654564144340812,-1.3504956661649525,-0.4944365079365092,Stable,40,DEXMXUS
2025-06-19,19.0068,6.548831369724782,-1.6160256742067447,-0.49201428571427996,Stable,40,DEXMXUS
2025-06-20,19.1369,7.057112286762816,-0.9641260246749939,-0.4860539682539695,Stable,40,DEXMXUS
2025-06-23,19.16,7.047866875104402,-0.6213757404122555,-0.47667936507936304,Stable,40,DEXMXUS
2025-06-24,19.021,7.4473299038211245,-1.3423375761159373,-0.4690460317460321,Stable,40,DEXMXUS
2025-06-25,18.9159,7.613720987148032,-1.637988861675732,-0.46017460317460746,Stable,40,DEXMXUS
2025-06-26,18.8741,6.6041397889789595,-2.79600350208582,-0.4608825396825402,Stable,40,DEXMXUS
2025-06-27,18.8283,6.545664269871766,-2.640777703087027,-0.4613809523809529,Stable,40,DEXMXUS
2025-06-30,18.8292,6.41081101222762,-2.892713291834492,-0.4615698412698386,Stable,40,DEXMXUS
2025-07-01,18.7381,6.154351536794191,-2.633930891140568,-0.4664587301587346,Stable,40,DEXMXUS
2025-07-02,18.7503,6.155020403499308,-2.6322622188064804,-0.4629666666666665,Stable,40,DEXMXUS
2025-07-03,18.644,6.324603414938279,-2.917070224221796,-0.45678571428571146,Stable,40,DEXMXUS
2025-07-04,18.644,6.343208455295332,-2.781398938333668,-0.4494095238095248,Stable,40,DEXMXUS
2025-07-07,18.6647,6.372038417820182,-2.3945488584188324,-0.4350333333333367,Stable,40,DEXMXUS
2025-07-08,18.7084,6.409444598126679,-1.8009080649817544,-0.4228873015872985,Stable,40,DEXMXUS
2025-07-09,18.561,6.8426226707019895,-2.57664589883424,-0.4175492063492108,Stable,40,DEXMXUS
2025-07-10,18.6313,6.069814539711136,-1.1266424674690523,-0.40394126984126544,Stable,40,DEXMXUS
2025-07-11,18.6727,6.062260985428167,-1.13935376616775,-0.39359047619047516,Stable,40,DEXMXUS
2025-07-14,18.7585,6.29788408300689,-0.7932940212073913,-0.38158571428571975,Stable,40,DEXMXUS
2025-07-15,18.7928,6.328207743552497,-0.7069415531579915,-0.3718444444444451,Stable,40,DEXMXUS
2025-07-16,18.7302,6.36630971378186,-1.2021246854906464,-0.3670253968254009,Stable,40,DEXMXUS
2025-07-17,18.7629,6.321440592314491,-1.2832249510701388,-0.3643555555555551,Stable,40,DEXMXUS
2025-07-18,18.7037,6.377490169837826,-1.5946924258686157,-0.3648158730158748,Stable,40,DEXMXUS
2025-07-21,18.6335,5.817803234749427,-2.630520094686173,-0.372926984126984,Stable,40,DEXMXUS
2025-07-22,18.5963,5.75194923167372,-2.9420668058455113,-0.38400317460317623,Stable,40,DEXMXUS
2025-07-23,18.5784,5.34564152074527,-2.326901845328855,-0.3895222222222223,Stable,40,DEXMXUS
2025-07-24,18.5589,5.099544877532971,-1.8873011593421363,-0.3907793650793643,Stable,40,DEXMXUS
2025-07-25,18.5676,5.097406350948187,-1.6239184914777383,-0.38922380952380564,Stable,40,DEXMXUS
2025-07-28,18.7314,6.040157982531986,-0.5146508181832599,-0.3801873015872985,Stable,40,DEXMXUS
2025-07-29,18.7694,6.09076598973063,-0.3175918254625709,-0.36927936507936465,Stable,40,DEXMXUS
2025-07-30,18.7987,5.868752355104299,0.323405254534892,-0.35258730158730245,Stable,40,DEXMXUS
2025-07-31,18.797,5.8665596823691235,0.24906268166375867,-0.3371158730158754,Stable,40,DEXMXUS
2025-08-01,18.877,5.634317134006309,1.2497318172066008,-0.31316349206349514,Stable,40,DEXMXUS
2025-08-04,18.8514,5.671900333634432,1.1124222269899287,-0.2916730158730161,Stable,40,DEXMXUS
2025-08-05,18.7715,5.901304750510815,0.5722031428311292,-0.273674603174598,Stable,40,DEXMXUS
2025-08-06,18.64,6.359986245444611,-0.36561116931431714,-0.2635444444444417,Stable,40,DEXMXUS
2025-08-07,18.6879,5.7657600711160475,0.6836916114433489,-0.24281746031745755,Stable,40,DEXMXUS
2025-08-08,18.5421,6.26627031656936,-0.4787642300859263,-0.2331603174603174,Stable,40,DEXMXUS
2025-08-11,18.6474,6.544347809376349,-0.13549192136111943,-0.22321111111111236,Stable,40,DEXMXUS
2025-08-12,18.5583,6.5103257019948,-1.0672495135538695,-0.21801904761904467,Stable,40,DEXMXUS
2025-08-13,18.6538,6.756771115389981,-0.7396449704141994,-0.2108095238095231,Stable,40,DEXMXUS
2025-08-14,18.816,7.34572834925072,0.4580837364256629,-0.19791904761905244,Stable,40,DEXMXUS
2025-08-15,18.733,7.49356247111045,-0.15935702903068227,-0.1908666666666683,Stable,40,DEXMXUS
2025-08-18,18.7821,7.460540740946926,0.4191683998353124,-0.17861111111110972,Stable,40,DEXMXUS
2025-08-19,18.809,7.328559108595807,0.9418520406794251,-0.16209206349206084,Stable,40,DEXMXUS
2025-08-20,18.7834,7.3050300465179046,1.0061141194753764,-0.14530317460317121,Stable,40,DEXMXUS
2025-08-21,18.7849,7.287873751522833,1.1115058347328288,-0.12761428571428723,Stable,40,DEXMXUS
2025-08-22,18.5921,8.184353310572956,0.1788899126564436,-0.11589365079365166,Stable,40,DEXMXUS
2025-08-25,18.6316,8.213856230810135,0.3446864430513452,-0.10037936507936607,Stable,40,DEXMXUS
2025-08-26,18.6658,7.622611250335207,-0.3502140790330621,-0.09281746031746252,Stable,40,DEXMXUS
2025-08-27,18.7039,7.623063411555455,-0.348972263364844,-0.08504444444444204,Stable,40,DEXMXUS
2025-08-28,18.6638,7.62598831982303,-0.7176028129604828,-0.08224285714285529,Stable,40,DEXMXUS
2025-08-29,18.6381,7.633874835522722,-0.845347661860929,-0.07998253968253977,Stable,40,DEXMXUS
2025-09-01,18.6381,7.447375462732662,-1.2655612650315118,-0.08237301587301715,Stable,40,DEXMXUS
2025-09-02,18.7163,7.622231860688256,-0.7166576487688037,-0.08148730158730544,Stable,40,DEXMXUS
2025-09-03,18.6732,7.526107503069429,-0.5236661960951405,-0.07903492063492124,Stable,40,DEXMXUS
2025-09-04,18.7419,7.219675561794774,0.5466738197424936,-0.06926825396825365,Stable,40,DEXMXUS
2025-09-05,18.677,7.27969164835084,-0.058326510736894654,-0.06383650793650375,Stable,40,DEXMXUS
2025-09-08,18.6301,6.780464092318985,0.47459564989940084,-0.05625714285714167,Stable,40,DEXMXUS
2025-09-09,18.633,6.485142294808642,-0.07722256185850318,-0.052896825396825164,Stable,40,DEXMXUS
2025-09-10,18.598,6.292502955233345,0.21392045607626642,-0.0460777777777821,Stable,40,DEXMXUS
2025-09-11,18.5196,6.183042400507743,-0.7194244604316502,-0.04600793650793733,Stable,40,DEXMXUS
2025-09-12,18.4821,5.255603871358275,-1.774553571428572,-0.054352380952380486,Stable,40,DEXMXUS
2025-09-15,18.3353,5.682439234516792,-2.122991512304495,-0.06263174603174448,Stable,40,DEXMXUS
2025-09-16,18.2726,5.579751648142641,-2.7126892094068267,-0.07523968253968505,Stable,40,DEXMXUS
2025-09-17,18.335,5.742120312913307,-2.5200701791695423,-0.08508253968254209,Stable,40,DEXMXUS
2025-09-18,18.371,5.845542223832201,-2.195555650201786,-0.09219682539682239,Stable,40,DEXMXUS
2025-09-19,18.3749,5.848946862435509,-2.182604112877895,-0.10146507936507732,Stable,40,DEXMXUS
2025-09-22,18.4322,4.960649623722613,-0.8600427063107263,-0.10140158730158788,Stable,40,DEXMXUS
2025-09-23,18.3067,5.337268349433325,-1.7438115889134576,-0.10786666666666633,Stable,40,DEXMXUS
2025-09-24,18.4453,6.024060740696773,-1.1813048462964382,-0.11228730158730116,Stable,40,DEXMXUS
2025-09-25,18.441,5.951459342446495,-1.4055892086677235,-0.11864444444444189,Stable,40,DEXMXUS
2025-09-26,18.3835,5.991348106949785,-1.5018377822308304,-0.12636349206348996,Stable,40,DEXMXUS
2025-09-29,18.3441,6.007895765510007,-1.5774140067925435,-0.13391587301587293,Stable,40,DEXMXUS
2025-09-30,18.3442,6.007981810731749,-1.5768774714160827,-0.14315238095238314,Stable,40,DEXMXUS
2025-10-01,18.3588,5.765920735401207,-1.910099752622052,-0.1556492063492101,Stable,40,DEXMXUS
2025-10-02,18.4829,6.318568235161427,-1.019107598054969,-0.16182539682539598,Stable,40,DEXMXUS
2025-10-03,18.383,6.34866833243193,-1.914960596310955,-0.17375079365079316,Stable,40,DEXMXUS
2025-10-06,18.3456,6.295435406591891,-1.7743748996091324,-0.18611269841269618,Stable,40,DEXMXUS
2025-10-07,18.3814,6.336261262170814,-1.3349364737709424,-0.19398888888888877,Stable,40,DEXMXUS
2025-10-08,18.355,6.3353181818048085,-1.491976600654743,-0.2021841269841289,Stable,40,DEXMXUS
2025-10-09,18.38,6.359288669958557,-1.1721690504355342,-0.20655714285713955,Stable,40,DEXMXUS
2025-10-10,18.5195,6.802249825412191,-0.000539968465840257,-0.20222380952380803,Stable,40,DEXMXUS
2025-10-13,18.5195,6.762030354369821,0.20235795715854987,-0.19709841269841633,Stable,40,DEXMXUS
2025-10-14,18.4904,6.1379963454949245,0.8459092570069826,-0.18538730158730132,Stable,40,DEXMXUS
2025-10-15,18.4793,5.992427882086267,1.131201908868995,-0.17198253968253852,Stable,40,DEXMXUS
2025-10-16,18.4029,6.106041036579503,0.37032997000272516,-0.16508888888888862,Stable,40,DEXMXUS
2025-10-17,18.4297,6.089914605957554,0.31952533884929135,-0.15964920634920787,Stable,40,DEXMXUS
2025-10-20,18.3874,6.148808319400109,0.06802758110246998,-0.15602222222222295,Stable,40,DEXMXUS
2025-10-21,18.423,6.08755119838009,-0.04991265285752,-0.1543031746031751,Stable,40,DEXMXUS
2025-10-22,18.4179,5.567615308589651,0.6074278815952683,-0.14663174603174767,Stable,40,DEXMXUS
2025-10-23,18.3981,4.910626696798342,-0.255891744780512,-0.14358888888889254,Stable,40,DEXMXUS
2025-10-24,18.393,4.910781263584257,-0.2602895721490084,-0.1399000000000008,Stable,40,DEXMXUS
2025-10-27,18.392,4.788227728772637,0.04623711480402637,-0.1330396825396818,Stable,40,DEXMXUS
2025-10-28,18.4133,4.736036746993814,0.3772330067978169,-0.12365396825396857,Stable,40,DEXMXUS
2025-10-29,18.4194,4.735837927672044,0.40993883625342065,-0.11280952380952414,Stable,40,DEXMXUS
2025-10-30,18.543,5.2455076153828655,1.003333551212493,-0.09914285714285853,Stable,40,DEXMXUS
2025-10-31,18.5465,4.722220473428206,0.3441018454896305,-0.0925428571428597,Stable,40,DEXMXUS
2025-11-03,18.4832,4.469689540744323,0.5450688135777648,-0.08528253968253807,Stable,40,DEXMXUS
2025-11-04,18.6114,4.943854657731028,1.4488487702773334,-0.07141111111111087,Stable,40,DEXMXUS
2025-11-05,18.5993,4.942345081466612,1.1854374530775758,-0.06194285714285641,Stable,40,DEXMXUS
2025-11-06,18.6203,4.891027889726087,1.4453827295014987,-0.0488793650793653,Stable,40,DEXMXUS
2025-11-07,18.4738,5.707654211885733,0.5103373231773789,-0.043071428571430204,Stable,40,DEXMXUS
2025-11-10,18.3908,5.267207189390005,-0.6949431680121076,-0.04502539682539464,Stable,40,DEXMXUS
2025-11-11,18.3908,5.267207189390005,-0.6949431680121076,-0.044404761904761614,Stable,40,DEXMXUS
2025-11-12,18.3031,5.474762220281317,-1.0129580755419032,-0.04649999999999821,Stable,40,DEXMXUS
2025-11-13,18.2706,5.493151423626532,-1.1293717835632155,-0.04831904761904582,Stable,40,DEXMXUS
2025-11-14,18.3299,5.478733812866513,-0.39667661075156735,-0.04419047619047589,Stable,40,DEXMXUS
2025-11-17,18.3446,5.458708930503684,-0.4617546677374018,-0.04127777777777908,Stable,40,DEXMXUS
2025-11-18,18.357,5.412866325761566,-0.16533060682859535,-0.03593333333333604,Stable,40,DEXMXUS
2025-11-19,18.3368,5.372895220815594,-0.4678933941268948,-0.035985714285715176,Stable,40,DEXMXUS
2025-11-20,18.392,5.487786795000983,-0.1406240668045733,-0.033415873015869124,Stable,40,DEXMXUS
2025-11-21,18.454,5.599296792988138,0.3038357221669674,-0.027392063492065688,Stable,40,DEXMXUS
2025-11-24,18.5131,5.694752653411905,0.6529658022073725,-0.01864444444444402,Stable,40,DEXMXUS
2025-11-25,18.4311,5.927515894468675,0.21259243149196472,-0.013088888888887595,Stable,40,DEXMXUS
2025-11-26,18.3444,6.140648050585336,-0.3741860503005956,-0.01170793650793911,Stable,40,DEXMXUS
2025-11-27,18.3444,6.138303087666269,-0.40717938695070677,-0.01061746031745514,Stable,40,DEXMXUS
2025-11-28,18.2915,5.661116392548044,-1.3563069621959745,-0.01585079365078812,Stable,40,DEXMXUS
2025-12-01,18.2811,5.653152667283031,-1.4309977623810588,-0.02226507936508071,Stable,40,DEXMXUS
2025-12-02,18.305,5.601876282741593,-0.9641187673130158,-0.02381587301587018,Stable,40,DEXMXUS
2025-12-03,18.28,4.918166752351636,-1.780629076802387,-0.033295238095234936,Stable,40,DEXMXUS
2025-12-04,18.2285,4.964117665823556,-1.9936234159350086,-0.04457777777777849,Stable,40,DEXMXUS
2025-12-05,18.1887,4.921431244347325,-2.3179003560630074,-0.058077777777779005,Stable,40,DEXMXUS
2025-12-08,18.2319,4.401283141904024,-1.3094219922268335,-0.06378571428571433,Stable,40,DEXMXUS
2025-12-09,18.1778,4.261827242425055,-1.1581877895469384,-0.06850317460317612,Stable,40,DEXMXUS
2025-12-10,18.2198,4.373178727053244,-0.9298127324531835,-0.07248253968253948,Stable,40,DEXMXUS
2025-12-11,18.0301,5.394442306685757,-1.4915506116450206,-0.0806380952380934,Stable,40,DEXMXUS
2025-12-12,18.0386,5.39466424860859,-1.2697995687060204,-0.08797142857142859,Stable,40,DEXMXUS
2025-12-15,17.9755,5.293348197899892,-1.9334529921057886,-0.09914126984127236,Stable,40,DEXMXUS
2025-12-16,17.9417,5.2646250361758,-2.1962866456613828,-0.11151269841269595,Stable,40,DEXMXUS
2025-12-17,18.0319,5.6464996940460015,-1.7709865446423612,-0.1215492063492043,Stable,40,DEXMXUS
2025-12-18,17.97,5.7171838975944915,-2.000349024911663,-0.13167936507937128,Stable,40,DEXMXUS
2025-12-19,17.9977,5.610445480382254,-2.143866898651592,-0.14555079365079493,Stable,40,DEXMXUS
2025-12-22,17.99,5.385165379237787,-2.5143600303457414,-0.1604190476190439,Stable,40,DEXMXUS
2025-12-23,17.924,5.199168914207718,-3.182071073996262,-0.1802650793650784,Stable,40,DEXMXUS
2025-12-24,17.9209,5.108758306027857,-2.768147316220959,-0.1972174603174608,Stable,40,DEXMXUS
2025-12-25,17.9209,4.975564144873102,-2.308606441202765,-0.21066666666666478,Stable,40,DEXMXUS
2025-12-26,17.9088,4.962117006013632,-2.374566625237129,-0.22449841269841286,Stable,40,DEXMXUS
2025-12-29,17.962,5.114832874610078,-1.8013831561107585,-0.23389047619047432,Stable,40,DEXMXUS
2025-12-30,17.9474,5.113777328359323,-1.825382498864947,-0.24128095238095426,Stable,40,DEXMXUS
2025-12-31,18.0057,5.260113445468253,-1.6350723845943715,-0.24954444444444235,Stable,40,DEXMXUS
2026-01-01,18.0057,5.262210058438828,-1.500547045951861,-0.2572111111111113,Stable,40,DEXMXUS
2026-01-02,17.8763,5.683057344994004,-1.9321392325205022,-0.2659650793650812,Stable,40,DEXMXUS
2026-01-05,17.88,5.676556013138698,-1.697207606920792,-0.2731253968253995,Stable,40,DEXMXUS
2026-01-06,17.9599,5.8676203460636716,-1.491890587377065,-0.27940952380951956,Stable,40,DEXMXUS
2026-01-07,17.9532,5.8103529108446015,-1.2355730616466332,-0.2811158730158745,Stable,40,DEXMXUS
2026-01-08,17.9863,5.783223001221359,-1.2815727944324284,-0.283771428571427,Stable,40,DEXMXUS
2026-01-09,17.9787,4.554142667992281,-0.2850788403835902,-0.2780968253968261,Stable,40,DEXMXUS
2026-01-12,17.9056,4.745601845780856,-0.73730777333052,-0.27532380952380464,Stable,40,DEXMXUS
2026-01-13,17.8535,4.700558160485301,-0.6787015660204121,-0.27241269841269755,Stable,40,DEXMXUS
2026-01-14,17.8052,4.743554777024658,-0.7607974718114918,-0.2690000000000019,Stable,40,DEXMXUS
2026-01-15,17.6607,5.038734104011346,-2.0585739716835305,-0.27514126984127074,Stable,40,DEXMXUS
2026-01-16,17.672,4.986704936435818,-1.6583194212576369,-0.2774111111111104,Stable,40,DEXMXUS
2026-01-19,17.672,4.924044575514295,-1.8096756807814196,-0.2810809523809503,Stable,40,DEXMXUS
2026-01-20,17.6066,5.017107892366314,-2.131183991106156,-0.286774603174603,Stable,40,DEXMXUS
2026-01-21,17.4325,5.82786798764285,-2.7421334523543783,-0.2949333333333328,Stable,40,DEXMXUS
2026-01-22,17.4706,5.942335142983331,-2.5127086251248487,-0.3017507936507968,Stable,40,DEXMXUS
2026-01-23,17.4536,5.927026111225356,-2.607569932313658,-0.30876984126984297,Stable,40,DEXMXUS
2026-01-26,17.3061,6.42319416415744,-3.3653846153846034,-0.319798412698411,Stable,40,DEXMXUS
2026-01-27,17.2321,6.258917546864049,-4.06357866607282,-0.33374761904762096,Stable,40,DEXMXUS
2026-01-28,17.2493,6.331974398748303,-3.889699900821275,-0.34639999999999915,Stable,40,DEXMXUS
2026-01-29,17.26,6.125881743887689,-4.141466313445186,-0.3624936507936525,Stable,40,DEXMXUS
2026-01-30,17.3493,6.584278870299443,-3.645512254452765,-0.373717460317458,Stable,40,DEXMXUS
2026-02-02,17.3749,6.364598556607504,-2.8048309773275215,-0.37815873015872725,Stable,40,DEXMXUS
2026-02-03,17.2239,6.820993528803646,-3.6694630872483147,-0.3872365079365032,Stable,40,DEXMXUS
2026-02-04,17.2962,6.7903378822556055,-3.695454874470361,-0.40014920634920514,Stable,40,DEXMXUS
2026-02-05,17.4122,7.391778811558904,-3.013390370518909,-0.4103777777777786,Stable,40,DEXMXUS
2026-02-06,17.2695,7.6427079322648765,-3.985255444421587,-0.4267126984127003,Trending,80,DEXMXUS
2026-02-09,17.1896,7.677343201632046,-4.389082636675634,-0.44661428571428985,Trending,80,DEXMXUS
2026-02-10,17.2201,7.757344370801768,-3.828411223304451,-0.46258253968254337,Stable,40,DEXMXUS
2026-02-11,17.1984,7.749879947372753,-3.669308538941951,-0.4758174603174581,Stable,40,DEXMXUS
2026-02-12,17.2309,7.842706512531931,-3.2254622245186826,-0.48548730158729825,Stable,40,DEXMXUS
2026-02-13,17.1661,7.521751745296705,-2.8005684938875453,-0.49013650793650854,Stable,40,DEXMXUS
2026-02-16,17.1661,7.50376483768299,-2.862720688094167,-0.49564444444444433,Stable,40,DEXMXUS
2026-02-17,17.151,7.489681255990926,-2.948166591217749,-0.500755555555557,Stable,40,DEXMXUS
2026-02-18,17.1454,7.45094526390363,-2.6194722433632966,-0.50194603174603,Stable,40,DEXMXUS
2026-02-19,17.2736,7.342576657105311,-0.9115158468378182,-0.4898380952380954,Stable,40,DEXMXUS
2026-02-20,17.152,7.619403084340368,-1.823635135599233,-0.4847063492063519,Stable,40,DEXMXUS
2026-02-23,17.2397,7.895227071994651,-1.225535133153055,-0.47735714285714437,Stable,40,DEXMXUS
2026-02-24,17.1734,7.465899858445714,-0.7667816550233741,-0.46508888888888933,Stable,40,DEXMXUS
2026-02-25,17.1597,7.331813271027371,-0.4201461226431946,-0.45057142857142907,Stable,40,DEXMXUS
2026-02-26,17.2347,7.492024634197904,-0.08464111587137557,-0.4346571428571444,Stable,40,DEXMXUS
2026-02-27,17.2207,7.492800032723642,-0.22769409038239097,-0.41931746031746187,Stable,40,DEXMXUS
2026-03-02,17.3667,7.863972902138918,0.10029223081047256,-0.4039920634920655,Stable,40,DEXMXUS
2026-03-03,17.6348,9.498275648561577,1.4958359472572402,-0.382192063492063,Stable,40,DEXMXUS
2026-03-04,17.5454,9.121363855315625,1.8665923513257798,-0.3566714285714312,Stable,40,DEXMXUS
2026-03-05,17.6951,9.437129277775739,2.3062869300771283,-0.3291555555555554,Stable,40,DEXMXUS
2026-03-06,17.798,9.375280878398542,2.2156878510469546,-0.3047555555555519,Stable,40,DEXMXUS
2026-03-09,17.7615,8.837089232678187,2.848953357074624,-0.2740523809523836,Stable,40,DEXMXUS
2026-03-10,17.4765,10.533297715937724,1.6690324382184762,-0.2516031746031757,Stable,40,DEXMXUS
2026-03-11,17.6444,10.96436335999725,2.4639810454062605,-0.22514126984127003,Stable,40,DEXMXUS
2026-03-12,17.835,11.41282556060198,3.7015071169411273,-0.19259682539682288,Stable,40,DEXMXUS
2026-03-13,17.9437,11.511525599271737,4.136754319275271,-0.15868571428571343,Stable,40,DEXMXUS
2026-03-16,17.7654,12.08268052133485,3.4911832041057744,-0.12591746031745998,Stable,40,DEXMXUS
2026-03-17,17.7144,12.173052326780207,3.194086018373432,-0.09575079365079375,Stable,40,DEXMXUS
2026-03-18,17.684,12.197308220368216,3.1076905136726785,-0.06539047619047622,Stable,40,DEXMXUS
2026-03-19,17.8663,12.54943623854503,4.20462631376346,-0.02909841269841351,Stable,40,DEXMXUS
2026-03-20,17.8874,12.391280075657525,3.5533994071878627,0.000711111111112217,Stable,40,DEXMXUS
2026-03-23,17.8134,12.172391752621882,3.856110074626873,0.03391269841269917,Stable,40,DEXMXUS
2026-03-24,17.8211,12.121274060219596,3.3724484764816154,0.06318253968253629,Trending,80,DEXMXUS
2026-03-25,17.7461,12.142471671855777,3.33480848288632,0.0930365079365103,Trending,80,DEXMXUS
2026-03-26,17.7662,12.112996155284879,3.5344440753626305,0.12502539682539648,Trending,80,DEXMXUS
2026-03-27,18.024,12.881404949550843,4.579714181273831,0.16139523809524192,Trending,80,DEXMXUS
2026-03-30,18.1189,12.876397499693345,5.215815849529926,0.20236984126984225,Trending,80,DEXMXUS
2026-03-31,18.0327,12.912594873028974,3.8349254607956462,0.23365555555555773,Trending,80,DEXMXUS
2026-04-01,17.7957,12.911816730432498,0.9124004808673813,0.2425968253968236,Trending,80,DEXMXUS
2026-04-02,17.8384,12.766908606976532,1.6699533780933917,0.2572095238095251,Trending,80,DEXMXUS
2026-04-03,17.866,12.460872771161004,0.9658040926584066,0.26683809523809643,Trending,80,DEXMXUS
2026-04-06,17.7891,12.408658216564946,-0.05000561860881714,0.2690190476190466,Trending,80,DEXMXUS
2026-04-07,17.7635,12.397691474504484,0.011260310221539171,0.2726507936507936,Trending,80,DEXMXUS
2026-04-08,17.412,13.059315629642409,-0.36906703287272746,0.27857460317460436,Trending,80,DEXMXUS
2026-04-09,17.3485,12.61181146397156,-1.6770193375801878,0.2733269841269852,Trending,80,DEXMXUS
2026-04-10,17.3023,11.89668558045688,-2.9868236613400767,0.2567095238095263,Trending,80,DEXMXUS
2026-04-13,17.3609,11.716897048108857,-3.2479366017042155,0.23600952380952478,Trending,80,DEXMXUS
2026-04-14,17.2627,11.420717972698556,-2.8296576491382175,0.21838888888888874,Trending,80,DEXMXUS
2026-04-15,17.2822,11.437274802034661,-2.4398229688840756,0.20399523809523856,Trending,80,DEXMXUS
2026-04-16,17.2637,11.435440103603648,-2.3767247229133703,0.1904619047619036,Trending,80,DEXMXUS
2026-04-17,17.238,10.65334089382068,-3.5166766482147893,0.16639365079364765,Trending,80,DEXMXUS
2026-04-20,17.3092,10.801172370226189,-3.2324429486677686,0.14081746031746079,Trending,80,DEXMXUS
2026-04-21,17.334,10.804849746034122,-2.691232442992364,0.12015714285714196,Trending,80,DEXMXUS
2026-04-22,17.3252,10.791021553631866,-2.7826565139076886,0.09858095238094933,Trending,80,DEXMXUS
2026-04-23,17.3503,10.778218946159873,-2.2303492034869477,0.07903174603174534,Trending,80,DEXMXUS
2026-04-24,17.3853,10.805128279332642,-2.1439587531379867,0.05846190476190216,Trending,80,DEXMXUS
