observation_date,SPOT,VOL21,MOMENTUM21,REGIME,HEDGE_COST_BPS,FX_CODE
2024-05-27,18.4281,9.568432152321412,-2.025094369716629,Trending,80,DEXSFUS
2024-05-28,18.2764,9.427476095111013,-1.8932745006468463,Trending,80,DEXSFUS
2024-05-29,18.4034,9.090094031384114,-2.15381343541482,Trending,80,DEXSFUS
2024-05-30,18.6122,9.433473601125376,-0.0435009102968231,Trending,80,DEXSFUS
2024-05-31,18.8402,10.33114763110823,1.2821408795970155,Trending,80,DEXSFUS
2024-06-03,18.5016,12.03684884590858,-0.0048642075395344,Trending,80,DEXSFUS
2024-06-04,18.6927,12.522490621236784,1.2336920319091726,Trending,80,DEXSFUS
2024-06-05,18.9477,13.308935424646425,2.5796916280479865,Trending,80,DEXSFUS
2024-06-06,18.9073,13.265092486774268,1.8032133703775652,Trending,80,DEXSFUS
2024-06-07,18.8771,13.145819779427326,2.116207487869115,Trending,80,DEXSFUS
2024-06-10,18.739,13.413782229602113,1.6170665047069654,Trending,80,DEXSFUS
2024-06-11,18.6441,13.360081358423136,1.7091452637091775,Stable,40,DEXSFUS
2024-06-12,18.3658,14.331780506983282,-0.2964105014006235,Trending,80,DEXSFUS
2024-06-13,18.4667,14.29533573144702,0.8448012232415758,Stable,40,DEXSFUS
2024-06-14,18.4008,14.18287892679347,1.0894107952204246,Stable,40,DEXSFUS
2024-06-17,18.2619,14.450249764083363,0.4433126344100868,Stable,40,DEXSFUS
2024-06-18,18.0691,14.926703109810624,-0.6553663618919958,Stable,40,DEXSFUS
2024-06-19,18.0691,14.75930698292632,-0.0154936669636285,Stable,40,DEXSFUS
2024-06-20,18.0615,14.354882724879095,-0.9949021542509427,Stable,40,DEXSFUS
2024-06-21,17.9548,13.90843443794071,-2.592674974366216,Trending,80,DEXSFUS
2024-06-24,18.1403,14.472385840322492,-1.5617453779825374,Stable,40,DEXSFUS
2024-06-25,18.2047,14.54638201680769,-1.2122790738057776,Stable,40,DEXSFUS
2024-06-26,18.2193,14.278685393211346,-0.3124247663653601,Stable,40,DEXSFUS
2024-06-27,18.4702,14.88631638237536,0.362976406533555,Stable,40,DEXSFUS
2024-06-28,18.2283,14.991045968234552,-2.062625589667,Stable,40,DEXSFUS
2024-07-01,18.3154,14.372807654317606,-2.7855330622817087,Stable,40,DEXSFUS
2024-07-02,18.6118,14.251781716478687,0.5956241622346203,Stable,40,DEXSFUS
2024-07-03,18.3525,14.579427666868058,-1.8199618032707976,Stable,40,DEXSFUS
2024-07-04,18.3525,13.60616163598679,-3.14127836096203,Stable,40,DEXSFUS
2024-07-05,18.1935,13.831637617541467,-3.775261406969788,Stable,40,DEXSFUS
2024-07-08,18.1194,13.853751955349312,-4.013858060825015,Stable,40,DEXSFUS
2024-07-09,18.1403,13.747807003301196,-3.194941032072152,Stable,40,DEXSFUS
2024-07-10,18.126,13.688156731320772,-2.7788952000901146,Stable,40,DEXSFUS
2024-07-11,18.0001,12.946572177431568,-1.9912010367095332,Stable,40,DEXSFUS
2024-07-12,18.0051,12.745210716745092,-2.4996344771940904,Stable,40,DEXSFUS
2024-07-15,18.1849,13.27812539898041,-1.1733185513673416,Stable,40,DEXSFUS
2024-07-16,18.0947,13.135203917823974,-0.915567383459559,Stable,40,DEXSFUS
2024-07-17,18.2536,12.95907045234259,1.0210801866169297,Stable,40,DEXSFUS
2024-07-18,18.1746,13.067039221009203,0.5838697002064519,Stable,40,DEXSFUS
2024-07-19,18.2511,13.132703142720556,1.0497466987791748,Stable,40,DEXSFUS
2024-07-22,18.2702,12.922448053060112,1.7566333236794571,Stable,40,DEXSFUS
2024-07-23,18.3808,12.60858036572579,1.3257774127219513,Stable,40,DEXSFUS
2024-07-24,18.3167,12.640780123296755,0.6152257384082205,Stable,40,DEXSFUS
2024-07-25,18.3221,12.639575845046751,0.5642368257836372,Stable,40,DEXSFUS
2024-07-26,18.2605,11.69674817446145,-1.1353423352210457,Stable,40,DEXSFUS
2024-07-29,18.4617,11.408577238616584,1.280426589424133,Stable,40,DEXSFUS
2024-07-30,18.3542,11.513524614820328,0.2118435851796718,Stable,40,DEXSFUS
2024-07-31,18.2081,10.237884207436624,-2.1690540409847414,Stable,40,DEXSFUS
2024-08-01,18.1732,9.11342007687867,-0.9769786132679316,Stable,40,DEXSFUS
2024-08-02,18.2484,9.250957256348572,-0.567225173682051,Stable,40,DEXSFUS
2024-08-05,18.5369,10.27583382033261,1.887487289416545,Stable,40,DEXSFUS
2024-08-06,18.4788,10.223489117183927,1.9835093877280665,Stable,40,DEXSFUS
2024-08-07,18.3697,10.49497546271551,1.2645876859809446,Stable,40,DEXSFUS
2024-08-08,18.3533,10.496803277547556,1.2539997793225233,Stable,40,DEXSFUS
2024-08-09,18.3118,10.192711542924194,1.7316570463497438,Stable,40,DEXSFUS
2024-08-12,18.2242,10.376876239914868,1.2168774402808058,Stable,40,DEXSFUS
2024-08-13,18.1617,9.87588043530574,-0.1275783754653536,Stable,40,DEXSFUS
2024-08-14,18.0694,9.883620055341067,-0.1398199472773642,Stable,40,DEXSFUS
2024-08-15,17.9853,9.457921891696612,-1.4698470438707978,Stable,40,DEXSFUS
2024-08-16,17.8842,9.530966905354337,-1.597834340233084,Stable,40,DEXSFUS
2024-08-19,17.7142,9.811853962469016,-2.941740497833001,Stable,40,DEXSFUS
2024-08-20,17.8594,10.335420008437405,-2.24847018642379,Stable,40,DEXSFUS
2024-08-21,17.8592,10.017955937955456,-2.8377437325905253,Stable,40,DEXSFUS
2024-08-22,18.0258,10.638119266137313,-1.58816817439823,Stable,40,DEXSFUS
2024-08-23,17.73,11.928774505842334,-3.231616463178344,Stable,40,DEXSFUS
2024-08-26,17.7007,11.910490400445129,-3.065633471153584,Stable,40,DEXSFUS
2024-08-27,17.7403,11.113581962816676,-3.9075491422783326,Trending,80,DEXSFUS
2024-08-28,17.7987,11.153859550993582,-3.026555229865635,Stable,40,DEXSFUS
2024-08-29,17.7537,10.909763319633594,-2.49559262086656,Stable,40,DEXSFUS
2024-08-30,17.791,10.964228934145302,-2.1030968679153994,Stable,40,DEXSFUS
2024-09-02,17.791,10.813088610262996,-2.506521119659799,Stable,40,DEXSFUS
2024-09-03,17.9626,9.750987977149473,-3.0981447814898977,Stable,40,DEXSFUS
2024-09-04,17.8623,9.839880755195002,-3.336255601013049,Stable,40,DEXSFUS
2024-09-05,17.722,9.969813547450858,-3.525914957783749,Stable,40,DEXSFUS
2024-09-06,17.8718,10.5713370014993,-2.6235063993941155,Stable,40,DEXSFUS
2024-09-09,17.87,10.571636577293756,-2.4126519512008726,Stable,40,DEXSFUS
2024-09-10,17.9421,10.62997937817621,-1.547941747785908,Stable,40,DEXSFUS
2024-09-11,17.9033,10.598319841871469,-1.4227742997626749,Stable,40,DEXSFUS
2024-09-12,17.8525,10.508477932088956,-1.2003718994543444,Stable,40,DEXSFUS
2024-09-13,17.7048,10.758221072579229,-1.5596070123934491,Stable,40,DEXSFUS
2024-09-16,17.6415,10.663859549342106,-1.3570637769651397,Stable,40,DEXSFUS
2024-09-17,17.6403,10.163408272216584,-0.4171794379650317,Stable,40,DEXSFUS
2024-09-18,17.5604,9.79115869458334,-1.6741883825884374,Stable,40,DEXSFUS
2024-09-19,17.4771,9.88083405648882,-2.139513528041581,Stable,40,DEXSFUS
2024-09-20,17.49,9.170811012452942,-2.972406217754564,Stable,40,DEXSFUS
2024-09-23,17.3138,8.06153768065736,-2.347433728144388,Stable,40,DEXSFUS
2024-09-24,17.3316,8.09257317674668,-2.0852282678086143,Stable,40,DEXSFUS
2024-09-25,17.2318,8.164405420897388,-2.866355134918808,Stable,40,DEXSFUS
2024-09-26,17.1564,8.043757295695277,-3.6086905223415178,Stable,40,DEXSFUS
2024-09-27,17.0992,8.058580721271753,-3.686555478576292,Stable,40,DEXSFUS
2024-09-30,17.2618,8.874806533235247,-2.974537687594847,Stable,40,DEXSFUS
2024-10-01,17.3832,9.339046971781777,-2.2921701984149334,Stable,40,DEXSFUS
2024-10-02,17.3123,8.52654024487412,-3.6202999565764338,Stable,40,DEXSFUS
2024-10-03,17.5116,9.550769188692117,-1.9633529836583172,Stable,40,DEXSFUS
2024-10-04,17.4719,9.230856674258574,-1.4112402663356227,Stable,40,DEXSFUS
2024-10-07,17.3975,8.683645466457461,-2.653901677503101,Stable,40,DEXSFUS
2024-10-08,17.5579,9.410984111606634,-1.7465025181869098,Stable,40,DEXSFUS
2024-10-09,17.6388,9.45024819269777,-1.6904375741970012,Stable,40,DEXSFUS
2024-10-10,17.5276,9.632930319358747,-2.098495808035405,Stable,40,DEXSFUS
2024-10-11,17.3978,9.870249585286706,-2.5469822153759925,Stable,40,DEXSFUS
2024-10-14,17.3978,9.5345775734957,-1.733993041435078,Stable,40,DEXSFUS
2024-10-15,17.6198,10.562627670590432,-0.1230054133718794,Stable,40,DEXSFUS
2024-10-16,17.6468,10.576586173481134,0.0368474459051082,Trending,80,DEXSFUS
2024-10-17,17.6858,10.46692471274132,0.7141067401653656,Trending,80,DEXSFUS
2024-10-18,17.5919,10.50344847270254,0.6568595476366124,Trending,80,DEXSFUS
2024-10-21,17.6513,10.55591795941771,0.9222412807318614,Trending,80,DEXSFUS
2024-10-22,17.5267,10.223262313154292,1.2296549573172832,Trending,80,DEXSFUS
2024-10-23,17.8501,11.95061174997811,2.991645318377989,Trending,80,DEXSFUS
2024-10-24,17.6862,12.264870295574257,2.636985108926515,Trending,80,DEXSFUS
2024-10-25,17.6625,12.133227839345516,2.949919563544801,Trending,80,DEXSFUS
2024-10-28,17.7092,12.014670794403616,3.567418358753627,Trending,80,DEXSFUS
2024-10-29,17.6824,11.714695528590932,2.436594097950384,Trending,80,DEXSFUS
2024-10-30,17.6784,11.525525460290122,1.6981913571724403,Stable,40,DEXSFUS
2024-10-31,17.675,11.394982015823588,2.0950422531957003,Stable,40,DEXSFUS
2024-11-01,17.5778,10.934383147020707,0.3780351309988772,Stable,40,DEXSFUS
2024-11-04,17.5526,10.91446196902991,0.4618845117016379,Stable,40,DEXSFUS
2024-11-05,17.4283,11.103320693308524,0.1770369305934771,Stable,40,DEXSFUS
2024-11-06,17.6243,11.332678215081208,0.3781773446710712,Stable,40,DEXSFUS
2024-11-07,17.3211,12.700872522455006,-1.8011429348935182,Stable,40,DEXSFUS
2024-11-08,17.5749,13.606237268690064,0.2698601063465533,Stable,40,DEXSFUS
2024-11-11,17.5749,13.32614191700086,1.0179447976180755,Stable,40,DEXSFUS
2024-11-12,18.1704,17.633845612899268,4.440791364425389,Stable,40,DEXSFUS
2024-11-13,18.2508,17.23251637568024,3.5811984244997097,Stable,40,DEXSFUS
2024-11-14,18.2145,17.280773719072485,3.2170138495364764,Stable,40,DEXSFUS
2024-11-15,18.2405,17.279218197310172,3.136414524646902,Stable,40,DEXSFUS
2024-11-18,17.9721,18.038577387875502,2.1612219260000565,Stable,40,DEXSFUS
2024-11-19,18.0528,18.060558680208143,2.274619999660099,Stable,40,DEXSFUS
2024-11-20,18.0953,17.815306498870473,3.2441931453154327,Stable,40,DEXSFUS
2024-11-21,18.1114,16.725180072721184,1.463857345336983,Stable,40,DEXSFUS
2024-11-22,18.106,16.339500332685255,2.373602017392096,Stable,40,DEXSFUS
2024-11-25,18.09,16.331438362548408,2.420382165605095,Stable,40,DEXSFUS
2024-11-26,18.1857,16.38676774335939,2.690691843787429,Stable,40,DEXSFUS
2024-11-27,18.211,16.354449837608843,2.9894132018277952,Stable,40,DEXSFUS
2024-11-28,18.211,16.351709504775947,3.0127160829034327,Stable,40,DEXSFUS
2024-11-29,18.0405,16.771944352883743,2.067892503536073,Stable,40,DEXSFUS
2024-12-02,18.2043,16.81735706351035,3.5641547861507084,Stable,40,DEXSFUS
2024-12-03,18.0848,17.031224340514385,3.0320294429315275,Stable,40,DEXSFUS
2024-12-04,18.0795,16.761569751869875,3.736451633263127,Stable,40,DEXSFUS
2024-12-05,18.0432,16.44638883699996,2.376831987653394,Stable,40,DEXSFUS
2024-12-06,18.0064,15.09525238515413,3.9564461841338,Stable,40,DEXSFUS
2024-12-09,17.7605,15.264374750310584,1.0560515280314542,Stable,40,DEXSFUS
2024-12-10,17.8417,15.325886562404875,1.5180740715452057,Stable,40,DEXSFUS
2024-12-11,17.7029,9.768826824807334,-2.572865759697096,Stable,40,DEXSFUS
2024-12-12,17.7552,9.6745478897777,-2.715497402853595,Stable,40,DEXSFUS
2024-12-13,17.8699,10.033944710971552,-1.8918993109884985,Stable,40,DEXSFUS
2024-12-16,17.8355,10.003544072226765,-2.2203338724267496,Stable,40,DEXSFUS
2024-12-17,18.1224,10.384998927644338,0.8362962592017409,Stable,40,DEXSFUS
2024-12-18,18.0932,10.298187140450368,0.2237879996454639,Stable,40,DEXSFUS
2024-12-19,18.423,12.049921561206288,1.810967488795412,Trending,80,DEXSFUS
2024-12-20,18.3194,12.258834763269403,1.1484479388672364,Stable,40,DEXSFUS
2024-12-23,18.5472,12.920601762188817,2.4367612945984662,Trending,80,DEXSFUS
2024-12-24,18.6712,13.033942920933136,3.212824765063571,Trending,80,DEXSFUS
2024-12-25,18.6712,12.970780676488916,2.669680023315002,Trending,80,DEXSFUS
2024-12-26,18.8764,13.39962251848726,3.653835593871846,Trending,80,DEXSFUS
2024-12-27,18.6502,14.214379568624729,2.4117291746746705,Trending,80,DEXSFUS
2024-12-30,18.8154,13.910779874523357,4.295335495135944,Trending,80,DEXSFUS
2024-12-31,18.8792,13.685877165596647,3.707365842136201,Trending,80,DEXSFUS
2025-01-01,18.8792,13.367376581777718,4.392639122356901,Stable,40,DEXSFUS
2025-01-02,18.7025,13.927642044604063,3.4458917558560787,Trending,80,DEXSFUS
2025-01-03,18.7892,13.897838606196377,4.1345215926221535,Trending,80,DEXSFUS
2025-01-06,18.5663,14.650941643068322,3.109449973342815,Trending,80,DEXSFUS
2025-01-07,18.685,13.649650008771836,5.205371470397791,Trending,80,DEXSFUS
2025-01-08,18.8691,13.873622257565138,5.758419881513532,Trending,80,DEXSFUS
2025-01-09,18.9276,13.339181205102175,6.918075569539472,Trending,80,DEXSFUS
2025-01-10,19.115,13.537068963309634,7.658601423808231,Trending,80,DEXSFUS
2025-01-13,19.0666,13.651805961412,6.696735851907398,Trending,80,DEXSFUS
2025-01-14,18.9298,14.012928292717222,6.135516245689776,Trending,80,DEXSFUS
2025-01-15,18.7891,13.581230363335878,3.6788725555114254,Trending,80,DEXSFUS
2025-01-16,18.8121,13.528048646817616,3.973315941900824,Trending,80,DEXSFUS
2025-01-17,18.7297,12.299272604998972,1.6647668675025873,Trending,80,DEXSFUS
2025-01-20,18.7297,12.080679214700975,2.2397021736519696,Trending,80,DEXSFUS
2025-01-21,18.5033,12.163634200788923,-0.2366934092477568,Trending,80,DEXSFUS
2025-01-22,18.4884,11.912469224617022,-0.9790479454989564,Trending,80,DEXSFUS
2025-01-23,18.4882,11.912419291257455,-0.9801191139294784,Trending,80,DEXSFUS
2025-01-24,18.3869,11.269757934502268,-2.5931851412345552,Stable,40,DEXSFUS
2025-01-27,18.7281,12.495764129386114,0.417689890725037,Trending,80,DEXSFUS
2025-01-28,18.7017,12.102301879392964,-0.6042922287062824,Trending,80,DEXSFUS
2025-01-29,18.5868,12.190182672737295,-1.5487944404423917,Stable,40,DEXSFUS
2025-01-30,18.4681,12.34277028210422,-2.1775287088436013,Stable,40,DEXSFUS
2025-01-31,18.6424,12.459416612145274,-0.3213474134474148,Stable,40,DEXSFUS
2025-02-03,18.8044,12.730754574884044,0.0808975368828957,Stable,40,DEXSFUS
2025-02-04,18.6729,12.258634407194636,0.5741585560935736,Stable,40,DEXSFUS
2025-02-05,18.5275,12.354459823947051,-0.8429221300508383,Stable,40,DEXSFUS
2025-02-06,18.4817,11.793937405192237,-2.053092092362641,Stable,40,DEXSFUS
2025-02-07,18.4199,11.725386158971014,-2.682326338257379,Stable,40,DEXSFUS
2025-02-10,18.4596,11.085282286903258,-3.428720899816895,Stable,40,DEXSFUS
2025-02-11,18.4715,11.10755771600146,-3.121164759317352,Stable,40,DEXSFUS
2025-02-12,18.5101,10.972472879135816,-2.217139113989574,Stable,40,DEXSFUS
2025-02-13,18.5481,10.76670756255775,-1.2826585626772968,Stable,40,DEXSFUS
2025-02-14,18.3533,11.271843689839894,-2.4388558427820395,Stable,40,DEXSFUS
2025-02-17,18.3533,11.215728229722494,-2.009642439547888,Stable,40,DEXSFUS
2025-02-18,18.3923,11.262288545152304,-1.8014170008062158,Stable,40,DEXSFUS
2025-02-19,18.5782,11.092849588749536,0.4047926586068451,Stable,40,DEXSFUS
2025-02-20,18.3474,11.926316293091608,-0.7626403582786989,Stable,40,DEXSFUS
2025-02-21,18.3168,11.934404370452537,-0.9270778117934642,Stable,40,DEXSFUS
2025-02-24,18.3472,11.808389267409783,-0.2159145913666837,Stable,40,DEXSFUS
2025-02-25,18.4225,9.830556235851152,-1.6317725770366498,Stable,40,DEXSFUS
2025-02-26,18.3772,9.845936088876297,-1.7351363779763318,Stable,40,DEXSFUS
2025-02-27,18.4586,9.806057610771012,-0.6897368024619599,Stable,40,DEXSFUS
2025-02-28,18.6012,9.922307748515989,0.7207021837655203,Stable,40,DEXSFUS
2025-03-03,18.5825,9.362209199398343,-0.3213105608719901,Stable,40,DEXSFUS
2025-03-04,18.5699,8.794600862465796,-1.24704856310226,Stable,40,DEXSFUS
2025-03-05,18.3507,9.375189102751332,-1.7254952364121223,Stable,40,DEXSFUS
2025-03-06,18.1382,9.812648949129892,-2.1012009175549795,Stable,40,DEXSFUS
2025-03-07,18.2291,10.010908345802958,-1.36675738703691,Stable,40,DEXSFUS
2025-03-10,18.2912,10.05387421011172,-0.6987008615681911,Stable,40,DEXSFUS
2025-03-11,18.1873,10.17697982819628,-1.4751132202214468,Stable,40,DEXSFUS
2025-03-12,18.338,10.636893963620611,-0.7227350242264952,Stable,40,DEXSFUS
2025-03-13,18.3092,10.607776214932992,-1.085353401656397,Stable,40,DEXSFUS
2025-03-14,18.1609,10.87966577835357,-2.087545355049847,Stable,40,DEXSFUS
2025-03-17,18.078,10.409226631543854,-1.5000027243057157,Stable,40,DEXSFUS
2025-03-18,18.1039,10.433151181813695,-1.3588836884919964,Stable,40,DEXSFUS
2025-03-19,18.1544,10.457775722899706,-1.2934760742267182,Stable,40,DEXSFUS
2025-03-20,18.1343,9.705647477495337,-2.38935957197145,Stable,40,DEXSFUS
2025-03-21,18.2273,9.012799176672887,-0.6545886610636931,Stable,40,DEXSFUS
2025-03-24,18.1672,9.061562593615498,-0.8167365478686239,Trending,80,DEXSFUS
2025-03-25,18.2244,9.118183524929494,-0.6693119386064428,Stable,40,DEXSFUS
2025-03-26,18.2614,9.019621819290844,-0.8744741484597696,Trending,80,DEXSFUS
2025-03-27,18.2434,8.991698918233501,-0.7280760942907416,Trending,80,DEXSFUS
2025-03-28,18.4005,9.379109361905424,-0.3147584323838215,Trending,80,DEXSFUS
2025-03-31,18.3845,8.93368712889481,-1.1649786035309528,Trending,80,DEXSFUS
2025-04-01,18.3846,8.933954247479916,-1.0649804923987705,Trending,80,DEXSFUS
2025-04-02,18.7572,11.466932157766118,1.0086214788447956,Trending,80,DEXSFUS
2025-04-03,18.735,10.587179738039351,2.0941980414916017,Trending,80,DEXSFUS
2025-04-04,19.0676,11.058293181448398,5.123992457906512,Trending,80,DEXSFUS
2025-04-07,19.5774,13.899307149331191,7.396415621177144,Trending,80,DEXSFUS
2025-04-08,19.5862,13.93789212445206,7.079907277816666,Trending,80,DEXSFUS
2025-04-09,19.8177,13.835305872834777,8.964497204092957,Trending,80,DEXSFUS
2025-04-10,19.5173,15.25882195815426,6.430908496019172,Stable,40,DEXSFUS
2025-04-11,19.1672,16.84921467205647,4.686168702073279,Stable,40,DEXSFUS
2025-04-14,18.8924,17.45883322092987,4.027884080634747,Stable,40,DEXSFUS
2025-04-15,18.9895,17.32644178830145,5.042040048677943,Stable,40,DEXSFUS
2025-04-16,18.7977,17.86009351501435,3.8323234220250857,Stable,40,DEXSFUS
2025-04-17,18.7973,17.86805230193867,3.54129026572072,Stable,40,DEXSFUS
2025-04-18,18.8387,17.838860535170678,3.884351753307258,Stable,40,DEXSFUS
2025-04-21,18.7294,17.98898484842136,2.754659219961253,Stable,40,DEXSFUS
2025-04-22,18.5732,18.236435214575305,2.234796776608383,Stable,40,DEXSFUS
2025-04-23,18.6327,18.23721781040517,2.240402976229672,Stable,40,DEXSFUS
2025-04-24,18.8015,18.44290061772743,2.957604564819793,Stable,40,DEXSFUS
2025-04-25,18.7159,18.5434532732466,2.589977745376415,Stable,40,DEXSFUS
2025-04-28,18.5482,18.66711691581892,0.802695578924495,Stable,40,DEXSFUS
2025-04-29,18.5639,18.66133925325212,0.9758220239876048,Stable,40,DEXSFUS
2025-04-30,18.5814,18.66085638201236,1.0704611468294043,Stable,40,DEXSFUS
2025-05-01,18.6396,17.274849564591484,-0.626959247648895,Stable,40,DEXSFUS
2025-05-02,18.4324,17.68085664006136,-1.615158793701621,Stable,40,DEXSFUS
2025-05-05,18.2733,16.533312349558337,-4.165705175271139,Stable,40,DEXSFUS
2025-05-06,18.1638,12.849458006750766,-7.220570658003633,Stable,40,DEXSFUS
2025-05-07,18.216,12.97095957702352,-6.995741899909125,Stable,40,DEXSFUS
2025-05-08,18.1881,11.763388349457973,-8.222952209388579,Stable,40,DEXSFUS
2025-05-09,18.2278,11.221717723617257,-6.606958954363562,Stable,40,DEXSFUS
2025-05-12,18.3017,10.120778575011824,-4.515526524479318,Stable,40,DEXSFUS
2025-05-13,18.3135,9.135710872314288,-3.0641951260824363,Stable,40,DEXSFUS
2025-05-14,18.2427,8.843334770180702,-3.9326996498064704,Stable,40,DEXSFUS
2025-05-15,18.031,9.032557562784586,-4.078690478090408,Trending,80,DEXSFUS
2025-05-16,18.0935,9.20626763595972,-3.7441547456283697,Trending,80,DEXSFUS
2025-05-19,18.0641,9.091391173404563,-4.111748687542127,Trending,80,DEXSFUS
2025-05-20,17.9317,9.187163537748164,-4.259079308466895,Trending,80,DEXSFUS
2025-05-21,17.8989,8.898218294515175,-3.630499860013348,Trending,80,DEXSFUS
2025-05-22,17.9822,9.013277734254975,-3.4911741186194223,Trending,80,DEXSFUS
2025-05-23,17.8504,8.31482137008894,-5.058638938382575,Trending,80,DEXSFUS
2025-05-26,17.8504,8.319715761393837,-4.624410260794298,Trending,80,DEXSFUS
2025-05-27,17.9181,8.193507807166016,-3.3970951359161616,Trending,80,DEXSFUS
2025-05-28,17.9618,8.272383506677578,-3.243391744191681,Trending,80,DEXSFUS
2025-05-29,17.8028,8.589398398678135,-4.190211717093428,Stable,40,DEXSFUS
2025-05-30,18.0319,9.889438500868495,-3.260263095774596,Trending,80,DEXSFUS
2025-06-02,17.8711,9.648097175571394,-3.045181311169476,Trending,80,DEXSFUS
2025-06-03,17.89,9.318047889113208,-2.097595945997699,Trending,80,DEXSFUS
2025-06-04,17.8027,9.25055752193089,-1.9880201279467768,Trending,80,DEXSFUS
2025-06-05,17.7622,9.154568124289062,-2.491216512955652,Stable,40,DEXSFUS
2025-06-06,17.7716,9.172547374022622,-2.289958819227955,Trending,80,DEXSFUS
2025-06-09,17.7056,9.135090574808764,-2.864854782255666,Stable,40,DEXSFUS
2025-06-10,17.7102,8.943904643496753,-3.2319402022762955,Stable,40,DEXSFUS
2025-06-11,17.6945,8.912274355817443,-3.3800202036748828,Stable,40,DEXSFUS
2025-06-12,17.7854,9.168538086124292,-2.5067561271083783,Stable,40,DEXSFUS
2025-06-13,17.9063,8.7414824012547,-0.6915867117741503,Stable,40,DEXSFUS
2025-06-16,17.7842,8.9053073762793,-1.7094536712078945,Stable,40,DEXSFUS
2025-06-17,17.9299,9.425712832155105,-0.7429099706046771,Stable,40,DEXSFUS
2025-06-18,17.9332,9.076410363164475,0.0083650741424357,Stable,40,DEXSFUS
2025-06-19,17.9332,9.05155068841651,0.1916318879931156,Stable,40,DEXSFUS
2025-06-20,17.9858,8.96180849581931,0.0200197973551752,Stable,40,DEXSFUS
2025-06-23,17.9993,8.554187742977312,0.8341549769192991,Stable,40,DEXSFUS
2025-06-24,17.7756,9.64323207422038,-0.4190382288352112,Stable,40,DEXSFUS
2025-06-25,17.7682,9.534236034837964,-0.8365842360518072,Stable,40,DEXSFUS
2025-06-26,17.7907,9.499099010416066,-0.9525771359217838,Stable,40,DEXSFUS
2025-06-27,17.8113,9.00187155340943,0.0477452984923632,Stable,40,DEXSFUS
2025-06-30,17.7172,7.866474032931016,-1.745240379549584,Stable,40,DEXSFUS
2025-07-01,17.6221,7.493696751796322,-1.3933109881316683,Stable,40,DEXSFUS
2025-07-02,17.5916,7.475527059950735,-1.6679709334823989,Stable,40,DEXSFUS
2025-07-03,17.4911,7.5382649765312335,-1.750296303369725,Stable,40,DEXSFUS
2025-07-04,17.4911,7.524491596814334,-1.5262748983797092,Stable,40,DEXSFUS
2025-07-07,17.735,9.079722506138928,-0.205946566431836,Stable,40,DEXSFUS
2025-07-08,17.8229,9.139374845794778,0.6625022591722374,Stable,40,DEXSFUS
2025-07-09,17.7926,9.16645498106857,0.4652686022744046,Stable,40,DEXSFUS
2025-07-10,17.7196,9.283093715772184,0.1418519879058388,Stable,40,DEXSFUS
2025-07-11,17.9208,9.936416012929335,0.7612985932281546,Trending,80,DEXSFUS
2025-07-14,17.9118,9.660271339130924,0.030715446518803,Trending,80,DEXSFUS
2025-07-15,17.8933,9.346060546399142,0.6134658854488828,Stable,40,DEXSFUS
2025-07-16,17.8509,8.930230505247438,-0.4406047998036788,Stable,40,DEXSFUS
2025-07-17,17.8056,8.965368375167245,-0.7115294537505923,Trending,80,DEXSFUS
2025-07-18,17.6758,9.28214065829722,-1.4353266567037726,Trending,80,DEXSFUS
2025-07-21,17.68,9.196805200344857,-1.700230181587703,Trending,80,DEXSFUS
2025-07-22,17.5531,9.43532805285558,-2.4789852938725487,Stable,40,DEXSFUS
2025-07-23,17.5416,8.50177348852507,-1.316411260379402,Trending,80,DEXSFUS
2025-07-24,17.6247,8.702198334303326,-0.8076226066793479,Trending,80,DEXSFUS
2025-07-25,17.8091,9.46958974573684,0.1034248230817214,Stable,40,DEXSFUS
2025-07-28,17.8854,9.576338203363372,0.416028027151305,Stable,40,DEXSFUS
2025-07-29,17.8835,9.367471348361342,0.9386359018355162,Stable,40,DEXSFUS
2025-07-30,17.9588,9.202645754480326,1.9106689895074915,Stable,40,DEXSFUS
2025-07-31,18.1741,9.905497911272734,3.3112394551945146,Trending,80,DEXSFUS
2025-08-01,18.0357,10.101723936718004,3.113583479598181,Trending,80,DEXSFUS
2025-08-04,17.9311,10.404065668850867,2.51556505880135,Trending,80,DEXSFUS
2025-08-05,17.8946,9.35862813768426,0.8999154214829552,Stable,40,DEXSFUS
2025-08-06,17.7573,9.610410535309343,-0.3680658029837969,Stable,40,DEXSFUS
2025-08-07,17.789,9.615789400730476,-0.020233130627334,Stable,40,DEXSFUS
2025-08-08,17.7084,9.639959150138033,-0.0632068443982891,Stable,40,DEXSFUS
2025-08-11,17.7358,8.739410122711456,-1.0323199857149137,Stable,40,DEXSFUS
2025-08-12,17.569,9.270303852945208,-1.9138221730926053,Stable,40,DEXSFUS
2025-08-13,17.5122,9.305433453582458,-2.1298474848127524,Stable,40,DEXSFUS
2025-08-14,17.6253,9.639223106069728,-1.2638018251180605,Stable,40,DEXSFUS
2025-08-15,17.5905,9.626834563582182,-1.208046906591187,Stable,40,DEXSFUS
2025-08-18,17.6567,9.412464754545583,-0.1080573439391607,Stable,40,DEXSFUS
2025-08-19,17.662,9.412717782527656,-0.1018099547511308,Stable,40,DEXSFUS
2025-08-20,17.6918,9.059037738176954,0.7901738154514115,Stable,40,DEXSFUS
2025-08-21,17.7462,9.096867044695408,1.1663702284854471,Stable,40,DEXSFUS
2025-08-22,17.4469,10.773004791301268,-1.0088114975006723,Stable,40,DEXSFUS
2025-08-25,17.5833,10.469823799047871,-1.2678911343077417,Stable,40,DEXSFUS
2025-08-26,17.6123,10.354513088024882,-1.5269437641875494,Stable,40,DEXSFUS
2025-08-27,17.7122,10.587966637783866,-0.9578661895043084,Stable,40,DEXSFUS
2025-08-28,17.6977,10.452274848512117,-1.4538833329621026,Stable,40,DEXSFUS
2025-08-29,17.6519,9.39280695952208,-2.8733197242229225,Stable,40,DEXSFUS
2025-09-01,17.6519,9.12140965772172,-2.128001685545877,Stable,40,DEXSFUS
2025-09-02,17.6973,9.027815460530086,-1.303879851208245,Stable,40,DEXSFUS
2025-09-03,17.6535,9.037839429910694,-1.3473338325528328,Stable,40,DEXSFUS
2025-09-04,17.7615,8.945937500873038,0.0236522444290621,Stable,40,DEXSFUS
2025-09-05,17.5486,9.83288375521408,-1.3513969306875095,Stable,40,DEXSFUS
2025-09-08,17.49,9.78184176039963,-1.2333130039981155,Stable,40,DEXSFUS
2025-09-09,17.5247,9.79492750792003,-1.190247973026315,Stable,40,DEXSFUS
2025-09-10,17.4681,9.31344685372811,-0.5743070180431409,Stable,40,DEXSFUS
2025-09-11,17.3906,9.371052691371748,-0.6943730656342462,Stable,40,DEXSFUS
2025-09-12,17.3878,9.043004181704092,-1.3474947944148497,Stable,40,DEXSFUS
2025-09-15,17.3758,9.029885381779325,-1.2205451806372558,Stable,40,DEXSFUS
2025-09-16,17.3416,8.900744820008144,-1.7845916847429089,Stable,40,DEXSFUS
2025-09-17,17.3504,8.904385347975099,-1.7642396104631364,Stable,40,DEXSFUS
2025-09-18,17.3425,8.858817234104517,-1.9743610034027024,Stable,40,DEXSFUS
2025-09-19,17.3498,8.75457597349682,-2.233717640959776,Stable,40,DEXSFUS
2025-09-22,17.3495,6.603185866460135,-0.5582653651938219,Stable,40,DEXSFUS
2025-09-23,17.2387,6.237355372912965,-1.9598141418277537,Stable,40,DEXSFUS
2025-09-24,17.3403,6.62044082818983,-1.5443752377599873,Stable,40,DEXSFUS
2025-09-25,17.4359,6.60126043352985,-1.5599417350752542,Stable,40,DEXSFUS
2025-09-26,17.358,6.7265723451016095,-1.9194584607039376,Stable,40,DEXSFUS
2025-09-29,17.2564,6.921249138277032,-2.240552008565666,Stable,40,DEXSFUS
2025-09-30,17.2681,6.938412709474022,-2.17427019187737,Stable,40,DEXSFUS
2025-10-01,17.2111,6.851212828373621,-2.747311736818614,Trending,80,DEXSFUS
2025-10-02,17.3221,7.341091178059239,-1.8772481377630656,Trending,80,DEXSFUS
2025-10-03,17.2085,7.126154715597615,-3.113475776257635,Trending,80,DEXSFUS
2025-10-06,17.1995,6.020348785818689,-1.98933248236326,Trending,80,DEXSFUS
2025-10-07,17.2092,5.9768086812277765,-1.6054888507718634,Trending,80,DEXSFUS
2025-10-08,17.1511,5.954705864298975,-2.1318481914098357,Trending,80,DEXSFUS
2025-10-09,17.1619,5.9241676417491815,-1.752909589480256,Trending,80,DEXSFUS
2025-10-10,17.4215,7.954038528705812,0.1776821961289476,Stable,40,DEXSFUS
2025-10-13,17.4215,7.953577429337145,0.1938140535318044,Stable,40,DEXSFUS
2025-10-14,17.3797,7.9970027766131855,0.0224450097261685,Stable,40,DEXSFUS
2025-10-15,17.3305,8.029580070098612,-0.0640079346773014,Stable,40,DEXSFUS
2025-10-16,17.308,8.03904057838896,-0.2443747694577669,Stable,40,DEXSFUS
2025-10-17,17.3847,8.188995597146222,0.2433328528182121,Stable,40,DEXSFUS
2025-10-20,17.2367,8.716608806880046,-0.6518807133223392,Stable,40,DEXSFUS
2025-10-21,17.372,9.162988003937452,0.1296867344880325,Stable,40,DEXSFUS
2025-10-22,17.3967,8.863279854984153,0.9165424306937232,Stable,40,DEXSFUS
2025-10-23,17.315,8.80262753477393,-0.1459028967203401,Stable,40,DEXSFUS
2025-10-24,17.2573,8.629238623960182,-1.024323378775971,Stable,40,DEXSFUS
2025-10-27,17.2429,8.508415744702615,-0.663094826592936,Stable,40,DEXSFUS
2025-10-28,17.1506,8.468970976418488,-0.6131058621728691,Stable,40,DEXSFUS
2025-10-29,17.1073,8.495982151335687,-0.9311968311510932,Stable,40,DEXSFUS
2025-10-30,17.2901,9.248986777351009,0.4590061065242734,Stable,40,DEXSFUS
2025-10-31,17.3312,9.008648102226989,0.0525340461029477,Stable,40,DEXSFUS
2025-11-03,17.296,8.722814072082304,0.5084696516256315,Stable,40,DEXSFUS
2025-11-04,17.474,9.380781407490286,1.5959766272275244,Stable,40,DEXSFUS
2025-11-05,17.404,9.525932294938148,1.1319526764753671,Stable,40,DEXSFUS
2025-11-06,17.3948,9.428511104882585,1.4209001171936464,Stable,40,DEXSFUS
2025-11-07,17.3106,9.621284211274354,0.8664541804811909,Stable,40,DEXSFUS
2025-11-10,17.1616,8.500345651194225,-1.4918348018253424,Stable,40,DEXSFUS
2025-11-11,17.1616,8.500345651194225,-1.4918348018253424,Stable,40,DEXSFUS
2025-11-12,17.0961,8.550041629628998,-1.6317888110842005,Stable,40,DEXSFUS
2025-11-13,17.0096,8.652001709431675,-1.851648827212149,Stable,40,DEXSFUS
2025-11-14,17.1235,9.037411828594768,-1.0659810492257948,Stable,40,DEXSFUS
2025-11-17,17.0992,8.861111215481019,-1.642248643922528,Stable,40,DEXSFUS
2025-11-18,17.1738,8.561566548289887,-0.3649190390271895,Stable,40,DEXSFUS
2025-11-19,17.2106,8.10491174130267,-0.9290812802210446,Stable,40,DEXSFUS
2025-11-20,17.2353,8.105297327727358,-0.9277621617893028,Stable,40,DEXSFUS
2025-11-21,17.3699,8.427490252644317,0.3170661276350017,Stable,40,DEXSFUS
2025-11-24,17.3182,8.409765414676725,0.3528941375533945,Stable,40,DEXSFUS
2025-11-25,17.2412,8.556507951787612,-0.0098591304246942,Stable,40,DEXSFUS
2025-11-26,17.0926,8.882954815143616,-0.3381805884342226,Stable,40,DEXSFUS
2025-11-27,17.0926,8.840738596547107,-0.0859282294692787,Stable,40,DEXSFUS
2025-11-28,17.1229,7.976998193106288,-0.967027374046403,Stable,40,DEXSFUS
2025-12-01,17.0764,7.944548332571098,-1.4701809453471215,Stable,40,DEXSFUS
2025-12-02,17.1427,8.08198744176747,-0.8863320999074831,Stable,40,DEXSFUS
2025-12-03,17.047,7.262382845262992,-2.4436305367975253,Stable,40,DEXSFUS
2025-12-04,16.9866,7.241329830911182,-2.3982992415536697,Stable,40,DEXSFUS
2025-12-05,16.964,7.238051172162582,-2.476602202957212,Stable,40,DEXSFUS
2025-12-08,17.0396,7.361646184561793,-1.565514771296206,Stable,40,DEXSFUS
2025-12-09,17.0537,6.795024476678749,-0.6287292560134272,Stable,40,DEXSFUS
2025-12-10,16.9856,6.913211468257178,-1.025545403691952,Stable,40,DEXSFUS
2025-12-11,16.8415,7.370777150011907,-1.489228537502707,Stable,40,DEXSFUS
2025-12-12,16.8635,7.225229087549241,-0.8589267237324894,Stable,40,DEXSFUS
2025-12-15,16.7817,6.895836909180936,-1.9960872485181191,Stable,40,DEXSFUS
2025-12-16,16.733,6.927588083386721,-2.141620660615695,Stable,40,DEXSFUS
2025-12-17,16.7375,6.666945019674557,-2.5404977349217983,Stable,40,DEXSFUS
2025-12-18,16.7311,6.563218369735456,-2.786073698767033,Stable,40,DEXSFUS
2025-12-19,16.7492,6.5455345651123045,-2.820374464036024,Stable,40,DEXSFUS
2025-12-22,16.7171,5.633622224218689,-3.75822543595532,Stable,40,DEXSFUS
2025-12-23,16.6973,5.62131938088429,-3.5852455797946825,Stable,40,DEXSFUS
2025-12-24,16.6621,5.536742681117691,-3.3588149316752918,Stable,40,DEXSFUS
2025-12-25,16.6621,4.936392642931836,-2.518633794741598,Stable,40,DEXSFUS
2025-12-26,16.6799,4.983020571770518,-2.4144951616489108,Stable,40,DEXSFUS
2025-12-29,16.696,4.930749793879896,-2.4931524449713582,Stable,40,DEXSFUS
2025-12-30,16.5832,5.274245967769421,-2.888196575390589,Stable,40,DEXSFUS
2025-12-31,16.5496,4.915016618199132,-3.4597817146657106,Stable,40,DEXSFUS
2026-01-01,16.5496,4.732228152260482,-2.917815451399064,Stable,40,DEXSFUS
2026-01-02,16.4833,4.761217121053505,-2.962923716341115,Stable,40,DEXSFUS
2026-01-05,16.3556,5.239676410087006,-3.586418297571325,Stable,40,DEXSFUS
2026-01-06,16.3755,4.864248202191089,-3.8973919575576943,Stable,40,DEXSFUS
2026-01-07,16.4533,5.309597786702573,-3.5206436139957886,Stable,40,DEXSFUS
2026-01-08,16.518,5.581153276476557,-2.7529201205727216,Trending,80,DEXSFUS
2026-01-09,16.4812,4.955422564796905,-2.1393581331829004,Trending,80,DEXSFUS
2026-01-12,16.3837,5.154910096399346,-2.845198209149924,Stable,40,DEXSFUS
2026-01-13,16.4303,5.189048368745107,-2.093947573845334,Trending,80,DEXSFUS
2026-01-14,16.4035,5.148940760308136,-1.9691627323253469,Trending,80,DEXSFUS
2026-01-15,16.3335,5.253300450676167,-2.41374159820762,Trending,80,DEXSFUS
2026-01-16,16.4111,5.635791761977323,-1.912605865723116,Trending,80,DEXSFUS
2026-01-19,16.4111,5.599885972088862,-2.0186038736178302,Trending,80,DEXSFUS
2026-01-20,16.3853,5.593777506096643,-1.9847940133156936,Trending,80,DEXSFUS
2026-01-21,16.2448,6.187422626062293,-2.710018985105356,Trending,80,DEXSFUS
2026-01-22,16.1508,6.376263114106235,-3.068640807581269,Stable,40,DEXSFUS
2026-01-23,16.1502,6.375192941116191,-3.0722417942516067,Stable,40,DEXSFUS
2026-01-26,15.9591,7.234640746613538,-4.321368833146488,Stable,40,DEXSFUS
2026-01-27,15.9726,7.228403970161942,-4.3327743172017374,Stable,40,DEXSFUS
2026-01-28,15.906,7.072193948134616,-4.083650923826532,Stable,40,DEXSFUS
2026-01-29,15.8167,7.183873055729154,-4.428505824914197,Stable,40,DEXSFUS
2026-01-30,16.0354,9.056732266407192,-3.107023734712633,Stable,40,DEXSFUS
2026-02-02,16.0678,9.086038543573029,-2.5207331056281257,Stable,40,DEXSFUS
2026-02-03,15.9194,9.234626799737756,-2.666976448433556,Stable,40,DEXSFUS
2026-02-04,16.0591,9.842344635542393,-1.9321547433665984,Stable,40,DEXSFUS
2026-02-05,16.1822,10.101927208548886,-1.6476937757167076,Stable,40,DEXSFUS
2026-02-06,16.015,10.466972513459847,-3.0451628526456,Stable,40,DEXSFUS
2026-02-09,15.9106,10.611657843299056,-3.4621265441836746,Stable,40,DEXSFUS
2026-02-10,15.9588,10.611550800177447,-2.5934312762074585,Stable,40,DEXSFUS
2026-02-11,15.87,10.604619613573774,-3.4101629306829477,Trending,80,DEXSFUS
2026-02-12,15.937,10.79659905814445,-2.843905264120472,Trending,80,DEXSFUS
2026-02-13,15.9807,10.831011877861837,-2.1599779594085766,Trending,80,DEXSFUS
2026-02-16,15.9807,10.63548761773955,-2.622615181188348,Trending,80,DEXSFUS
2026-02-17,16.0498,10.803333686684764,-2.2015587011230187,Trending,80,DEXSFUS
2026-02-18,16.0423,10.80322359850239,-2.093339761859714,Trending,80,DEXSFUS
2026-02-19,16.1808,10.92386784429316,-0.393972224958139,Trending,80,DEXSFUS
2026-02-20,16.0414,11.148896967835018,-0.6773658270797789,Trending,80,DEXSFUS
2026-02-23,16.0034,11.171204855470052,-0.9089670716152298,Trending,80,DEXSFUS
2026-02-24,15.9353,10.48219847336034,-0.1491312166726155,Trending,80,DEXSFUS
2026-02-25,15.8404,10.67198409787544,-0.8276673803889079,Volatile Breakout,160,DEXSFUS
2026-02-26,15.9692,10.967368281562573,0.3973343392430495,Volatile Breakout,160,DEXSFUS
2026-02-27,15.9167,10.840526052044977,0.632243135420163,Volatile Breakout,160,DEXSFUS
2026-03-02,16.1396,10.868446950060155,0.6498122903077164,Trending,80,DEXSFUS
2026-03-03,16.5394,13.781252597508123,2.935062671927713,Trending,80,DEXSFUS
2026-03-04,16.325,14.198336579926174,2.5478347173888416,Stable,40,DEXSFUS
2026-03-05,16.6306,15.243076157415135,3.5587299412793927,Stable,40,DEXSFUS
2026-03-06,16.5786,15.170099605818596,2.449605121676912,Stable,40,DEXSFUS
2026-03-09,16.5367,14.654927127711598,3.2575710271620206,Stable,40,DEXSFUS
2026-03-10,16.1724,16.590566420834435,1.6454439178912097,Stable,40,DEXSFUS
2026-03-11,16.4612,17.602637252742966,3.148106373912829,Stable,40,DEXSFUS
2026-03-12,16.75,18.23702746959056,5.5450535601764495,Stable,40,DEXSFUS
2026-03-13,16.9434,18.492003340063665,6.31486478007155,Stable,40,DEXSFUS
2026-03-16,16.7741,19.03133395942696,4.964738716076278,Stable,40,DEXSFUS
2026-03-17,16.6831,19.208714633411645,4.395301832835852,Stable,40,DEXSFUS
2026-03-18,16.823,19.31865560347841,4.817505514087395,Stable,40,DEXSFUS
2026-03-19,16.8888,19.29878084931952,5.27667479102123,Stable,40,DEXSFUS
2026-03-20,17.0401,19.312080106794625,5.310615049935707,Stable,40,DEXSFUS
2026-03-23,16.8367,19.586086578353186,4.957796701036066,Stable,40,DEXSFUS
2026-03-24,17.069,19.89052864805965,6.658585050676735,Stable,40,DEXSFUS
2026-03-25,16.9332,20.10426248492485,6.262197762200894,Stable,40,DEXSFUS
2026-03-26,17.0548,19.883006176242475,7.666473068861901,Trending,80,DEXSFUS
2026-03-27,17.0772,19.827355686908543,6.938356335946705,Trending,80,DEXSFUS
2026-03-30,17.1465,19.68383935094723,7.726475965495361,Trending,80,DEXSFUS
2026-03-31,17.0824,19.4631919112054,5.841532627822232,Trending,80,DEXSFUS
2026-04-01,16.7806,18.966753170970783,1.458335852570225,Trending,80,DEXSFUS
2026-04-02,16.9049,18.414646428794597,3.552220520673832,Trending,80,DEXSFUS
2026-04-03,17.0047,17.433614322347026,2.249467848423992,Trending,80,DEXSFUS
2026-04-06,16.8556,17.71393793198103,1.6708286586321952,Trending,80,DEXSFUS
2026-04-07,16.9001,17.68025796764906,2.1975363887595467,Trending,80,DEXSFUS
2026-04-08,16.3306,19.922971264600815,0.9782097895179476,Stable,40,DEXSFUS
2026-04-09,16.3358,18.902234286204283,-0.7617913639346052,Stable,40,DEXSFUS
2026-04-10,16.4284,17.91167341819454,-1.9199999999999997,Stable,40,DEXSFUS
2026-04-13,16.5116,17.481491664021178,-2.548484955793995,Stable,40,DEXSFUS
2026-04-14,16.3583,17.4381572217605,-2.4788215165046146,Stable,40,DEXSFUS
2026-04-15,16.3849,17.39066570967766,-1.7874375865396752,Trending,80,DEXSFUS
2026-04-16,16.3973,17.08093930308859,-2.53046424537835,Trending,80,DEXSFUS
2026-04-17,16.2142,17.31343781975833,-3.9943631282269743,Trending,80,DEXSFUS
2026-04-20,16.3701,17.36663715756248,-3.931901808087968,Trending,80,DEXSFUS
2026-04-21,16.4386,17.082531361206197,-2.364477599529591,Trending,80,DEXSFUS
2026-04-22,16.4704,16.254738015421395,-3.50694241021734,Trending,80,DEXSFUS
2026-04-23,16.4965,16.12369021595855,-2.5789573146245197,Volatile Breakout,160,DEXSFUS
2026-04-24,16.4929,15.84069086061094,-3.294673640265511,Volatile Breakout,160,DEXSFUS
2024-05-27,16.6813,6.741234670495986,-2.6966331458970094,Trending,80,DEXMXUS
2024-05-28,16.7039,6.393082301334271,-1.8208855216678252,Trending,80,DEXMXUS
2024-05-29,16.937,8.122459760009496,-0.7454202365185458,Stable,40,DEXMXUS
2024-05-30,16.9232,8.084629551520674,-0.5710794105896255,Stable,40,DEXMXUS
2024-05-31,16.994,7.998701802637134,0.3863284618929041,Stable,40,DEXMXUS
2024-06-03,17.578,14.208972375745754,3.2057303898543887,Trending,80,DEXMXUS
2024-06-04,17.858,14.62810565700977,5.6586358687934935,Trending,80,DEXMXUS
2024-06-05,17.534,16.303889799385036,3.702389401466744,Trending,80,DEXMXUS
2024-06-06,17.5212,16.312391313127396,3.651819994202521,Trending,80,DEXMXUS
2024-06-07,18.2662,21.4647080969434,8.34687703897028,Trending,80,DEXMXUS
2024-06-10,18.404,21.213824139086316,9.77631971368922,Trending,80,DEXMXUS
2024-06-11,18.435,21.22562266509251,9.686440173737145,Trending,80,DEXMXUS
2024-06-12,18.739,21.600674046302952,11.27540052968492,Trending,80,DEXMXUS
2024-06-13,18.5611,21.61469093033965,11.25690069591383,Trending,80,DEXMXUS
2024-06-14,18.4519,21.88803864361902,10.59704265789172,Trending,80,DEXMXUS
2024-06-17,18.4897,21.67443415721834,11.275141127333566,Trending,80,DEXMXUS
2024-06-18,18.3918,21.78574111838545,11.047512090858037,Trending,80,DEXMXUS
2024-06-19,18.3918,21.83180190316108,10.830029045593136,Trending,80,DEXMXUS
2024-06-20,18.395,21.86468338561355,10.675908210293253,Trending,80,DEXMXUS
2024-06-21,18.1995,22.51803094024492,8.93664142698951,Trending,80,DEXMXUS
2024-06-24,18.0039,23.033589001318173,7.928638655260678,Trending,80,DEXMXUS
2024-06-25,18.125,23.01386849066506,8.654601260093632,Trending,80,DEXMXUS
2024-06-26,18.1658,23.00269077454876,8.751848370739769,Trending,80,DEXMXUS
2024-06-27,18.318,22.78177286675513,8.153746236051251,Trending,80,DEXMXUS
2024-06-28,18.261,22.85463502509653,7.905124326368518,Trending,80,DEXMXUS
2024-07-01,18.386,22.879921682048707,8.19112627986347,Trending,80,DEXMXUS
2024-07-02,18.2249,20.37362016766727,3.680168392308581,Trending,80,DEXMXUS
2024-07-03,18.1141,19.870763538829927,1.4340911636241405,Trending,80,DEXMXUS
2024-07-04,18.1141,18.65365778671465,3.308429337287566,Volatile Breakout,160,DEXMXUS
2024-07-05,18.087,18.667678556092635,3.229230874597633,Volatile Breakout,160,DEXMXUS
2024-07-08,17.9935,11.3746464470235,-1.4929213520053497,Trending,80,DEXMXUS
2024-07-09,17.9441,10.987851732472608,-2.498913279721804,Trending,80,DEXMXUS
2024-07-10,17.8331,11.067144873831774,-3.26498508272306,Trending,80,DEXMXUS
2024-07-11,17.8318,8.948558033026169,-4.841240194247288,Trending,80,DEXMXUS
2024-07-12,17.653,9.003989482828288,-4.892490208015698,Trending,80,DEXMXUS
2024-07-15,17.766,9.397142596226043,-3.717232371734081,Trending,80,DEXMXUS
2024-07-16,17.659,9.398159639496663,-4.4927716512436655,Trending,80,DEXMXUS
2024-07-17,17.7487,9.64733153968289,-3.4966669928990117,Trending,80,DEXMXUS
2024-07-18,17.8452,9.945575113627251,-2.971976641764273,Trending,80,DEXMXUS
2024-07-19,17.9387,10.199236682327989,-2.4805653710247237,Trending,80,DEXMXUS
2024-07-22,17.926,9.602306639416962,-1.50278853814666,Trending,80,DEXMXUS
2024-07-23,18.0738,9.349735140571283,0.3882492126705772,Trending,80,DEXMXUS
2024-07-24,18.3789,10.792997034649195,1.4008275862068986,Trending,80,DEXMXUS
2024-07-25,18.3491,10.805539622047524,1.0090389633266916,Trending,80,DEXMXUS
2024-07-26,18.396,10.45315827024748,0.4258106780216097,Trending,80,DEXMXUS
2024-07-29,18.6591,11.446560572491531,2.180055856743879,Trending,80,DEXMXUS
2024-07-30,18.7983,11.487684778321857,2.2424670945284664,Trending,80,DEXMXUS
2024-07-31,18.5975,11.712008392598497,2.0444556623081533,Trending,80,DEXMXUS
2024-08-01,18.6418,11.431895599578052,2.9132002141977864,Trending,80,DEXMXUS
2024-08-02,18.9991,12.963148440053915,4.885696777648341,Volatile Breakout,160,DEXMXUS
2024-08-05,19.445,14.795909553175,7.508155028473484,Volatile Breakout,160,DEXMXUS
2024-08-06,19.3187,14.90048577217907,7.36488176285881,Volatile Breakout,160,DEXMXUS
2024-08-07,19.1741,15.234744216734498,6.854620738850104,Volatile Breakout,160,DEXMXUS
2024-08-08,19.113,15.035909767936358,7.17710325181824,Volatile Breakout,160,DEXMXUS
2024-08-09,18.8245,16.312807239858603,5.567020715799864,Volatile Breakout,160,DEXMXUS
2024-08-12,18.994,15.77508870424625,7.596442531014569,Volatile Breakout,160,DEXMXUS
2024-08-13,19.0499,15.741493404261004,7.226725205448625,Volatile Breakout,160,DEXMXUS
2024-08-14,18.8242,16.299117969103353,6.598335126564381,Volatile Breakout,160,DEXMXUS
2024-08-15,18.6539,16.80927444754878,5.100091837712051,Volatile Breakout,160,DEXMXUS
2024-08-16,18.6169,16.838243914901746,4.324412166857217,Volatile Breakout,160,DEXMXUS
2024-08-19,18.7425,16.882008153951507,4.480815220723899,Volatile Breakout,160,DEXMXUS
2024-08-20,18.8923,16.965700088512325,5.390494254155986,Volatile Breakout,160,DEXMXUS
2024-08-21,19.191,17.479912958022943,6.181323241377035,Volatile Breakout,160,DEXMXUS
2024-08-22,19.437,17.12406675015144,5.757145422196097,Volatile Breakout,160,DEXMXUS
2024-08-23,19.094,18.482437681160736,4.059599653389001,Volatile Breakout,160,DEXMXUS
2024-08-26,19.405,19.138615184845044,5.484888019134604,Trending,80,DEXMXUS
2024-08-27,19.6486,19.013252603691328,5.303042483292342,Trending,80,DEXMXUS
2024-08-28,19.5288,19.149993099363897,3.885989690557112,Trending,80,DEXMXUS
2024-08-29,19.788,18.96610909377896,6.401398037370609,Volatile Breakout,160,DEXMXUS
2024-08-30,19.6576,19.25696229098993,5.449044620154697,Trending,80,DEXMXUS
2024-09-02,19.6576,18.300149729307435,3.465953650436071,Trending,80,DEXMXUS
2024-09-03,19.83,16.737265937555765,1.9799434301877028,Trending,80,DEXMXUS
2024-09-04,19.8161,16.529963205511155,2.5747074078483534,Trending,80,DEXMXUS
2024-09-05,19.9926,16.411813519930277,4.268779238660492,Trending,80,DEXMXUS
2024-09-06,20.0399,16.301202707804542,4.849578820697964,Trending,80,DEXMXUS
2024-09-09,19.8845,15.492121612156543,5.630959653642842,Trending,80,DEXMXUS
2024-09-10,20.0831,15.54653777813162,5.733915973465309,Trending,80,DEXMXUS
2024-09-11,19.8377,16.38199128814561,4.135454779290182,Trending,80,DEXMXUS
2024-09-12,19.6029,16.38073850851189,4.136696380191451,Trending,80,DEXMXUS
2024-09-13,19.2589,17.338730325787076,3.243289606999067,Trending,80,DEXMXUS
2024-09-16,19.251,17.306547840106386,3.406045045093431,Trending,80,DEXMXUS
2024-09-17,19.2769,17.207099942366668,2.8512738428704942,Trending,80,DEXMXUS
2024-09-18,19.2802,17.041795130737647,2.0532174483784527,Trending,80,DEXMXUS
2024-09-19,19.2449,16.18732447975065,0.280860820176132,Trending,80,DEXMXUS
2024-09-20,19.323,15.599513263989698,-0.5865102639296182,Trending,80,DEXMXUS
2024-09-23,19.3865,14.285430225400066,1.5318948360741658,Trending,80,DEXMXUS
2024-09-24,19.3435,13.144154433207014,-0.3169286266426319,Trending,80,DEXMXUS
2024-09-25,19.5715,13.05340699585297,-0.3923943690644527,Trending,80,DEXMXUS
2024-09-26,19.569,12.873567558710793,0.2058498218016291,Trending,80,DEXMXUS
2024-09-27,19.6428,12.045412136978896,-0.7337780473013922,Trending,80,DEXMXUS
2024-09-30,19.6903,11.857645035620717,0.1663478756308123,Trending,80,DEXMXUS
2024-10-01,19.7043,11.859403534810598,0.2375671496011699,Trending,80,DEXMXUS
2024-10-02,19.3734,12.78541037540211,-2.3025718608169377,Trending,80,DEXMXUS
2024-10-03,19.4841,13.000534230442351,-1.675405352213588,Trending,80,DEXMXUS
2024-10-04,19.1551,13.635724839212482,-4.189049948480927,Trending,80,DEXMXUS
2024-10-07,19.3477,14.194623165065448,-3.4541090524403795,Trending,80,DEXMXUS
2024-10-08,19.3761,14.052395761078834,-2.556765319721377,Trending,80,DEXMXUS
2024-10-09,19.4026,13.494247205699605,-3.3884211102867656,Trending,80,DEXMXUS
2024-10-10,19.4816,13.052565796490368,-1.7950669684489662,Trending,80,DEXMXUS
2024-10-11,19.4312,12.449175428988736,-0.8758908120737319,Trending,80,DEXMXUS
2024-10-14,19.4312,10.772874791484204,0.8946513040724025,Trending,80,DEXMXUS
2024-10-15,19.5715,11.01793833706135,1.6648485792945866,Trending,80,DEXMXUS
2024-10-16,19.8835,12.203744193245896,3.146771524467118,Trending,80,DEXMXUS
2024-10-17,19.886,12.204380182345735,3.142083588344513,Trending,80,DEXMXUS
2024-10-18,19.8161,12.27607294907265,2.968059070195217,Stable,40,DEXMXUS
2024-10-21,20.0494,12.76594183948633,3.759250633959521,Stable,40,DEXMXUS
2024-10-22,19.8992,13.14700871680913,2.644623836174653,Stable,40,DEXMXUS
2024-10-23,19.9284,13.085422099504148,3.0237547496575035,Stable,40,DEXMXUS
2024-10-24,19.852,12.6422444269029,1.4332064481516582,Stable,40,DEXMXUS
2024-10-25,19.9126,12.663734830867252,1.7558383157034283,Stable,40,DEXMXUS
2024-10-28,20.0444,12.784081230028264,2.044515038589201,Stable,40,DEXMXUS
2024-10-29,20.0,12.819801625122274,1.5728556700507434,Trending,80,DEXMXUS
2024-10-30,20.172,13.103027866322408,2.3735935810965225,Stable,40,DEXMXUS
2024-10-31,20.0314,11.783485230487765,3.3964095099466407,Stable,40,DEXMXUS
2024-11-01,20.0273,11.702348475245277,2.787914248027868,Stable,40,DEXMXUS
2024-11-04,20.088,9.64836780516818,4.870243433863575,Trending,80,DEXMXUS
2024-11-05,20.2417,9.438116065448286,4.62070426975818,Trending,80,DEXMXUS
2024-11-06,20.25,9.455131345685018,4.510195550188123,Trending,80,DEXMXUS
2024-11-07,19.8839,11.767149518129791,2.480595384123774,Trending,80,DEXMXUS
2024-11-08,20.223,12.965576820302434,3.8056422470433615,Trending,80,DEXMXUS
2024-11-11,20.223,12.885708287815133,4.074889867841391,Trending,80,DEXMXUS
2024-11-12,20.5914,14.034981688811222,5.970809831611024,Trending,80,DEXMXUS
2024-11-13,20.5908,13.97199333632598,5.20808318217818,Trending,80,DEXMXUS
2024-11-14,20.5104,13.230399035783838,3.152865441194952,Trending,80,DEXMXUS
2024-11-15,20.3376,13.667662025157457,2.270944382983009,Trending,80,DEXMXUS
2024-11-18,20.265,13.670005068564508,2.2653297066526745,Trending,80,DEXMXUS
2024-11-19,20.1465,13.294558662105056,0.4843037696888652,Trending,80,DEXMXUS
2024-11-20,20.3099,13.246360931686588,2.0639020664147134,Trending,80,DEXMXUS
2024-11-21,20.4431,13.385353847830888,2.5827462315088034,Trending,80,DEXMXUS
2024-11-22,20.4845,13.258311606303629,3.186076969574847,Trending,80,DEXMXUS
2024-11-25,20.332,13.600454136651043,2.106204111969312,Trending,80,DEXMXUS
2024-11-26,20.736,14.990457597497125,3.4503402446568687,Trending,80,DEXMXUS
2024-11-27,20.6488,15.07089968251528,3.2440000000000024,Trending,80,DEXMXUS
2024-11-28,20.6488,14.85796680443679,2.3636724172119816,Trending,80,DEXMXUS
2024-11-29,20.3142,15.80817174306762,1.4117834999051393,Trending,80,DEXMXUS
2024-12-02,20.4351,15.906586324706176,2.036220558937041,Trending,80,DEXMXUS
2024-12-03,20.323,16.043129184245988,1.1698526483472582,Trending,80,DEXMXUS
2024-12-04,20.2576,15.882440511855672,0.0785507146138897,Trending,80,DEXMXUS
2024-12-05,20.192,15.923261667295527,-0.2864197530864198,Trending,80,DEXMXUS
2024-12-06,20.2363,14.524504279671566,1.7722881326097897,Stable,40,DEXMXUS
2024-12-09,20.187,13.307498998816742,-0.1780151312861466,Trending,80,DEXMXUS
2024-12-10,20.24,13.339819157025302,0.0840627008851235,Trending,80,DEXMXUS
2024-12-11,20.1342,11.6925797577725,-2.220344415629827,Trending,80,DEXMXUS
2024-12-12,20.144,11.699578766985304,-2.1699011208889507,Trending,80,DEXMXUS
2024-12-13,20.1391,11.65442846499744,-1.8103011155316429,Trending,80,DEXMXUS
2024-12-16,20.1412,11.325239062369736,-0.965699000865372,Trending,80,DEXMXUS
2024-12-17,20.265,11.485701359117623,0.0,Trending,80,DEXMXUS
2024-12-18,20.1588,11.44846458655046,0.0610527883255107,Trending,80,DEXMXUS
2024-12-19,20.4137,11.947371992054338,0.5110808029581637,Trending,80,DEXMXUS
2024-12-20,20.0664,13.117104626914788,-1.8426755237708536,Trending,80,DEXMXUS
2024-12-23,20.201,13.34487200327279,-1.3839732480656064,Trending,80,DEXMXUS
2024-12-24,20.161,13.125716910793416,-0.8410387566397781,Trending,80,DEXMXUS
2024-12-25,20.161,10.87737282100238,-2.7729552469135776,Volatile Breakout,160,DEXMXUS
2024-12-26,20.175,10.845753166239833,-2.2945643330363086,Volatile Breakout,160,DEXMXUS
2024-12-27,20.222,10.904911013675726,-2.0669482003796813,Volatile Breakout,160,DEXMXUS
2024-12-30,20.546,10.94695657770292,1.1410737316753794,Trending,80,DEXMXUS
2024-12-31,20.8557,11.925089151659275,2.058223350999011,Trending,80,DEXMXUS
2025-01-01,20.8557,11.698575944341403,2.621168134625784,Trending,80,DEXMXUS
2025-01-02,20.625,12.37288211126741,1.813640312771492,Trending,80,DEXMXUS
2025-01-03,20.649,12.281667416326044,2.26327258320127,Trending,80,DEXMXUS
2025-01-06,20.2771,13.936626762728055,0.2016178846923733,Trending,80,DEXMXUS
2025-01-07,20.3255,13.924754668990737,0.686085104275036,Trending,80,DEXMXUS
2025-01-08,20.372,13.918329379816337,0.6521739130434856,Trending,80,DEXMXUS
2025-01-09,20.5041,13.918695416418284,1.837172572041612,Trending,80,DEXMXUS
2025-01-10,20.7124,14.280733347030564,2.8216838760921403,Stable,40,DEXMXUS
2025-01-13,20.7901,14.291106260005945,3.2325178384337017,Stable,40,DEXMXUS
2025-01-14,20.5144,15.1841071303406,1.85291839612336,Stable,40,DEXMXUS
2025-01-15,20.47,15.096218036748354,1.011596348383903,Stable,40,DEXMXUS
2025-01-16,20.7958,15.839253494547062,3.1599103121217498,Stable,40,DEXMXUS
2025-01-17,20.701,15.43411513099647,1.4073881755879647,Stable,40,DEXMXUS
2025-01-20,20.701,14.034163160407257,3.1625004983454774,Stable,40,DEXMXUS
2025-01-21,20.5571,14.194817744415555,1.7627840205930223,Trending,80,DEXMXUS
2025-01-22,20.4838,14.2454746147492,1.6011110559991826,Trending,80,DEXMXUS
2025-01-23,20.3605,14.439094924837734,0.989534249293178,Trending,80,DEXMXUS
2025-01-24,20.2317,14.631221415529616,0.2810408921932961,Trending,80,DEXMXUS
2025-01-27,20.7208,16.828698523503206,2.4666205123133222,Trending,80,DEXMXUS
2025-01-28,20.5534,16.216455591887282,0.0360167429183322,Trending,80,DEXMXUS
2025-01-29,20.5702,15.279044031237202,-1.368930316412298,Trending,80,DEXMXUS
2025-01-30,20.4287,15.429395016832023,-2.0474019093101647,Trending,80,DEXMXUS
2025-01-31,20.629,15.397753183438391,0.0193939393939412,Trending,80,DEXMXUS
2025-02-03,20.531,15.480122996423075,-0.5714562448544847,Trending,80,DEXMXUS
2025-02-04,20.4413,14.171584386754448,0.8097804912931217,Trending,80,DEXMXUS
2025-02-05,20.5827,14.336675634459889,1.2654055250793217,Trending,80,DEXMXUS
2025-02-06,20.5022,14.407413030499422,0.6391125073630377,Trending,80,DEXMXUS
2025-02-07,20.5889,14.307093532156554,0.4135758214210749,Trending,80,DEXMXUS
2025-02-10,20.678,13.93521472238837,-0.1660840848959899,Trending,80,DEXMXUS
2025-02-11,20.5498,14.019949327973949,-1.1558385962549322,Trending,80,DEXMXUS
2025-02-12,20.4826,13.283448118123903,-0.1550130639940583,Trending,80,DEXMXUS
2025-02-13,20.5031,13.264931693768862,0.161700048851987,Trending,80,DEXMXUS
2025-02-14,20.3097,12.332808385244864,-2.337491224189503,Trending,80,DEXMXUS
2025-02-17,20.3097,12.272548940656208,-1.8902468479783607,Trending,80,DEXMXUS
2025-02-18,20.249,12.289203100378472,-2.1834693976136466,Trending,80,DEXMXUS
2025-02-19,20.4428,12.6133544958769,-0.5560122779964094,Trending,80,DEXMXUS
2025-02-20,20.3652,12.621264568301354,-0.5789941319481628,Trending,80,DEXMXUS
2025-02-21,20.3521,12.447640461467405,-0.0412563542152577,Trending,80,DEXMXUS
2025-02-24,20.4401,12.3106213884833,1.0300666775406864,Trending,80,DEXMXUS
2025-02-25,20.5295,8.974903811952109,-0.9232269024362028,Trending,80,DEXMXUS
2025-02-26,20.4272,8.702241269398439,-0.6140103340566583,Trending,80,DEXMXUS
2025-02-27,20.4818,8.75527237727014,-0.4297478877210769,Trending,80,DEXMXUS
2025-02-28,20.5254,8.438563705469067,0.4733536642077096,Trending,80,DEXMXUS
2025-03-03,20.4555,7.765568555925342,-0.8410490086771083,Trending,80,DEXMXUS
2025-03-04,20.827,9.905854054884337,1.4417222736350157,Trending,80,DEXMXUS
2025-03-05,20.386,12.388910749309428,-0.2705307392386946,Stable,40,DEXMXUS
2025-03-06,20.3132,12.171222695493286,-1.3093520286454163,Stable,40,DEXMXUS
2025-03-07,20.266,12.129149813448567,-1.1520714850113634,Trending,80,DEXMXUS
2025-03-10,20.286,12.020597562631126,-1.4711810732967678,Trending,80,DEXMXUS
2025-03-11,20.349,11.963798988245472,-1.5910629654705466,Trending,80,DEXMXUS
2025-03-12,20.1678,12.15460110834331,-1.858898870061998,Trending,80,DEXMXUS
2025-03-13,20.0913,12.168983749549955,-1.9104019997461363,Trending,80,DEXMXUS
2025-03-14,19.8545,12.712671837277338,-3.163424067580012,Trending,80,DEXMXUS
2025-03-17,19.8918,12.42380048900505,-2.0576374835669653,Trending,80,DEXMXUS
2025-03-18,19.9858,12.576730217110368,-1.594804453044596,Trending,80,DEXMXUS
2025-03-19,20.057,12.633456257125728,-0.9481949725912432,Trending,80,DEXMXUS
2025-03-20,20.1342,12.21156530079598,-1.509577944312901,Trending,80,DEXMXUS
2025-03-21,20.194,12.220063572153148,-0.8406497358238729,Trending,80,DEXMXUS
2025-03-24,20.096,12.31838272773868,-1.2583468045066604,Trending,80,DEXMXUS
2025-03-25,20.0713,12.189703047609758,-1.8042964564752628,Trending,80,DEXMXUS
2025-03-26,20.11,12.086946767625731,-2.043400959594721,Trending,80,DEXMXUS
2025-03-27,20.2783,12.407018168328454,-0.7289300540455734,Trending,80,DEXMXUS
2025-03-28,20.4198,12.625530609298009,-0.3027077698249281,Trending,80,DEXMXUS
2025-03-31,20.4582,12.620266882317418,-0.3273992224268496,Trending,80,DEXMXUS
2025-04-01,20.329,12.755075111097096,-0.6184155850504802,Trending,80,DEXMXUS
2025-04-02,20.5,11.350223215314598,-1.5700773035002724,Trending,80,DEXMXUS
2025-04-03,19.9508,12.710088691984652,-2.1347983910526724,Trending,80,DEXMXUS
2025-04-04,20.491,15.9491036809737,0.8752929129826947,Trending,80,DEXMXUS
2025-04-07,20.714,16.310382699696962,2.2105990328629144,Trending,80,DEXMXUS
2025-04-08,20.7089,16.316976739599063,2.084688948042968,Trending,80,DEXMXUS
2025-04-09,20.9441,16.695030529172687,2.9244680328271544,Trending,80,DEXMXUS
2025-04-10,20.5029,18.11437410691212,1.6615595156635798,Trending,80,DEXMXUS
2025-04-11,20.37,18.22477383587836,1.387167579997306,Trending,80,DEXMXUS
2025-04-14,20.1255,18.24365841260952,1.3649298647661512,Trending,80,DEXMXUS
2025-04-15,19.9704,18.4670171211545,0.3951376949295815,Trending,80,DEXMXUS
2025-04-16,19.9648,18.39551473365949,-0.1050746029681137,Trending,80,DEXMXUS
2025-04-17,19.8079,18.542798549863527,-1.2419604128234507,Trending,80,DEXMXUS
2025-04-18,19.7175,18.521476676571684,-2.0696128974580508,Trending,80,DEXMXUS
2025-04-21,19.6628,18.47588781559942,-2.630484302267988,Trending,80,DEXMXUS
2025-04-22,19.584,18.457162734225697,-2.547770700636942,Trending,80,DEXMXUS
2025-04-23,19.6327,18.500339196929,-2.1852097273221016,Trending,80,DEXMXUS
2025-04-24,19.5896,18.47360143183957,-2.587767279960207,Stable,40,DEXMXUS
2025-04-25,19.5585,18.14395495490488,-3.549607215595008,Stable,40,DEXMXUS
2025-04-28,19.5507,17.879619210266224,-4.256163135779978,Stable,40,DEXMXUS
2025-04-29,19.5851,17.8763518103093,-4.267726388440829,Stable,40,DEXMXUS
2025-04-30,19.5914,17.822917935743458,-3.6283142309016743,Stable,40,DEXMXUS
2025-05-01,19.636,17.508362289915755,-4.214634146341467,Stable,40,DEXMXUS
2025-05-02,19.6685,15.028923274477732,-1.414980852898129,Trending,80,DEXMXUS
2025-05-05,19.6316,11.147512764901473,-4.194036406227131,Trending,80,DEXMXUS
2025-05-06,19.687,10.289090159876167,-4.9579994206816576,Trending,80,DEXMXUS
2025-05-07,19.5831,10.304093132348896,-5.43630999232213,Trending,80,DEXMXUS
2025-05-08,19.585,9.037484044246463,-6.489178336619849,Trending,80,DEXMXUS
2025-05-09,19.4834,6.351497104924494,-4.97246730950256,Trending,80,DEXMXUS
2025-05-12,19.613,6.898616399953866,-3.716249386352488,Trending,80,DEXMXUS
2025-05-13,19.4181,6.541257374439774,-3.514943728106134,Trending,80,DEXMXUS
2025-05-14,19.3501,6.207981564339529,-3.1060970235949226,Trending,80,DEXMXUS
2025-05-15,19.486,6.868337524566376,-2.398220868728962,Trending,80,DEXMXUS
2025-05-16,19.525,6.493220964391611,-1.4282180342186757,Trending,80,DEXMXUS
2025-05-19,19.3707,6.838873430300621,-1.7588436667934635,Stable,40,DEXMXUS
2025-05-20,19.267,6.987732497960519,-2.0129381369896504,Stable,40,DEXMXUS
2025-05-21,19.319,7.005198009486387,-1.3531454248365993,Stable,40,DEXMXUS
2025-05-22,19.3232,6.92120843011813,-1.576451532392387,Stable,40,DEXMXUS
2025-05-23,19.2798,6.922566733999924,-1.5814513823661502,Stable,40,DEXMXUS
2025-05-26,19.2798,6.920201056846451,-1.4249559015261704,Stable,40,DEXMXUS
2025-05-27,19.2309,6.949040051251985,-1.6357470576501163,Stable,40,DEXMXUS
2025-05-28,19.417,7.801961201693226,-0.85830554860582,Stable,40,DEXMXUS
2025-05-29,19.339,7.895678932014673,-1.2883203854752725,Stable,40,DEXMXUS
2025-05-30,19.3901,7.9135003279518115,-1.252291709105724,Stable,40,DEXMXUS
2025-06-02,19.245,8.214547005755398,-2.153189109489795,Stable,40,DEXMXUS
2025-06-03,19.2572,8.227718752040241,-1.9071293221133208,Stable,40,DEXMXUS
2025-06-04,19.2042,8.135753319754993,-2.452379742977606,Stable,40,DEXMXUS
2025-06-05,19.1774,7.998732707656362,-2.071684258365647,Stable,40,DEXMXUS
2025-06-06,19.1226,8.01387304254842,-2.3609905539954124,Stable,40,DEXMXUS
2025-06-09,19.0515,7.935793169165482,-2.216758881919989,Stable,40,DEXMXUS
2025-06-10,19.0519,7.441444802682201,-2.8608575944526597,Stable,40,DEXMXUS
2025-06-11,18.8436,7.592383495404177,-2.9585798816568087,Stable,40,DEXMXUS
2025-06-12,18.8879,7.660396689361383,-2.388618146676258,Stable,40,DEXMXUS
2025-06-13,18.9085,7.1205208685322905,-2.9636662219029053,Stable,40,DEXMXUS
2025-06-16,18.9266,7.066245698532043,-3.0647887323943523,Stable,40,DEXMXUS
2025-06-17,18.9581,6.73875314382235,-2.130021114363434,Stable,40,DEXMXUS
2025-06-18,19.0068,6.654564144340812,-1.3504956661649523,Stable,40,DEXMXUS
2025-06-19,19.0068,6.548831369724782,-1.6160256742067447,Stable,40,DEXMXUS
2025-06-20,19.1369,7.057112286762816,-0.964126024674994,Stable,40,DEXMXUS
2025-06-23,19.16,7.047866875104402,-0.6213757404122555,Stable,40,DEXMXUS
2025-06-24,19.021,7.447329903821124,-1.3423375761159373,Stable,40,DEXMXUS
2025-06-25,18.9159,7.613720987148032,-1.637988861675732,Stable,40,DEXMXUS
2025-06-26,18.8741,6.60413978897896,-2.79600350208582,Stable,40,DEXMXUS
2025-06-27,18.8283,6.545664269871766,-2.640777703087027,Stable,40,DEXMXUS
2025-06-30,18.8292,6.41081101222762,-2.892713291834492,Stable,40,DEXMXUS
2025-07-01,18.7381,6.154351536794191,-2.633930891140568,Stable,40,DEXMXUS
2025-07-02,18.7503,6.155020403499308,-2.6322622188064804,Stable,40,DEXMXUS
2025-07-03,18.644,6.324603414938279,-2.917070224221796,Stable,40,DEXMXUS
2025-07-04,18.644,6.343208455295332,-2.781398938333668,Stable,40,DEXMXUS
2025-07-07,18.6647,6.372038417820182,-2.3945488584188324,Stable,40,DEXMXUS
2025-07-08,18.7084,6.409444598126679,-1.8009080649817544,Stable,40,DEXMXUS
2025-07-09,18.561,6.8426226707019895,-2.57664589883424,Stable,40,DEXMXUS
2025-07-10,18.6313,6.069814539711136,-1.1266424674690525,Stable,40,DEXMXUS
2025-07-11,18.6727,6.062260985428167,-1.13935376616775,Stable,40,DEXMXUS
2025-07-14,18.7585,6.29788408300689,-0.7932940212073913,Stable,40,DEXMXUS
2025-07-15,18.7928,6.328207743552497,-0.7069415531579915,Stable,40,DEXMXUS
2025-07-16,18.7302,6.36630971378186,-1.2021246854906464,Stable,40,DEXMXUS
2025-07-17,18.7629,6.321440592314491,-1.2832249510701388,Stable,40,DEXMXUS
2025-07-18,18.7037,6.377490169837826,-1.5946924258686157,Stable,40,DEXMXUS
2025-07-21,18.6335,5.817803234749427,-2.630520094686173,Stable,40,DEXMXUS
2025-07-22,18.5963,5.75194923167372,-2.9420668058455117,Stable,40,DEXMXUS
2025-07-23,18.5784,5.34564152074527,-2.326901845328855,Stable,40,DEXMXUS
2025-07-24,18.5589,5.099544877532971,-1.8873011593421365,Stable,40,DEXMXUS
2025-07-25,18.5676,5.097406350948187,-1.6239184914777385,Stable,40,DEXMXUS
2025-07-28,18.7314,6.040157982531986,-0.5146508181832599,Stable,40,DEXMXUS
2025-07-29,18.7694,6.09076598973063,-0.3175918254625709,Stable,40,DEXMXUS
2025-07-30,18.7987,5.868752355104299,0.323405254534892,Stable,40,DEXMXUS
2025-07-31,18.797,5.866559682369124,0.2490626816637586,Stable,40,DEXMXUS
2025-08-01,18.877,5.634317134006309,1.2497318172066008,Stable,40,DEXMXUS
2025-08-04,18.8514,5.671900333634432,1.1124222269899289,Stable,40,DEXMXUS
2025-08-05,18.7715,5.901304750510815,0.5722031428311292,Stable,40,DEXMXUS
2025-08-06,18.64,6.359986245444611,-0.3656111693143171,Stable,40,DEXMXUS
2025-08-07,18.6879,5.765760071116048,0.6836916114433489,Stable,40,DEXMXUS
2025-08-08,18.5421,6.26627031656936,-0.4787642300859263,Stable,40,DEXMXUS
2025-08-11,18.6474,6.544347809376349,-0.1354919213611194,Stable,40,DEXMXUS
2025-08-12,18.5583,6.5103257019948,-1.0672495135538695,Stable,40,DEXMXUS
2025-08-13,18.6538,6.756771115389981,-0.7396449704141994,Stable,40,DEXMXUS
2025-08-14,18.816,7.34572834925072,0.4580837364256629,Stable,40,DEXMXUS
2025-08-15,18.733,7.49356247111045,-0.1593570290306822,Stable,40,DEXMXUS
2025-08-18,18.7821,7.460540740946926,0.4191683998353124,Stable,40,DEXMXUS
2025-08-19,18.809,7.328559108595807,0.9418520406794252,Stable,40,DEXMXUS
2025-08-20,18.7834,7.305030046517904,1.0061141194753764,Stable,40,DEXMXUS
2025-08-21,18.7849,7.287873751522833,1.1115058347328288,Stable,40,DEXMXUS
2025-08-22,18.5921,8.184353310572956,0.1788899126564436,Stable,40,DEXMXUS
2025-08-25,18.6316,8.213856230810135,0.3446864430513452,Stable,40,DEXMXUS
2025-08-26,18.6658,7.622611250335207,-0.3502140790330621,Stable,40,DEXMXUS
2025-08-27,18.7039,7.623063411555455,-0.348972263364844,Stable,40,DEXMXUS
2025-08-28,18.6638,7.62598831982303,-0.7176028129604828,Stable,40,DEXMXUS
2025-08-29,18.6381,7.633874835522722,-0.845347661860929,Stable,40,DEXMXUS
2025-09-01,18.6381,7.447375462732662,-1.2655612650315118,Stable,40,DEXMXUS
2025-09-02,18.7163,7.622231860688256,-0.7166576487688037,Stable,40,DEXMXUS
2025-09-03,18.6732,7.526107503069429,-0.5236661960951405,Stable,40,DEXMXUS
2025-09-04,18.7419,7.219675561794774,0.5466738197424936,Stable,40,DEXMXUS
2025-09-05,18.677,7.27969164835084,-0.0583265107368946,Stable,40,DEXMXUS
2025-09-08,18.6301,6.780464092318985,0.4745956498994008,Stable,40,DEXMXUS
2025-09-09,18.633,6.485142294808642,-0.0772225618585031,Stable,40,DEXMXUS
2025-09-10,18.598,6.292502955233345,0.2139204560762664,Stable,40,DEXMXUS
2025-09-11,18.5196,6.183042400507743,-0.7194244604316502,Stable,40,DEXMXUS
2025-09-12,18.4821,5.255603871358275,-1.774553571428572,Stable,40,DEXMXUS
2025-09-15,18.3353,5.682439234516792,-2.122991512304495,Stable,40,DEXMXUS
2025-09-16,18.2726,5.579751648142641,-2.7126892094068267,Stable,40,DEXMXUS
2025-09-17,18.335,5.742120312913307,-2.5200701791695423,Stable,40,DEXMXUS
2025-09-18,18.371,5.845542223832201,-2.195555650201786,Stable,40,DEXMXUS
2025-09-19,18.3749,5.848946862435509,-2.182604112877895,Stable,40,DEXMXUS
2025-09-22,18.4322,4.960649623722613,-0.8600427063107263,Stable,40,DEXMXUS
2025-09-23,18.3067,5.337268349433325,-1.7438115889134576,Stable,40,DEXMXUS
2025-09-24,18.4453,6.024060740696773,-1.1813048462964382,Stable,40,DEXMXUS
2025-09-25,18.441,5.951459342446495,-1.4055892086677235,Stable,40,DEXMXUS
2025-09-26,18.3835,5.991348106949785,-1.5018377822308304,Stable,40,DEXMXUS
2025-09-29,18.3441,6.007895765510007,-1.5774140067925435,Stable,40,DEXMXUS
2025-09-30,18.3442,6.007981810731749,-1.5768774714160827,Stable,40,DEXMXUS
2025-10-01,18.3588,5.765920735401207,-1.910099752622052,Stable,40,DEXMXUS
2025-10-02,18.4829,6.318568235161427,-1.019107598054969,Stable,40,DEXMXUS
2025-10-03,18.383,6.34866833243193,-1.914960596310955,Stable,40,DEXMXUS
2025-10-06,18.3456,6.295435406591891,-1.7743748996091324,Stable,40,DEXMXUS
2025-10-07,18.3814,6.336261262170814,-1.3349364737709424,Stable,40,DEXMXUS
2025-10-08,18.355,6.3353181818048085,-1.491976600654743,Stable,40,DEXMXUS
2025-10-09,18.38,6.359288669958557,-1.1721690504355342,Stable,40,DEXMXUS
2025-10-10,18.5195,6.802249825412191,-0.0005399684658402,Stable,40,DEXMXUS
2025-10-13,18.5195,6.762030354369821,0.2023579571585498,Stable,40,DEXMXUS
2025-10-14,18.4904,6.1379963454949245,0.8459092570069826,Stable,40,DEXMXUS
2025-10-15,18.4793,5.992427882086267,1.131201908868995,Stable,40,DEXMXUS
2025-10-16,18.4029,6.106041036579503,0.3703299700027251,Stable,40,DEXMXUS
2025-10-17,18.4297,6.089914605957554,0.3195253388492913,Stable,40,DEXMXUS
2025-10-20,18.3874,6.148808319400109,0.0680275811024699,Stable,40,DEXMXUS
2025-10-21,18.423,6.08755119838009,-0.04991265285752,Stable,40,DEXMXUS
2025-10-22,18.4179,5.567615308589651,0.6074278815952683,Stable,40,DEXMXUS
2025-10-23,18.3981,4.910626696798342,-0.255891744780512,Stable,40,DEXMXUS
2025-10-24,18.393,4.910781263584257,-0.2602895721490084,Stable,40,DEXMXUS
2025-10-27,18.392,4.788227728772637,0.0462371148040263,Stable,40,DEXMXUS
2025-10-28,18.4133,4.736036746993814,0.3772330067978169,Stable,40,DEXMXUS
2025-10-29,18.4194,4.735837927672044,0.4099388362534206,Stable,40,DEXMXUS
2025-10-30,18.543,5.2455076153828655,1.003333551212493,Stable,40,DEXMXUS
2025-10-31,18.5465,4.722220473428206,0.3441018454896305,Stable,40,DEXMXUS
2025-11-03,18.4832,4.469689540744323,0.5450688135777648,Stable,40,DEXMXUS
2025-11-04,18.6114,4.943854657731028,1.4488487702773334,Stable,40,DEXMXUS
2025-11-05,18.5993,4.942345081466612,1.1854374530775758,Stable,40,DEXMXUS
2025-11-06,18.6203,4.891027889726087,1.4453827295014987,Stable,40,DEXMXUS
2025-11-07,18.4738,5.707654211885733,0.5103373231773789,Stable,40,DEXMXUS
2025-11-10,18.3908,5.267207189390005,-0.6949431680121076,Stable,40,DEXMXUS
2025-11-11,18.3908,5.267207189390005,-0.6949431680121076,Stable,40,DEXMXUS
2025-11-12,18.3031,5.474762220281317,-1.0129580755419032,Stable,40,DEXMXUS
2025-11-13,18.2706,5.493151423626532,-1.1293717835632155,Stable,40,DEXMXUS
2025-11-14,18.3299,5.478733812866513,-0.3966766107515673,Stable,40,DEXMXUS
2025-11-17,18.3446,5.458708930503684,-0.4617546677374018,Stable,40,DEXMXUS
2025-11-18,18.357,5.412866325761566,-0.1653306068285953,Stable,40,DEXMXUS
2025-11-19,18.3368,5.372895220815594,-0.4678933941268948,Stable,40,DEXMXUS
2025-11-20,18.392,5.487786795000983,-0.1406240668045733,Stable,40,DEXMXUS
2025-11-21,18.454,5.599296792988138,0.3038357221669674,Stable,40,DEXMXUS
2025-11-24,18.5131,5.694752653411905,0.6529658022073725,Stable,40,DEXMXUS
2025-11-25,18.4311,5.927515894468675,0.2125924314919647,Stable,40,DEXMXUS
2025-11-26,18.3444,6.140648050585336,-0.3741860503005956,Stable,40,DEXMXUS
2025-11-27,18.3444,6.138303087666269,-0.4071793869507067,Stable,40,DEXMXUS
2025-11-28,18.2915,5.661116392548044,-1.3563069621959745,Stable,40,DEXMXUS
2025-12-01,18.2811,5.653152667283031,-1.4309977623810588,Stable,40,DEXMXUS
2025-12-02,18.305,5.601876282741593,-0.9641187673130158,Stable,40,DEXMXUS
2025-12-03,18.28,4.918166752351636,-1.780629076802387,Stable,40,DEXMXUS
2025-12-04,18.2285,4.964117665823556,-1.9936234159350088,Stable,40,DEXMXUS
2025-12-05,18.1887,4.921431244347325,-2.317900356063008,Stable,40,DEXMXUS
2025-12-08,18.2319,4.401283141904024,-1.3094219922268335,Stable,40,DEXMXUS
2025-12-09,18.1778,4.261827242425055,-1.1581877895469384,Stable,40,DEXMXUS
2025-12-10,18.2198,4.373178727053244,-0.9298127324531836,Stable,40,DEXMXUS
2025-12-11,18.0301,5.394442306685757,-1.4915506116450206,Stable,40,DEXMXUS
2025-12-12,18.0386,5.39466424860859,-1.2697995687060204,Stable,40,DEXMXUS
2025-12-15,17.9755,5.293348197899892,-1.9334529921057888,Stable,40,DEXMXUS
2025-12-16,17.9417,5.2646250361758,-2.1962866456613828,Stable,40,DEXMXUS
2025-12-17,18.0319,5.6464996940460015,-1.7709865446423612,Stable,40,DEXMXUS
2025-12-18,17.97,5.717183897594492,-2.000349024911663,Stable,40,DEXMXUS
2025-12-19,17.9977,5.610445480382254,-2.143866898651592,Stable,40,DEXMXUS
2025-12-22,17.99,5.385165379237787,-2.5143600303457414,Stable,40,DEXMXUS
2025-12-23,17.924,5.199168914207718,-3.182071073996262,Stable,40,DEXMXUS
2025-12-24,17.9209,5.108758306027857,-2.768147316220959,Stable,40,DEXMXUS
2025-12-25,17.9209,4.975564144873102,-2.308606441202765,Stable,40,DEXMXUS
2025-12-26,17.9088,4.962117006013632,-2.374566625237129,Stable,40,DEXMXUS
2025-12-29,17.962,5.114832874610078,-1.8013831561107585,Stable,40,DEXMXUS
2025-12-30,17.9474,5.113777328359323,-1.825382498864947,Stable,40,DEXMXUS
2025-12-31,18.0057,5.260113445468253,-1.6350723845943715,Stable,40,DEXMXUS
2026-01-01,18.0057,5.262210058438828,-1.500547045951861,Stable,40,DEXMXUS
2026-01-02,17.8763,5.683057344994004,-1.9321392325205025,Stable,40,DEXMXUS
2026-01-05,17.88,5.676556013138698,-1.697207606920792,Stable,40,DEXMXUS
2026-01-06,17.9599,5.867620346063672,-1.491890587377065,Stable,40,DEXMXUS
2026-01-07,17.9532,5.8103529108446015,-1.2355730616466332,Stable,40,DEXMXUS
2026-01-08,17.9863,5.783223001221359,-1.2815727944324284,Stable,40,DEXMXUS
2026-01-09,17.9787,4.554142667992281,-0.2850788403835902,Stable,40,DEXMXUS
2026-01-12,17.9056,4.745601845780856,-0.73730777333052,Stable,40,DEXMXUS
2026-01-13,17.8535,4.700558160485301,-0.6787015660204121,Stable,40,DEXMXUS
2026-01-14,17.8052,4.743554777024658,-0.7607974718114918,Stable,40,DEXMXUS
2026-01-15,17.6607,5.038734104011346,-2.0585739716835305,Stable,40,DEXMXUS
2026-01-16,17.672,4.986704936435818,-1.6583194212576369,Stable,40,DEXMXUS
2026-01-19,17.672,4.924044575514295,-1.80967568078142,Stable,40,DEXMXUS
2026-01-20,17.6066,5.017107892366314,-2.131183991106156,Stable,40,DEXMXUS
2026-01-21,17.4325,5.82786798764285,-2.7421334523543783,Stable,40,DEXMXUS
2026-01-22,17.4706,5.942335142983331,-2.5127086251248487,Stable,40,DEXMXUS
2026-01-23,17.4536,5.927026111225356,-2.607569932313658,Stable,40,DEXMXUS
2026-01-26,17.3061,6.42319416415744,-3.3653846153846034,Stable,40,DEXMXUS
2026-01-27,17.2321,6.258917546864049,-4.06357866607282,Stable,40,DEXMXUS
2026-01-28,17.2493,6.331974398748303,-3.889699900821275,Stable,40,DEXMXUS
2026-01-29,17.26,6.125881743887689,-4.141466313445186,Stable,40,DEXMXUS
2026-01-30,17.3493,6.584278870299443,-3.645512254452765,Stable,40,DEXMXUS
2026-02-02,17.3749,6.364598556607504,-2.804830977327521,Stable,40,DEXMXUS
2026-02-03,17.2239,6.820993528803646,-3.6694630872483143,Stable,40,DEXMXUS
2026-02-04,17.2962,6.7903378822556055,-3.695454874470361,Stable,40,DEXMXUS
2026-02-05,17.4122,7.391778811558904,-3.013390370518909,Stable,40,DEXMXUS
2026-02-06,17.2695,7.6427079322648765,-3.985255444421587,Trending,80,DEXMXUS
2026-02-09,17.1896,7.677343201632046,-4.389082636675634,Trending,80,DEXMXUS
2026-02-10,17.2201,7.757344370801768,-3.828411223304451,Stable,40,DEXMXUS
2026-02-11,17.1984,7.749879947372753,-3.669308538941951,Stable,40,DEXMXUS
2026-02-12,17.2309,7.842706512531931,-3.2254622245186826,Stable,40,DEXMXUS
2026-02-13,17.1661,7.521751745296705,-2.8005684938875453,Stable,40,DEXMXUS
2026-02-16,17.1661,7.50376483768299,-2.862720688094167,Stable,40,DEXMXUS
2026-02-17,17.151,7.489681255990926,-2.948166591217749,Stable,40,DEXMXUS
2026-02-18,17.1454,7.45094526390363,-2.6194722433632966,Stable,40,DEXMXUS
2026-02-19,17.2736,7.342576657105311,-0.9115158468378182,Stable,40,DEXMXUS
2026-02-20,17.152,7.619403084340368,-1.823635135599233,Stable,40,DEXMXUS
2026-02-23,17.2397,7.895227071994651,-1.225535133153055,Stable,40,DEXMXUS
2026-02-24,17.1734,7.465899858445714,-0.7667816550233741,Stable,40,DEXMXUS
2026-02-25,17.1597,7.331813271027371,-0.4201461226431946,Stable,40,DEXMXUS
2026-02-26,17.2347,7.492024634197904,-0.0846411158713755,Stable,40,DEXMXUS
2026-02-27,17.2207,7.492800032723642,-0.2276940903823909,Stable,40,DEXMXUS
2026-03-02,17.3667,7.863972902138918,0.1002922308104725,Stable,40,DEXMXUS
2026-03-03,17.6348,9.498275648561576,1.4958359472572402,Stable,40,DEXMXUS
2026-03-04,17.5454,9.121363855315623,1.86659235132578,Stable,40,DEXMXUS
2026-03-05,17.6951,9.43712927777574,2.3062869300771283,Stable,40,DEXMXUS
2026-03-06,17.798,9.375280878398542,2.215687851046954,Stable,40,DEXMXUS
2026-03-09,17.7615,8.837089232678187,2.848953357074624,Stable,40,DEXMXUS
2026-03-10,17.4765,10.533297715937724,1.6690324382184762,Stable,40,DEXMXUS
2026-03-11,17.6444,10.96436335999725,2.4639810454062605,Stable,40,DEXMXUS
2026-03-12,17.835,11.41282556060198,3.7015071169411273,Stable,40,DEXMXUS
2026-03-13,17.9437,11.511525599271735,4.136754319275271,Stable,40,DEXMXUS
2026-03-16,17.7654,12.08268052133485,3.4911832041057744,Stable,40,DEXMXUS
2026-03-17,17.7144,12.173052326780208,3.194086018373432,Stable,40,DEXMXUS
2026-03-18,17.684,12.197308220368216,3.1076905136726785,Stable,40,DEXMXUS
2026-03-19,17.8663,12.54943623854503,4.20462631376346,Stable,40,DEXMXUS
2026-03-20,17.8874,12.391280075657525,3.5533994071878627,Stable,40,DEXMXUS
2026-03-23,17.8134,12.172391752621882,3.856110074626873,Stable,40,DEXMXUS
2026-03-24,17.8211,12.121274060219596,3.3724484764816154,Trending,80,DEXMXUS
2026-03-25,17.7461,12.142471671855777,3.33480848288632,Trending,80,DEXMXUS
2026-03-26,17.7662,12.11299615528488,3.5344440753626305,Trending,80,DEXMXUS
2026-03-27,18.024,12.881404949550843,4.579714181273831,Trending,80,DEXMXUS
2026-03-30,18.1189,12.876397499693343,5.215815849529926,Trending,80,DEXMXUS
2026-03-31,18.0327,12.912594873028974,3.8349254607956462,Trending,80,DEXMXUS
2026-04-01,17.7957,12.911816730432498,0.9124004808673812,Trending,80,DEXMXUS
2026-04-02,17.8384,12.766908606976532,1.6699533780933915,Trending,80,DEXMXUS
2026-04-03,17.866,12.460872771161004,0.9658040926584066,Trending,80,DEXMXUS
2026-04-06,17.7891,12.408658216564946,-0.0500056186088171,Trending,80,DEXMXUS
2026-04-07,17.7635,12.397691474504484,0.0112603102215391,Trending,80,DEXMXUS
2026-04-08,17.412,13.059315629642407,-0.3690670328727274,Trending,80,DEXMXUS
2026-04-09,17.3485,12.61181146397156,-1.6770193375801878,Trending,80,DEXMXUS
2026-04-10,17.3023,11.89668558045688,-2.9868236613400767,Trending,80,DEXMXUS
2026-04-13,17.3609,11.716897048108857,-3.2479366017042155,Trending,80,DEXMXUS
2026-04-14,17.2627,11.420717972698556,-2.829657649138217,Trending,80,DEXMXUS
2026-04-15,17.2822,11.43727480203466,-2.439822968884076,Trending,80,DEXMXUS
2026-04-16,17.2637,11.435440103603648,-2.3767247229133703,Trending,80,DEXMXUS
2026-04-17,17.238,10.65334089382068,-3.5166766482147893,Trending,80,DEXMXUS
2026-04-20,17.3092,10.801172370226189,-3.2324429486677686,Trending,80,DEXMXUS
2026-04-21,17.334,10.804849746034122,-2.691232442992364,Trending,80,DEXMXUS
2026-04-22,17.3252,10.791021553631866,-2.7826565139076886,Trending,80,DEXMXUS
2026-04-23,17.3503,10.778218946159871,-2.230349203486948,Trending,80,DEXMXUS
2026-04-24,17.3853,10.805128279332642,-2.1439587531379867,Trending,80,DEXMXUS
2024-05-27,7.2425,2.190122624066941,-0.0538198277765578,Stable,40,DEXCHUS
2024-05-28,7.2451,2.069389834991476,0.1839099532619847,Stable,40,DEXCHUS
2024-05-29,7.2494,2.042370282064508,0.1284512644852853,Stable,40,DEXCHUS
2024-05-30,7.2493,2.042538730887957,0.1215385677784564,Stable,40,DEXCHUS
2024-05-31,7.241,2.084751117604369,0.0069056004419643,Stable,40,DEXCHUS
2024-06-03,7.242,2.085265648136196,0.0207168013258707,Stable,40,DEXCHUS
2024-06-04,7.2393,1.2511487225625926,0.4467816458769924,Stable,40,DEXCHUS
2024-06-05,7.2475,1.1977603119680724,0.4017455149961879,Stable,40,DEXCHUS
2024-06-06,7.2451,1.209853530807731,0.3684976103068615,Stable,40,DEXCHUS
2024-06-07,7.2466,1.2099025754508328,0.3712014183218315,Stable,40,DEXCHUS
2024-06-10,7.2475,1.1842149869152008,0.2975366731248208,Stable,40,DEXCHUS
2024-06-11,7.2544,1.1885815056688298,0.3027998617352256,Stable,40,DEXCHUS
2024-06-12,7.2544,1.189633806351705,0.2889334347134786,Stable,40,DEXCHUS
2024-06-13,7.2519,0.921830643594748,0.455741792492037,Stable,40,DEXCHUS
2024-06-14,7.2557,0.9189454006520374,0.5209127055596285,Stable,40,DEXCHUS
2024-06-17,7.2561,0.9046023258320413,0.4540860825384518,Stable,40,DEXCHUS
2024-06-18,7.2543,0.7787933089521015,0.2750746433705542,Stable,40,DEXCHUS
2024-06-19,7.2543,0.7715483740452284,0.230739471648067,Stable,40,DEXCHUS
2024-06-20,7.2604,0.8067215545135157,0.2748428975899442,Stable,40,DEXCHUS
2024-06-21,7.2609,0.8063005664964843,0.259593211913689,Stable,40,DEXCHUS
2024-06-24,7.2586,0.8204475446535388,0.2222989299275113,Stable,40,DEXCHUS
2024-06-25,7.2629,0.8363263243803308,0.2816706938211899,Stable,40,DEXCHUS
2024-06-26,7.2666,0.8430211908142795,0.2967522877530992,Stable,40,DEXCHUS
2024-06-27,7.2688,0.8292722437656975,0.2676083537948015,Stable,40,DEXCHUS
2024-06-28,7.2672,0.8367449323162836,0.2469203923137319,Stable,40,DEXCHUS
2024-07-01,7.2683,0.6995477377675521,0.3770197486534954,Stable,40,DEXCHUS
2024-07-02,7.2712,0.7034386379981511,0.4032035349351037,Stable,40,DEXCHUS
2024-07-03,7.2699,0.6868324283547794,0.4226928017902143,Stable,40,DEXCHUS
2024-07-04,7.2699,0.5997868138685707,0.3090720938254687,Stable,40,DEXCHUS
2024-07-05,7.268,0.593226952569519,0.3160756925370211,Stable,40,DEXCHUS
2024-07-08,7.2683,0.5940097671940052,0.2994507769160659,Stable,40,DEXCHUS
2024-07-09,7.2725,0.6127447639909863,0.344946533287338,Stable,40,DEXCHUS
2024-07-10,7.2758,0.5534475563213236,0.2949933833259699,Stable,40,DEXCHUS
2024-07-11,7.2573,1.0826115465026518,0.0399757388619193,Stable,40,DEXCHUS
2024-07-12,7.2495,1.141480115806579,-0.0330947751623678,Stable,40,DEXCHUS
2024-07-15,7.2592,1.22195161233675,0.0482379370701613,Stable,40,DEXCHUS
2024-07-16,7.2685,1.2974536138294244,0.1708906988602709,Stable,40,DEXCHUS
2024-07-17,7.2607,1.3541124608555883,0.0882235363853123,Stable,40,DEXCHUS
2024-07-18,7.26,1.354903906144037,0.078574087093175,Stable,40,DEXCHUS
2024-07-19,7.2695,1.398806052180152,0.1253374469726287,Stable,40,DEXCHUS
2024-07-22,7.2736,1.4096741542790805,0.1749094464873479,Stable,40,DEXCHUS
2024-07-23,7.2748,1.4022934072563666,0.2231835340148258,Stable,40,DEXCHUS
2024-07-24,7.2622,1.5264913943459288,-0.0096380233790882,Trending,80,DEXCHUS
2024-07-25,7.231,2.116489829966244,-0.4899127514931378,Stable,40,DEXCHUS
2024-07-26,7.2502,2.336927733446852,-0.2558881796169809,Trending,80,DEXCHUS
2024-07-29,7.2597,2.388316694074953,-0.1032034346103105,Trending,80,DEXCHUS
2024-07-30,7.2511,2.4189026076714493,-0.2366440570697348,Trending,80,DEXCHUS
2024-07-31,7.2193,2.825305050836993,-0.7137748927274812,Stable,40,DEXCHUS
2024-08-01,7.2441,3.1138551923473634,-0.3548879626954937,Trending,80,DEXCHUS
2024-08-02,7.16,5.037829733571167,-1.5117126783036894,Trending,80,DEXCHUS
2024-08-05,7.13,5.174693230647044,-1.898734177215189,Trending,80,DEXCHUS
2024-08-06,7.1563,5.407934929947386,-1.5409380460355226,Trending,80,DEXCHUS
2024-08-07,7.176,5.525599714299247,-1.3269164661395605,Stable,40,DEXCHUS
2024-08-08,7.1747,5.514273166422842,-1.3895379202287117,Trending,80,DEXCHUS
2024-08-09,7.166,5.476182818878072,-1.2580436250396063,Trending,80,DEXCHUS
2024-08-12,7.1744,5.506714989518316,-1.0359335126560398,Stable,40,DEXCHUS
2024-08-13,7.1558,5.510642108191983,-1.424399382852104,Trending,80,DEXCHUS
2024-08-14,7.1382,5.495480183497897,-1.7926669876865975,Trending,80,DEXCHUS
2024-08-15,7.1734,5.84781651107612,-1.202363408486784,Trending,80,DEXCHUS
2024-08-16,7.1644,5.849776980376056,-1.316804407713501,Trending,80,DEXCHUS
2024-08-19,7.1393,5.886801318424652,-1.7910447761193993,Trending,80,DEXCHUS
2024-08-20,7.132,5.864272015268851,-1.9467663880334385,Trending,80,DEXCHUS
2024-08-21,7.1344,5.868604152678605,-1.9299499642601805,Trending,80,DEXCHUS
2024-08-22,7.144,5.911697495244867,-1.6276059596265546,Trending,80,DEXCHUS
2024-08-23,7.1244,5.818892821136395,-1.47420826994884,Trending,80,DEXCHUS
2024-08-26,7.1212,5.691284718011556,-1.7792612617583026,Trending,80,DEXCHUS
2024-08-27,7.1244,5.657854837492283,-1.8637133765858072,Trending,80,DEXCHUS
2024-08-28,7.1245,5.665205722744025,-1.7459419950076491,Trending,80,DEXCHUS
2024-08-29,7.0972,5.624549719656926,-1.6912997104982397,Trending,80,DEXCHUS
2024-08-30,7.09,5.40886339037366,-2.12724838144146,Trending,80,DEXCHUS
2024-09-02,7.09,3.800354124488412,-0.9776536312849248,Stable,40,DEXCHUS
2024-09-03,7.1209,3.897078719412079,-0.1276297335203402,Stable,40,DEXCHUS
2024-09-04,7.1119,3.6680579506376487,-0.6204323463242067,Stable,40,DEXCHUS
2024-09-05,7.0921,3.58923340658698,-1.1691750278706836,Stable,40,DEXCHUS
2024-09-06,7.0876,3.5866797462890823,-1.2139880413118198,Stable,40,DEXCHUS
2024-09-09,7.1133,3.860212394989329,-0.7354172481161103,Stable,40,DEXCHUS
2024-09-10,7.1205,3.852659807988695,-0.751282337198933,Stable,40,DEXCHUS
2024-09-11,7.1192,3.7658731948725896,-0.5114732105425013,Stable,40,DEXCHUS
2024-09-12,7.1173,3.6787413788868863,-0.292790899666584,Stable,40,DEXCHUS
2024-09-13,7.093,3.351394879603619,-1.1208074274402624,Stable,40,DEXCHUS
2024-09-16,7.0958,3.355438910563844,-0.9575121433755828,Stable,40,DEXCHUS
2024-09-17,7.0958,3.1688033168925283,-0.609303433109698,Stable,40,DEXCHUS
2024-09-18,7.0812,3.2188773017134222,-0.712282669657871,Stable,40,DEXCHUS
2024-09-19,7.0675,3.254828432120427,-0.9377102489347422,Trending,80,DEXCHUS
2024-09-20,7.0505,3.2539642626932963,-1.308790593505038,Trending,80,DEXCHUS
2024-09-23,7.0508,3.167402348914942,-1.033069451462576,Trending,80,DEXCHUS
2024-09-24,7.0318,3.257765193339325,-1.255406392181102,Trending,80,DEXCHUS
2024-09-25,7.0315,3.2422286831445346,-1.303969457077081,Trending,80,DEXCHUS
2024-09-26,7.0106,3.332111459877725,-1.5987086813109674,Trending,80,DEXCHUS
2024-09-27,7.0111,3.1487513699438816,-1.2131544834582677,Trending,80,DEXCHUS
2024-09-30,7.0176,3.186537643669152,-1.0211565585331428,Trending,80,DEXCHUS
2024-10-01,7.0175,3.186267204294128,-1.0225669957686812,Trending,80,DEXCHUS
2024-10-02,7.0175,2.666408861928085,-1.4520636436405443,Trending,80,DEXCHUS
2024-10-03,7.0175,2.6683734714810026,-1.327352746804655,Trending,80,DEXCHUS
2024-10-04,7.0175,2.557814972138655,-1.051874621057236,Trending,80,DEXCHUS
2024-10-07,7.0175,2.563117454418946,-0.989051300863486,Trending,80,DEXCHUS
2024-10-08,7.0595,3.1102211855806248,-0.7563296922665996,Trending,80,DEXCHUS
2024-10-09,7.0818,3.311882590905789,-0.5435011586264915,Trending,80,DEXCHUS
2024-10-10,7.0794,3.311880211479811,-0.559051578829084,Trending,80,DEXCHUS
2024-10-11,7.0667,3.3539764254419357,-0.710943756761695,Trending,80,DEXCHUS
2024-10-14,7.0667,3.1624188254386585,-0.3707881009445968,Trending,80,DEXCHUS
2024-10-15,7.1192,4.116904135097702,0.3297725415034369,Trending,80,DEXCHUS
2024-10-16,7.1192,4.116904135097702,0.3297725415034369,Trending,80,DEXCHUS
2024-10-17,7.1216,4.037182761485138,0.57052476981303,Trending,80,DEXCHUS
2024-10-18,7.1015,4.1094398345450855,0.4810753448885707,Trending,80,DEXCHUS
2024-10-21,7.1189,4.060774558183452,0.970143961421166,Stable,40,DEXCHUS
2024-10-22,7.123,4.058019375845552,1.0239972769047645,Stable,40,DEXCHUS
2024-10-23,7.1252,3.891119700294855,1.328251656759316,Stable,40,DEXCHUS
2024-10-24,7.119,3.919635007291213,1.2444001991040343,Stable,40,DEXCHUS
2024-10-25,7.1199,3.70573626777811,1.5590676974866602,Trending,80,DEXCHUS
2024-10-28,7.1254,3.69775694973259,1.63027199726149,Trending,80,DEXCHUS
2024-10-29,7.1301,3.697512731277644,1.6031121751026056,Volatile Breakout,160,DEXCHUS
2024-10-30,7.1229,3.7396293808783607,1.5019593872461543,Volatile Breakout,160,DEXCHUS
2024-10-31,7.1178,3.764964335440245,1.429283933024572,Volatile Breakout,160,DEXCHUS
2024-11-01,7.1214,3.757545819451512,1.4805842536515843,Volatile Breakout,160,DEXCHUS
2024-11-04,7.0995,3.974748413602191,1.1685073031706406,Volatile Breakout,160,DEXCHUS
2024-11-05,7.1047,3.9699263967132463,1.2426077662985424,Volatile Breakout,160,DEXCHUS
2024-11-06,7.1782,4.895744498779398,1.6814221970394616,Volatile Breakout,160,DEXCHUS
2024-11-07,7.1412,5.226622872196269,0.8387698042870539,Volatile Breakout,160,DEXCHUS
2024-11-08,7.1785,5.476330283197899,1.3998361443060103,Volatile Breakout,160,DEXCHUS
2024-11-11,7.1785,5.409573068401175,1.5820680091131578,Volatile Breakout,160,DEXCHUS
2024-11-12,7.232,5.874870706061288,2.3391399097174137,Volatile Breakout,160,DEXCHUS
2024-11-13,7.2245,5.443294864398945,1.4790987751432727,Volatile Breakout,160,DEXCHUS
2024-11-14,7.2272,5.438733609933023,1.5170243847623333,Volatile Breakout,160,DEXCHUS
2024-11-15,7.2288,5.439915301920706,1.505279712424179,Volatile Breakout,160,DEXCHUS
2024-11-18,7.2364,5.285641400388523,1.8995986763359785,Volatile Breakout,160,DEXCHUS
2024-11-19,7.2392,5.257732605578639,1.6898678166570755,Volatile Breakout,160,DEXCHUS
2024-11-20,7.2459,5.2572207229782935,1.725396602555107,Trending,80,DEXCHUS
2024-11-21,7.2368,5.304129281684469,1.566271823948795,Trending,80,DEXCHUS
2024-11-22,7.2455,5.273075746365562,1.776934962775667,Trending,80,DEXCHUS
2024-11-25,7.2395,5.299749377302037,1.6797988735796745,Trending,80,DEXCHUS
2024-11-26,7.252,5.309449120926897,1.7767423583237465,Trending,80,DEXCHUS
2024-11-27,7.2458,5.341909930290968,1.622698138876033,Trending,80,DEXCHUS
2024-11-28,7.2458,5.310828978271566,1.7254208257872603,Trending,80,DEXCHUS
2024-11-29,7.2423,5.302945256891973,1.7491359689791874,Trending,80,DEXCHUS
2024-12-02,7.2714,5.4141846007986905,2.106327407532227,Trending,80,DEXCHUS
2024-12-03,7.2858,5.214437577464121,2.6241284597506853,Trending,80,DEXCHUS
2024-12-04,7.2632,5.426274046790265,2.230917561614154,Trending,80,DEXCHUS
2024-12-05,7.2558,4.282710024622373,1.081050959850649,Stable,40,DEXCHUS
2024-12-06,7.27,3.77478969812607,1.8036184394779389,Stable,40,DEXCHUS
2024-12-09,7.2604,3.490413514759752,1.14090687469528,Stable,40,DEXCHUS
2024-12-10,7.25,3.55318050996026,0.9960298112419164,Stable,40,DEXCHUS
2024-12-11,7.2605,2.5283117111186773,0.3940818584070804,Trending,80,DEXCHUS
2024-12-12,7.2685,2.506145006961798,0.6090386877984688,Stable,40,DEXCHUS
2024-12-13,7.2756,2.517355350181152,0.669692273632938,Stable,40,DEXCHUS
2024-12-16,7.2836,2.531402945004828,0.7580787959273971,Stable,40,DEXCHUS
2024-12-17,7.2846,2.5197662057829726,0.6660770548891692,Stable,40,DEXCHUS
2024-12-18,7.2864,2.519745459478228,0.6520057464913354,Stable,40,DEXCHUS
2024-12-19,7.2965,2.538886197322417,0.6983259498475114,Stable,40,DEXCHUS
2024-12-20,7.2953,2.48031840965609,0.8083683395976093,Stable,40,DEXCHUS
2024-12-23,7.2977,2.462432727071348,0.7204471741080631,Stable,40,DEXCHUS
2024-12-24,7.2946,2.4421437390484004,0.7611022860694927,Stable,40,DEXCHUS
2024-12-25,7.2946,2.3933566882257926,0.587424158852734,Stable,40,DEXCHUS
2024-12-26,7.2981,2.3580054235786743,0.7217974550774109,Stable,40,DEXCHUS
2024-12-27,7.298,2.3582617537142405,0.7204173452206808,Stable,40,DEXCHUS
2024-12-30,7.2993,2.3401360207767974,0.7870427902737953,Stable,40,DEXCHUS
2024-12-31,7.2993,1.9298290630534125,0.3836950243419457,Stable,40,DEXCHUS
2025-01-01,7.2993,1.816019336869966,0.1852919377419049,Stable,40,DEXCHUS
2025-01-02,7.2994,1.3991565108390691,0.4984029078092256,Trending,80,DEXCHUS
2025-01-03,7.3199,1.5824196047830368,0.8834311860856037,Stable,40,DEXCHUS
2025-01-06,7.3223,1.480293049326707,0.7193947730399053,Trending,80,DEXCHUS
2025-01-07,7.3264,1.351988703072186,0.9090408241970048,Trending,80,DEXCHUS
2025-01-08,7.3316,1.171502985177084,1.1255172413793035,Stable,40,DEXCHUS
2025-01-09,7.3321,1.1326017430569006,0.9861579781006656,Stable,40,DEXCHUS
2025-01-10,7.3326,1.1161552073041203,0.8818875971658535,Trending,80,DEXCHUS
2025-01-13,7.3319,1.1103565938562618,0.7738193413601602,Trending,80,DEXCHUS
2025-01-14,7.3311,1.088660633960291,0.6521500356966303,Trending,80,DEXCHUS
2025-01-15,7.3304,1.096268258317726,0.6287236087087811,Trending,80,DEXCHUS
2025-01-16,7.3316,1.0971434175197592,0.6203337725076752,Trending,80,DEXCHUS
2025-01-17,7.3249,1.09815920481497,0.3892277119166731,Volatile Breakout,160,DEXCHUS
2025-01-20,7.3249,1.0930262981914698,0.4057406823571474,Volatile Breakout,160,DEXCHUS
2025-01-21,7.2712,2.8237677763025357,-0.3631281088562033,Trending,80,DEXCHUS
2025-01-22,7.2728,2.825320528254659,-0.2988512050009606,Trending,80,DEXCHUS
2025-01-23,7.288,2.9293101848094727,-0.0904778877525824,Trending,80,DEXCHUS
2025-01-24,7.244,3.580712536171546,-0.7412888285992292,Volatile Breakout,160,DEXCHUS
2025-01-27,7.2507,3.606548681393039,-0.6481227733625583,Trending,80,DEXCHUS
2025-01-28,7.2422,3.613986451926525,-0.7822667927061433,Trending,80,DEXCHUS
2025-01-29,7.2422,3.613986451926525,-0.7822667927061433,Volatile Breakout,160,DEXCHUS
2025-01-30,7.2422,3.613986451926525,-0.7822667927061433,Trending,80,DEXCHUS
2025-01-31,7.2422,3.6138056108387455,-0.7836260514562876,Trending,80,DEXCHUS
2025-02-03,7.2422,3.4285746746688157,-1.0614899110643503,Trending,80,DEXCHUS
2025-02-04,7.2422,3.420400814151193,-1.0939185774961446,Trending,80,DEXCHUS
2025-02-05,7.272,3.766201092977682,-0.7425202009172183,Trending,80,DEXCHUS
2025-02-06,7.2883,3.856902444309639,-0.5905941404331982,Trending,80,DEXCHUS
2025-02-07,7.2943,3.87430096901436,-0.5155412501193335,Stable,40,DEXCHUS
2025-02-10,7.3045,3.914961643749051,-0.383220140195839,Stable,40,DEXCHUS
2025-02-11,7.3072,3.919538351006527,-0.3368840273326179,Stable,40,DEXCHUS
2025-02-12,7.3088,3.921698537608137,-0.3041835468074461,Trending,80,DEXCHUS
2025-02-13,7.2888,4.023134998332563,-0.5674997271635895,Trending,80,DEXCHUS
2025-02-14,7.253,4.327203918434893,-1.0720715805554004,Trending,80,DEXCHUS
2025-02-17,7.253,4.32802616481874,-0.9815833663258222,Trending,80,DEXCHUS
2025-02-18,7.2786,4.543270373023495,-0.6320905404851973,Trending,80,DEXCHUS
2025-02-19,7.2833,3.7601998121194335,0.1664099460886747,Stable,40,DEXCHUS
2025-02-20,7.2555,3.9942708775676383,-0.2378726212737936,Stable,40,DEXCHUS
2025-02-21,7.2501,3.917472308682968,-0.5200329308452267,Trending,80,DEXCHUS
2025-02-24,7.2476,3.3055240886768997,0.0496963003865369,Stable,40,DEXCHUS
2025-02-25,7.2512,3.294156436708441,0.0068958859144485,Stable,40,DEXCHUS
2025-02-26,7.2595,3.2875624197515623,0.2388776891000033,Stable,40,DEXCHUS
2025-02-27,7.2853,3.495733914950494,0.5951230289138687,Stable,40,DEXCHUS
2025-02-28,7.2828,3.5012745455777177,0.5606031316450766,Stable,40,DEXCHUS
2025-03-03,7.2843,3.5000106933449286,0.5813150700063385,Stable,40,DEXCHUS
2025-03-04,7.2651,3.642618658860443,0.316202258982079,Trending,80,DEXCHUS
2025-03-05,7.2506,3.71800431091172,0.1159868548231246,Stable,40,DEXCHUS
2025-03-06,7.2468,3.4151552947455337,-0.3465346534653468,Trending,80,DEXCHUS
2025-03-07,7.234,3.340995311625467,-0.7450297051438515,Trending,80,DEXCHUS
2025-03-10,7.2591,3.5760018327184984,-0.4825685809467628,Trending,80,DEXCHUS
2025-03-11,7.2278,3.789511669005748,-1.0500376480251816,Trending,80,DEXCHUS
2025-03-12,7.2372,3.8299281922038455,-0.957959273045772,Trending,80,DEXCHUS
2025-03-13,7.2439,3.853366166715238,-0.887970665499116,Trending,80,DEXCHUS
2025-03-14,7.2377,3.765093169008291,-0.7010756228734483,Trending,80,DEXCHUS
2025-03-17,7.2327,3.38274210694122,-0.279884185854129,Stable,40,DEXCHUS
2025-03-18,7.2273,3.388972247430749,-0.354336136770994,Trending,80,DEXCHUS
2025-03-19,7.23,3.1209882099237274,-0.6677108235100038,Trending,80,DEXCHUS
2025-03-20,7.2477,3.2508065878378547,-0.4887894223772115,Trending,80,DEXCHUS
2025-03-21,7.2486,2.9783392385910226,-0.0951002687616275,Stable,40,DEXCHUS
2025-03-24,7.2531,2.9754157481268644,0.0413787396035925,Stable,40,DEXCHUS
2025-03-25,7.2569,2.977162242800979,0.1283183398642196,Stable,40,DEXCHUS
2025-03-26,7.2675,3.013373913247513,0.2247903795233874,Stable,40,DEXCHUS
2025-03-27,7.2645,2.9941434012502897,0.0688752668916548,Stable,40,DEXCHUS
2025-03-28,7.2628,2.7068716097336347,-0.308841090963996,Stable,40,DEXCHUS
2025-03-31,7.2567,2.7168835815698604,-0.3583786455758742,Trending,80,DEXCHUS
2025-04-01,7.2697,2.798775131729437,-0.2004310640692952,Trending,80,DEXCHUS
2025-04-02,7.2675,2.644227255404635,0.0330346450840179,Stable,40,DEXCHUS
2025-04-03,7.2813,2.6146894257110267,0.4234132347667785,Stable,40,DEXCHUS
2025-04-04,7.2803,2.60456012593528,0.462273003256608,Stable,40,DEXCHUS
2025-04-07,7.3081,2.78024967280665,1.0243295548797215,Trending,80,DEXCHUS
2025-04-08,7.3388,2.8885072599007646,1.0979322505544786,Trending,80,DEXCHUS
2025-04-09,7.3499,2.306493349446821,1.6893107169539734,Stable,40,DEXCHUS
2025-04-10,7.314,3.021375883954887,1.0611838832697895,Trending,80,DEXCHUS
2025-04-11,7.2915,3.2597312470004525,0.6571045983517099,Trending,80,DEXCHUS
2025-04-14,7.3119,3.3392619877613288,1.025187559583829,Trending,80,DEXCHUS
2025-04-15,7.315,3.311896437951157,1.1378876491489942,Trending,80,DEXCHUS
2025-04-16,7.3053,3.3461861387571568,1.0792412104105198,Trending,80,DEXCHUS
2025-04-17,7.299,3.379915697914209,0.9543568464730257,Trending,80,DEXCHUS
2025-04-18,7.2996,3.302567135517145,0.7160892421043785,Trending,80,DEXCHUS
2025-04-21,7.2914,3.3409811391019115,0.5904588472256833,Trending,80,DEXCHUS
2025-04-22,7.3118,3.4520255825574497,0.8093091229956828,Trending,80,DEXCHUS
2025-04-23,7.286,3.707626237553611,0.400997671181913,Trending,80,DEXCHUS
2025-04-24,7.2879,3.6791310672654247,0.280701754385948,Trending,80,DEXCHUS
2025-04-25,7.2864,3.675937908139809,0.3014660334503372,Trending,80,DEXCHUS
2025-04-28,7.2942,3.686710512104528,0.432340144296961,Trending,80,DEXCHUS
2025-04-29,7.269,3.8862440499518662,0.1694985323907438,Trending,80,DEXCHUS
2025-04-30,7.2706,3.8370403039378527,0.012380153238789,Trending,80,DEXCHUS
2025-05-01,7.2706,3.835378418817041,0.0426556587547199,Trending,80,DEXCHUS
2025-05-02,7.2706,3.7742847139225786,-0.1469517805886333,Trending,80,DEXCHUS
2025-05-05,7.2706,3.774263598084032,-0.1332362677362253,Trending,80,DEXCHUS
2025-05-06,7.2164,4.29822437339522,-1.2547721021879732,Trending,80,DEXCHUS
2025-05-07,7.225,3.99032363580392,-1.5506622336076803,Trending,80,DEXCHUS
2025-05-08,7.234,3.9723673576615903,-1.576892202614999,Trending,80,DEXCHUS
2025-05-09,7.2364,3.689833370557886,-1.0609789444900208,Trending,80,DEXCHUS
2025-05-12,7.2018,3.881816145369718,-1.2301995474182204,Trending,80,DEXCHUS
2025-05-13,7.2057,3.708801703000717,-1.4524268657941095,Trending,80,DEXCHUS
2025-05-14,7.208,3.7049984260095368,-1.4627477785372545,Trending,80,DEXCHUS
2025-05-15,7.2067,3.701816407346732,-1.3497050086923257,Trending,80,DEXCHUS
2025-05-16,7.209,3.715646513030372,-1.2330456226880449,Trending,80,DEXCHUS
2025-05-19,7.2144,3.737917095671005,-1.1671872431366026,Trending,80,DEXCHUS
2025-05-20,7.2194,3.756111282911809,-0.9874646844227452,Trending,80,DEXCHUS
2025-05-21,7.2019,3.616718546056924,-1.5030498646024235,Trending,80,DEXCHUS
2025-05-22,7.2037,3.481114580347229,-1.1295635465275788,Trending,80,DEXCHUS
2025-05-23,7.1798,3.59639711847669,-1.48328050604426,Trending,80,DEXCHUS
2025-05-26,7.1798,3.6007289967603264,-1.4629995608256507,Stable,40,DEXCHUS
2025-05-27,7.195,3.682850413411899,-1.3599846453346442,Stable,40,DEXCHUS
2025-05-28,7.1941,3.541149872463471,-1.030403081579312,Stable,40,DEXCHUS
2025-05-29,7.1855,3.539297775258896,-1.170467361703298,Stable,40,DEXCHUS
2025-05-30,7.1991,3.636304219948244,-0.9834126481995996,Stable,40,DEXCHUS
2025-06-02,7.1975,3.6335141291850026,-1.005419085082393,Stable,40,DEXCHUS
2025-06-03,7.1872,3.643567992838051,-1.1470855225153342,Stable,40,DEXCHUS
2025-06-04,7.1844,2.639412395404526,-0.4434343994235368,Trending,80,DEXCHUS
2025-06-05,7.175,2.614049767973944,-0.692041522491349,Trending,80,DEXCHUS
2025-06-06,7.1886,2.672420407942405,-0.6275919270113284,Trending,80,DEXCHUS
2025-06-09,7.1802,2.678373645291109,-0.776629263169526,Stable,40,DEXCHUS
2025-06-10,7.187,2.17787279760574,-0.2055041795106849,Trending,80,DEXCHUS
2025-06-11,7.1928,2.1895912958154025,-0.1790249385902886,Trending,80,DEXCHUS
2025-06-12,7.1726,2.3769731372075427,-0.4911209766925606,Stable,40,DEXCHUS
2025-06-13,7.181,2.4263611386802677,-0.356612596611483,Trending,80,DEXCHUS
2025-06-16,7.179,2.420035810709746,-0.4161464835622075,Stable,40,DEXCHUS
2025-06-17,7.1845,2.420883592918246,-0.4144488800177481,Stable,40,DEXCHUS
2025-06-18,7.1888,2.416723431787937,-0.4238579383328389,Stable,40,DEXCHUS
2025-06-19,7.1888,2.2776747467046365,-0.1818964439939563,Stable,40,DEXCHUS
2025-06-20,7.1785,2.320615935679509,-0.3498202312700482,Stable,40,DEXCHUS
2025-06-23,7.179,2.017834714854717,-0.011142371653805,Stable,40,DEXCHUS
2025-06-24,7.1713,2.051458070022804,-0.118387698821698,Stable,40,DEXCHUS
2025-06-25,7.1764,1.9172701793085216,-0.258512856150106,Stable,40,DEXCHUS
2025-06-26,7.1675,1.9559770831207692,-0.3697474319233729,Stable,40,DEXCHUS
2025-06-27,7.1721,1.93875191400136,-0.1864866745529214,Stable,40,DEXCHUS
2025-06-30,7.1636,1.8327949604229552,-0.4931171952049507,Stable,40,DEXCHUS
2025-07-01,7.1647,1.8377342724750243,-0.4557137895102481,Stable,40,DEXCHUS
2025-07-02,7.1649,1.785015579785022,-0.3102738201246624,Stable,40,DEXCHUS
2025-07-03,7.1684,1.7958858834995288,-0.2227047491787814,Stable,40,DEXCHUS
2025-07-04,7.1684,1.741849446157083,-0.0919860627177637,Stable,40,DEXCHUS
2025-07-07,7.1744,1.6283000265445498,-0.1975349859499764,Stable,40,DEXCHUS
2025-07-08,7.1738,1.5807401717535574,-0.0891340074092639,Stable,40,DEXCHUS
2025-07-09,7.18,1.5744608450016393,-0.0973980798664286,Stable,40,DEXCHUS
2025-07-10,7.1748,1.559218815733304,-0.2502502502502501,Stable,40,DEXCHUS
2025-07-11,7.1681,1.2579139232112948,-0.0627387558207681,Stable,40,DEXCHUS
2025-07-14,7.167,1.179872577602029,-0.1949589193705692,Stable,40,DEXCHUS
2025-07-15,7.1729,1.2190804891391205,-0.0849700515392126,Stable,40,DEXCHUS
2025-07-16,7.1791,1.2277122129807636,-0.0751618066671233,Stable,40,DEXCHUS
2025-07-17,7.1832,1.2259642016974972,-0.0778989539283236,Stable,40,DEXCHUS
2025-07-18,7.1776,1.252472077526613,-0.1557979078566584,Stable,40,DEXCHUS
2025-07-21,7.176,1.1532774136906307,-0.0348262171762869,Stable,40,DEXCHUS
2025-07-22,7.1748,1.1539710551285756,-0.0585039699122491,Stable,40,DEXCHUS
2025-07-23,7.1599,1.3103680576891616,-0.1589669934321413,Stable,40,DEXCHUS
2025-07-24,7.1541,1.3012376229846836,-0.3107407613845425,Stable,40,DEXCHUS
2025-07-25,7.1679,1.4234088986629625,0.0055807464248269,Stable,40,DEXCHUS
2025-07-28,7.1778,1.4868441492677882,0.0794746308612648,Stable,40,DEXCHUS
2025-07-29,7.1769,1.4208295862707956,0.1856608409179783,Stable,40,DEXCHUS
2025-07-30,7.1934,1.6143693237109216,0.4005750415230213,Stable,40,DEXCHUS
2025-07-31,7.2002,1.633862722915676,0.4926795907828296,Stable,40,DEXCHUS
2025-08-01,7.2116,1.6980555842324354,0.6026449416885127,Trending,80,DEXCHUS
2025-08-04,7.178,2.4134913334051573,0.1339210981530003,Stable,40,DEXCHUS
2025-08-05,7.1835,2.410761136805604,0.1268398751115063,Stable,40,DEXCHUS
2025-08-06,7.1822,2.411734924800826,0.1170927541888522,Stable,40,DEXCHUS
2025-08-07,7.1806,2.395220520321296,0.0083565459610079,Trending,80,DEXCHUS
2025-08-08,7.1839,2.384886830651264,0.1268328037018484,Trending,80,DEXCHUS
2025-08-11,7.1884,2.363998363834669,0.2831991741186535,Trending,80,DEXCHUS
2025-08-12,7.1785,2.420202888805363,0.1604576531324175,Stable,40,DEXCHUS
2025-08-13,7.1744,2.4142593062116635,0.0209120439431664,Stable,40,DEXCHUS
2025-08-14,7.1795,2.408000683272736,0.0055717290468049,Stable,40,DEXCHUS
2025-08-15,7.1817,2.4018810118494005,-0.0208820581356516,Stable,40,DEXCHUS
2025-08-18,7.1847,2.389248751119631,0.0989188586714373,Stable,40,DEXCHUS
2025-08-19,7.1819,2.3923299907094933,0.0822185061315483,Stable,40,DEXCHUS
2025-08-20,7.1757,2.412005214488389,0.0125439036628094,Stable,40,DEXCHUS
2025-08-21,7.1793,2.293816209660233,0.2709535049371991,Stable,40,DEXCHUS
2025-08-22,7.1651,2.3878590069174326,0.1537579849317127,Stable,40,DEXCHUS
2025-08-25,7.151,2.388047293303414,-0.2357733785348648,Stable,40,DEXCHUS
2025-08-26,7.152,2.328263130091398,-0.35944161163588,Stable,40,DEXCHUS
2025-08-27,7.1536,2.3322513551087933,-0.3246527052069847,Stable,40,DEXCHUS
2025-08-28,7.1306,2.383221132565775,-0.8730224928406471,Stable,40,DEXCHUS
2025-08-29,7.1304,2.336541877916667,-0.9694175161801044,Stable,40,DEXCHUS
2025-09-01,7.1304,2.2234887344104504,-1.125963725109547,Stable,40,DEXCHUS
2025-09-02,7.139,1.7265546352396397,-0.5433268319866236,Stable,40,DEXCHUS
2025-09-03,7.1415,1.701261738831851,-0.5846732094383023,Stable,40,DEXCHUS
2025-09-04,7.1414,1.7034514053936165,-0.5680710645763143,Stable,40,DEXCHUS
2025-09-05,7.1323,1.7383105024904135,-0.6726457399103158,Stable,40,DEXCHUS
2025-09-08,7.1293,1.7151112123422467,-0.7600328512368026,Stable,40,DEXCHUS
2025-09-09,7.1209,1.697824877977977,-0.93901285404262,Stable,40,DEXCHUS
2025-09-10,7.1207,1.668927934751646,-0.8051821411158233,Stable,40,DEXCHUS
2025-09-11,7.1184,1.6676419998814165,-0.7805530776092806,Stable,40,DEXCHUS
2025-09-12,7.1242,1.676514465173112,-0.7702486245560247,Stable,40,DEXCHUS
2025-09-15,7.1186,1.6638382170046953,-0.8786220532743028,Stable,40,DEXCHUS
2025-09-16,7.1142,1.6366234273978046,-0.9812518267986126,Stable,40,DEXCHUS
2025-09-17,7.1033,1.6770039414215776,-1.0944179116946784,Stable,40,DEXCHUS
2025-09-18,7.1125,1.785081717372688,-0.8807503100742853,Stable,40,DEXCHUS
2025-09-19,7.1142,1.7702394289760854,-0.9067736408841952,Stable,40,DEXCHUS
2025-09-22,7.114,1.6825286516954692,-0.7131791600954562,Stable,40,DEXCHUS
2025-09-23,7.1116,1.5751672220202586,-0.5509718920430617,Stable,40,DEXCHUS
2025-09-24,7.1315,1.8970504499802008,-0.2866331096196939,Stable,40,DEXCHUS
2025-09-25,7.1338,1.899717782259796,-0.2767837172891974,Stable,40,DEXCHUS
2025-09-26,7.1328,1.5342463196976166,0.0308529436513049,Stable,40,DEXCHUS
2025-09-29,7.1194,1.6688364209898343,-0.1542690452148609,Stable,40,DEXCHUS
2025-09-30,7.119,1.6686402798133275,-0.1598788286772179,Stable,40,DEXCHUS
2025-10-01,7.12,1.6051241994796763,-0.2661437176075143,Stable,40,DEXCHUS
2025-10-02,7.12,1.596584131203795,-0.30105720086816,Stable,40,DEXCHUS
2025-10-03,7.12,1.596734137582754,-0.2996611308706987,Stable,40,DEXCHUS
2025-10-06,7.12,1.5430355980851325,-0.1724548883249355,Stable,40,DEXCHUS
2025-10-07,7.12,1.538268232968458,-0.1304475895249179,Stable,40,DEXCHUS
2025-10-08,7.12,1.4836926616908122,-0.0126388518305264,Stable,40,DEXCHUS
2025-10-09,7.1275,1.5282547443116237,0.0954962293032934,Stable,40,DEXCHUS
2025-10-10,7.134,1.5504108827096643,0.2191503708698583,Stable,40,DEXCHUS
2025-10-13,7.134,1.528934168637353,0.1375593049044221,Stable,40,DEXCHUS
2025-10-14,7.1384,1.507518595875613,0.278144578990247,Stable,40,DEXCHUS
2025-10-15,7.1262,1.6192131116567694,0.1686767310449477,Stable,40,DEXCHUS
2025-10-16,7.123,1.5239412455456758,0.2773358861374309,Stable,40,DEXCHUS
2025-10-17,7.1264,1.4707150792198245,0.1954305799648503,Stable,40,DEXCHUS
2025-10-20,7.1195,1.514460710654093,0.0744988895448495,Stable,40,DEXCHUS
2025-10-21,7.1218,1.5174732803667046,0.1096429575484947,Stable,40,DEXCHUS
2025-10-22,7.1257,1.5197815200408626,0.1982676191011778,Stable,40,DEXCHUS
2025-10-23,7.1221,1.1699155493499214,-0.1318095772277927,Stable,40,DEXCHUS
2025-10-24,7.1211,1.161679090069845,-0.1780257366340465,Stable,40,DEXCHUS
2025-10-27,7.1102,1.2653022343150628,-0.3168461193360228,Stable,40,DEXCHUS
2025-10-28,7.0988,1.2207412273296014,-0.2893502261426484,Stable,40,DEXCHUS
2025-10-29,7.098,1.220422715246529,-0.2949852507374673,Stable,40,DEXCHUS
2025-10-30,7.1097,1.367112876302448,-0.1446629213483152,Stable,40,DEXCHUS
2025-10-31,7.1169,1.417592045477722,-0.0435393258426897,Stable,40,DEXCHUS
2025-11-03,7.1222,1.4421990520595265,0.0308988764045059,Stable,40,DEXCHUS
2025-11-04,7.1295,1.4839484112140815,0.1334269662921272,Stable,40,DEXCHUS
2025-11-05,7.126,1.4963053338203158,0.0842696629213435,Stable,40,DEXCHUS
2025-11-06,7.1195,1.5323478521765612,-0.0070224719101119,Stable,40,DEXCHUS
2025-11-07,7.1219,1.489630231538307,-0.0785689231848518,Stable,40,DEXCHUS
2025-11-10,7.1193,1.452344931341394,-0.2060555088309601,Stable,40,DEXCHUS
2025-11-11,7.1193,1.452344931341394,-0.2060555088309601,Stable,40,DEXCHUS
2025-11-12,7.112,1.4619142660080204,-0.3698307744032236,Stable,40,DEXCHUS
2025-11-13,7.095,1.5671876588280658,-0.4378209985686609,Stable,40,DEXCHUS
2025-11-14,7.0992,1.5883976564189253,-0.3341288782816254,Stable,40,DEXCHUS
2025-11-17,7.1075,1.6405355799576915,-0.2652110462505685,Stable,40,DEXCHUS
2025-11-18,7.1074,1.611856270227717,-0.1699557553198949,Stable,40,DEXCHUS
2025-11-19,7.1106,1.6164638337226498,-0.1572636131315197,Stable,40,DEXCHUS
2025-11-20,7.1098,1.6005517314525388,-0.2231359726062032,Stable,40,DEXCHUS
2025-11-21,7.1066,1.598931745622582,-0.2176324398702522,Stable,40,DEXCHUS
2025-11-24,7.102,1.610018294047421,-0.2682169889483332,Stable,40,DEXCHUS
2025-11-25,7.0845,1.739769429671481,-0.3614525611093877,Stable,40,DEXCHUS
2025-11-26,7.0758,1.705378780681018,-0.3239984222685454,Stable,40,DEXCHUS
2025-11-27,7.0758,1.7061691252691424,-0.3127641589179997,Stable,40,DEXCHUS
2025-11-28,7.0751,1.5767512202125755,-0.4866590714094898,Stable,40,DEXCHUS
2025-12-01,7.0717,1.5117578132457727,-0.6351079824080785,Stable,40,DEXCHUS
2025-12-02,7.07,1.463487084202105,-0.7329196034932983,Stable,40,DEXCHUS
2025-12-03,7.0636,1.3856989152915973,-0.92432849428431,Stable,40,DEXCHUS
2025-12-04,7.0714,1.48517409725487,-0.766208251473488,Stable,40,DEXCHUS
2025-12-05,7.0696,1.4721048896383286,-0.7008919165671701,Stable,40,DEXCHUS
2025-12-08,7.071,1.4648815296895037,-0.714696920765534,Stable,40,DEXCHUS
2025-12-09,7.0633,1.4876604033119234,-0.7865941876308069,Stable,40,DEXCHUS
2025-12-10,7.064,1.4912046705666555,-0.776761760285416,Stable,40,DEXCHUS
2025-12-11,7.0579,1.4832864903908176,-0.7606861642294738,Stable,40,DEXCHUS
2025-12-12,7.0548,1.2884989425408226,-0.5665961945031661,Stable,40,DEXCHUS
2025-12-15,7.047,1.279534802240447,-0.7352941176470562,Stable,40,DEXCHUS
2025-12-16,7.0417,1.1593688912999842,-0.9257826239887468,Stable,40,DEXCHUS
2025-12-17,7.0431,1.1715636406459606,-0.9046908855559032,Stable,40,DEXCHUS
2025-12-18,7.0404,1.1271792192714074,-0.9872584592017564,Stable,40,DEXCHUS
2025-12-19,7.0409,1.13631239280478,-0.9690849250330592,Stable,40,DEXCHUS
2025-12-22,7.0367,1.1372285162185591,-0.983592716629622,Stable,40,DEXCHUS
2025-12-23,7.028,1.166704504165694,-1.0419600112644425,Stable,40,DEXCHUS
2025-12-24,7.0142,1.06926408177721,-0.9923071494106872,Stable,40,DEXCHUS
2025-12-25,7.0142,1.044566885677665,-0.8705729387489813,Stable,40,DEXCHUS
2025-12-26,7.0063,1.0607774529266345,-0.9822210916080154,Stable,40,DEXCHUS
2025-12-29,7.0056,1.060734286343706,-0.982318271119842,Stable,40,DEXCHUS
2025-12-30,6.9961,1.1043185976748229,-1.0690498748532784,Stable,40,DEXCHUS
2025-12-31,6.9931,1.1004134204859244,-1.0876944837340918,Stable,40,DEXCHUS
2026-01-01,6.9931,1.1051971935228884,-0.99807463616286,Stable,40,DEXCHUS
2026-01-02,6.9877,0.9466355584755444,-1.1836411460248275,Stable,40,DEXCHUS
2026-01-05,6.988,0.9644358171714418,-1.15423786352834,Stable,40,DEXCHUS
2026-01-06,6.9834,0.9252945831505188,-1.2388629613915958,Stable,40,DEXCHUS
2026-01-07,6.9965,1.2412337233578712,-0.9457335806209556,Stable,40,DEXCHUS
2026-01-08,6.9835,1.3147120673895305,-1.1395809739524363,Stable,40,DEXCHUS
2026-01-09,6.9772,1.3159565091197245,-1.1433995947803255,Stable,40,DEXCHUS
2026-01-12,6.9731,1.315427206507369,-1.15807677042582,Stable,40,DEXCHUS
2026-01-13,6.9775,1.3604896264671242,-0.9862352774230088,Stable,40,DEXCHUS
2026-01-14,6.973,1.3582094152873612,-0.9756166834713142,Stable,40,DEXCHUS
2026-01-15,6.966,1.3478483264517065,-1.0946884184520944,Stable,40,DEXCHUS
2026-01-16,6.9681,1.37738440469479,-1.0269302880518194,Stable,40,DEXCHUS
2026-01-19,6.9681,1.373948185915017,-1.0339587268673012,Stable,40,DEXCHUS
2026-01-20,6.9599,1.393938929511199,-1.0914206943595683,Stable,40,DEXCHUS
2026-01-21,6.9637,1.4154336528412532,-0.9149117814456376,Stable,40,DEXCHUS
2026-01-22,6.97,1.3738342820018572,-0.6301502666020364,Stable,40,DEXCHUS
2026-01-23,6.9631,1.3892541993268954,-0.7285221408000919,Stable,40,DEXCHUS
2026-01-26,6.9542,1.4009255526056106,-0.7436164594721961,Stable,40,DEXCHUS
2026-01-27,6.9545,1.4050776856021847,-0.7294164668265379,Stable,40,DEXCHUS
2026-01-28,6.9462,1.3914456295066022,-0.7132545275224778,Stable,40,DEXCHUS
2026-01-29,6.948,1.406269078079291,-0.644921422545075,Stable,40,DEXCHUS
2026-01-30,6.951,1.4259883223902778,-0.6020219931074933,Stable,40,DEXCHUS
2026-02-02,6.9463,1.4222555955791565,-0.5924696251985662,Stable,40,DEXCHUS
2026-02-03,6.9377,1.4541865653102088,-0.7198053806525495,Stable,40,DEXCHUS
2026-02-04,6.9415,1.4810612931318077,-0.5999942721310547,Stable,40,DEXCHUS
2026-02-05,6.9378,1.2559681108750362,-0.8389909240334448,Stable,40,DEXCHUS
2026-02-06,6.9388,1.1503277233036866,-0.6400801890169783,Stable,40,DEXCHUS
2026-02-09,6.92,1.4095867498084682,-0.8198131055437652,Stable,40,DEXCHUS
2026-02-10,6.9106,1.4478630980239195,-0.8963015014842757,Stable,40,DEXCHUS
2026-02-11,6.9125,1.4200277792256295,-0.931565747044072,Stable,40,DEXCHUS
2026-02-12,6.901,1.480637843199394,-1.032554137387065,Stable,40,DEXCHUS
2026-02-13,6.908,1.556152292840676,-0.8326155612977337,Trending,80,DEXCHUS
2026-02-16,6.908,1.542532969315389,-0.862501973278218,Trending,80,DEXCHUS
2026-02-17,6.9031,1.5382284365815964,-0.9328224336619616,Trending,80,DEXCHUS
2026-02-18,6.9031,1.521687429452429,-0.8161036796505705,Trending,80,DEXCHUS
2026-02-19,6.9031,1.4908270241350483,-0.8702270344787988,Trending,80,DEXCHUS
2026-02-20,6.9031,1.421180943260941,-0.9598278335724464,Trending,80,DEXCHUS
2026-02-23,6.9031,1.415925510190959,-0.8616851689620897,Trending,80,DEXCHUS
2026-02-24,6.883,1.6376154443041675,-1.0238417071697703,Trending,80,DEXCHUS
2026-02-25,6.8692,1.7059520887431092,-1.2265439643396436,Trending,80,DEXCHUS
2026-02-26,6.8409,2.09408187508078,-1.5159367711842453,Trending,80,DEXCHUS
2026-02-27,6.8579,2.352128846418716,-1.296776050662063,Trending,80,DEXCHUS
2026-03-02,6.8821,2.7394479333417885,-0.991224284275638,Stable,40,DEXCHUS
2026-03-03,6.8996,2.929687255622296,-0.6723003613434475,Stable,40,DEXCHUS
2026-03-04,6.8969,2.9108609389076063,-0.5880911541289002,Stable,40,DEXCHUS
2026-03-05,6.8912,2.900576836951458,-0.7246272419505706,Stable,40,DEXCHUS
2026-03-06,6.8965,2.9248934345656177,-0.5952895730635177,Stable,40,DEXCHUS
2026-03-09,6.9066,2.984328785762513,-0.4640571856805109,Stable,40,DEXCHUS
2026-03-10,6.8766,3.2018793907254794,-0.6271676300578011,Trending,80,DEXCHUS
2026-03-11,6.8655,3.2137608739025083,-0.6526206118137257,Trending,80,DEXCHUS
2026-03-12,6.8689,3.219711529434341,-0.6307414104882447,Trending,80,DEXCHUS
2026-03-13,6.8961,3.496850951936831,-0.0710042022895263,Stable,40,DEXCHUS
2026-03-16,6.8955,3.4760977742892734,-0.180949623624782,Stable,40,DEXCHUS
2026-03-17,6.8863,3.5026617971635816,-0.3141285466126242,Trending,80,DEXCHUS
2026-03-18,6.8726,3.556196384638909,-0.4418304819573837,Trending,80,DEXCHUS
2026-03-19,6.8998,3.838499659274409,-0.0478046095232609,Stable,40,DEXCHUS
2026-03-20,6.8857,3.9019114933333463,-0.2520606683953597,Stable,40,DEXCHUS
2026-03-23,6.8807,3.907265466859674,-0.3244918949457553,Stable,40,DEXCHUS
2026-03-24,6.8918,3.954839768760863,-0.1636945720038918,Stable,40,DEXCHUS
2026-03-25,6.9011,3.8436434965225983,0.2629667296237148,Trending,80,DEXCHUS
2026-03-26,6.9107,3.7858035836417567,0.6041460432073542,Trending,80,DEXCHUS
2026-03-27,6.9116,3.431810304633365,1.033489745501326,Trending,80,DEXCHUS
2026-03-30,6.9119,3.356542376410111,0.7874130564750281,Trending,80,DEXCHUS
2026-03-31,6.898,3.2476604175801214,0.2310341320236553,Trending,80,DEXCHUS
2026-04-01,6.872,3.385495625906682,-0.4000231897501427,Trending,80,DEXCHUS
2026-04-02,6.8856,3.4662336353901853,-0.1638417259928304,Trending,80,DEXCHUS
2026-04-03,6.8824,3.458620014112659,-0.1276990944973466,Trending,80,DEXCHUS
2026-04-06,6.8778,3.4511141565823094,-0.271152033640254,Trending,80,DEXCHUS
2026-04-07,6.8567,3.543651352335316,-0.7224973214027153,Trending,80,DEXCHUS
2026-04-08,6.8287,3.507616533031874,-0.6965651630165937,Trending,80,DEXCHUS
2026-04-09,6.8314,3.4839489568662083,-0.4966863302017232,Trending,80,DEXCHUS
2026-04-10,6.8278,3.4749446469840075,-0.598349080638827,Trending,80,DEXCHUS
2026-04-13,6.8303,3.127647084290169,-0.9541624976435849,Stable,40,DEXCHUS
2026-04-14,6.8157,3.177545072507957,-1.157276484663916,Stable,40,DEXCHUS
2026-04-15,6.818,3.178476954954986,-0.9918243468916677,Stable,40,DEXCHUS
2026-04-16,6.8208,3.142700484235371,-0.7537176614381802,Stable,40,DEXCHUS
2026-04-17,6.817,2.7225058009710583,-1.20003478361691,Stable,40,DEXCHUS
2026-04-20,6.8172,2.675756558752032,-0.994815341940547,Stable,40,DEXCHUS
2026-04-21,6.8208,2.6960982317019515,-0.8705509613847418,Stable,40,DEXCHUS
2026-04-22,6.8275,2.644666453566291,-0.9329928320612968,Stable,40,DEXCHUS
2026-04-23,6.826,2.565187720733348,-1.0882323107910374,Stable,40,DEXCHUS
2026-04-24,6.8359,2.5708249355348984,-1.0823794984589186,Stable,40,DEXCHUS
2024-05-27,83.09,1.1304536844938258,-0.3478052290717071,Stable,40,DEXINUS
2024-05-28,83.16,1.116420419669649,-0.3594536304816653,Stable,40,DEXINUS
2024-05-29,83.33,1.3538683314727693,-0.1318312559923318,Stable,40,DEXINUS
2024-05-30,83.28,1.3645774272366409,-0.2037147992810073,Stable,40,DEXINUS
2024-05-31,83.43,1.514503022385033,-0.0119846596356554,Stable,40,DEXINUS
2024-06-03,83.14,1.9344881543928685,-0.3475967877262453,Stable,40,DEXINUS
2024-06-04,83.52,2.529776840243568,0.0479156684235704,Stable,40,DEXINUS
2024-06-05,83.37,2.602900167198054,-0.1676445934618575,Stable,40,DEXINUS
2024-06-06,83.47,2.628165282691306,0.0239664469742217,Stable,40,DEXINUS
2024-06-07,83.38,2.64101897974834,-0.1556699796431693,Stable,40,DEXINUS
2024-06-10,83.5,2.689337199405114,-0.0478812544888795,Stable,40,DEXINUS
2024-06-11,83.5,2.6773726603686447,0.0239578342117852,Stable,40,DEXINUS
2024-06-12,83.57,2.6917590701119503,0.0838323353293368,Stable,40,DEXINUS
2024-06-13,83.52,2.694978803998863,0.0718907260963463,Stable,40,DEXINUS
2024-06-14,83.54,2.695856821415821,0.0958543014617951,Stable,40,DEXINUS
2024-06-17,83.52,2.6441585759769595,0.2159827213822795,Stable,40,DEXINUS
2024-06-18,83.42,2.6823500059888743,0.0959923206143464,Stable,40,DEXINUS
2024-06-19,83.42,2.678363154570968,0.1320369703516899,Stable,40,DEXINUS
2024-06-20,83.62,2.7838983762030765,0.4323804948354492,Stable,40,DEXINUS
2024-06-21,83.53,2.8192259170967144,0.3122373003482614,Stable,40,DEXINUS
2024-06-24,83.42,2.7461934912131416,0.3971597063425092,Stable,40,DEXINUS
2024-06-25,83.4,2.7495394421081167,0.3730894211096514,Stable,40,DEXINUS
2024-06-26,83.55,2.7981367762585294,0.4689754689754632,Stable,40,DEXINUS
2024-06-27,83.44,2.764710211294951,0.1320052802112004,Stable,40,DEXINUS
2024-06-28,83.33,2.797459026424829,0.0600384245917462,Stable,40,DEXINUS
2024-07-01,83.44,2.763843245543906,0.011986096128469,Stable,40,DEXINUS
2024-07-02,83.5,2.4634235474351738,0.433004570603801,Stable,40,DEXINUS
2024-07-03,83.48,1.8855977035160791,-0.0478927203065082,Stable,40,DEXINUS
2024-07-04,83.48,1.7719278643116765,0.1319419455439563,Stable,40,DEXINUS
2024-07-05,83.47,1.723625601101986,0.0,Stable,40,DEXINUS
2024-07-08,83.45,1.6814562713979204,0.0839529863276622,Stable,40,DEXINUS
2024-07-09,83.47,1.6053532811645284,-0.0359281437125713,Stable,40,DEXINUS
2024-07-10,83.5,1.6106414881182567,0.0,Stable,40,DEXINUS
2024-07-11,83.57,1.6106414881182567,0.0,Stable,40,DEXINUS
2024-07-12,83.48,1.6413050446795072,-0.0478927203065082,Stable,40,DEXINUS
2024-07-15,83.55,1.6662725270930927,0.0119703136222115,Stable,40,DEXINUS
2024-07-16,83.6,1.6759598144849313,0.0957854406130165,Stable,40,DEXINUS
2024-07-17,83.55,1.632226495255543,0.1558379285542921,Stable,40,DEXINUS
2024-07-18,83.58,1.6348943321408274,0.1918005274514467,Stable,40,DEXINUS
2024-07-19,83.7,1.4916596724151543,0.0956708921310722,Stable,40,DEXINUS
2024-07-22,83.65,1.4550356676332967,0.1436609601340954,Stable,40,DEXINUS
2024-07-23,83.68,1.3670942349150077,0.3116758571086064,Stable,40,DEXINUS
2024-07-24,83.72,1.364013998373936,0.3836930455635379,Stable,40,DEXINUS
2024-07-25,83.7,1.236547738436618,0.1795332136445226,Stable,40,DEXINUS
2024-07-26,83.7,1.1277450448059172,0.3116011505273297,Stable,40,DEXINUS
2024-07-29,83.75,1.0020630474775825,0.5040201608064399,Stable,40,DEXINUS
2024-07-30,83.7,0.9608290352972668,0.3116011505273297,Stable,40,DEXINUS
2024-07-31,83.73,0.9417690473703604,0.2754491017964211,Stable,40,DEXINUS
2024-08-01,83.7,0.9485339678523568,0.2635361763296595,Stable,40,DEXINUS
2024-08-02,83.79,1.002223988154927,0.3713464302827152,Stable,40,DEXINUS
2024-08-05,83.83,1.0013128548861856,0.4312926800047911,Stable,40,DEXINUS
2024-08-06,83.91,1.0197395460605416,0.551228280407412,Stable,40,DEXINUS
2024-08-07,83.96,1.02620186344993,0.5870372588953954,Stable,40,DEXINUS
2024-08-08,83.95,1.0348267983079746,0.5389221556886259,Stable,40,DEXINUS
2024-08-09,83.92,1.032965009899106,0.418810577958606,Stable,40,DEXINUS
2024-08-12,83.92,0.9272817905657436,0.5270723526593191,Stable,40,DEXINUS
2024-08-13,83.97,0.911567744897686,0.502692998204668,Stable,40,DEXINUS
2024-08-14,83.91,0.9585849737145136,0.3708133971291882,Stable,40,DEXINUS
2024-08-15,83.94,0.9175791390186088,0.4667863554757678,Stable,40,DEXINUS
2024-08-16,83.95,0.9168254397248192,0.4426896386695356,Stable,40,DEXINUS
2024-08-19,83.82,0.993913718192061,0.1433691756272281,Stable,40,DEXINUS
2024-08-20,83.79,0.9770206116747492,0.1673640167364043,Stable,40,DEXINUS
2024-08-21,83.93,1.1195515734584878,0.2987571701720926,Stable,40,DEXINUS
2024-08-22,83.93,1.113721557605637,0.2508361204013543,Stable,40,DEXINUS
2024-08-23,83.91,1.1136973383993922,0.2508960573476715,Stable,40,DEXINUS
2024-08-26,83.87,1.1322342413300897,0.2031063321386028,Stable,40,DEXINUS
2024-08-27,83.91,1.1262788291436543,0.1910447761193978,Stable,40,DEXINUS
2024-08-28,83.9,1.101381053635292,0.2389486260454099,Stable,40,DEXINUS
2024-08-29,83.84,1.1336610439857988,0.1313746566344198,Stable,40,DEXINUS
2024-08-30,83.83,1.1254694419348354,0.155316606929512,Stable,40,DEXINUS
2024-09-02,83.83,1.0649664601045363,0.0477383936030362,Trending,80,DEXINUS
2024-09-03,83.94,1.1460278762008995,0.1312179410712044,Stable,40,DEXINUS
2024-09-04,83.95,1.0997400528724548,0.047670122750576,Stable,40,DEXINUS
2024-09-05,83.96,1.0806792537998982,0.0,Trending,80,DEXINUS
2024-09-06,83.91,1.0997410090278876,-0.0476474091721357,Trending,80,DEXINUS
2024-09-09,83.93,1.0962395886998275,0.0119161105815113,Stable,40,DEXINUS
2024-09-10,83.95,1.099181945713208,0.0357483317445117,Stable,40,DEXINUS
2024-09-11,83.95,1.0788571529431876,-0.0238180302488899,Trending,80,DEXINUS
2024-09-12,83.92,1.056374652102813,0.0119175306876551,Trending,80,DEXINUS
2024-09-13,83.88,1.0609003588228223,-0.0714796283059371,Trending,80,DEXINUS
2024-09-16,83.89,1.060901907424715,-0.0714711137581924,Trending,80,DEXINUS
2024-09-17,83.75,1.083131301619522,-0.0835122882366867,Stable,40,DEXINUS
2024-09-18,83.75,1.0769552038878676,-0.0477383936030584,Stable,40,DEXINUS
2024-09-19,83.68,0.9187896113185596,-0.2978672703443319,Trending,80,DEXINUS
2024-09-20,83.57,1.0022638874578262,-0.4289288692958526,Stable,40,DEXINUS
2024-09-23,83.53,1.0067337722503051,-0.4528661661303723,Stable,40,DEXINUS
2024-09-24,83.66,1.1729858875802237,-0.2503875044712167,Stable,40,DEXINUS
2024-09-25,83.56,1.2084236778568525,-0.4171135740674514,Stable,40,DEXINUS
2024-09-26,83.6,1.2309225777706427,-0.3575685339690215,Stable,40,DEXINUS
2024-09-27,83.68,1.2732187064156038,-0.1908396946564861,Stable,40,DEXINUS
2024-09-30,83.76,1.3236622471828992,-0.08350232613622,Stable,40,DEXINUS
2024-10-01,83.81,1.3419302761018788,-0.0238578074674866,Stable,40,DEXINUS
2024-10-02,83.81,1.252937638463817,-0.154872527996186,Stable,40,DEXINUS
2024-10-03,84.0,1.4925614230247826,0.0595592614651474,Stable,40,DEXINUS
2024-10-04,83.99,1.4930251541998143,0.0357313006193349,Stable,40,DEXINUS
2024-10-07,83.96,1.4829450734945813,0.0595876534382089,Stable,40,DEXINUS
2024-10-08,83.95,1.4817494257535269,0.0238293816275492,Stable,40,DEXINUS
2024-10-09,83.93,1.4817650850300073,-0.0238237045860567,Stable,40,DEXINUS
2024-10-10,83.94,1.482450502816712,-0.0119118522930339,Stable,40,DEXINUS
2024-10-11,84.08,1.584343298276435,0.1906577693040922,Stable,40,DEXINUS
2024-10-14,84.08,1.571369605566198,0.2384358607534498,Stable,40,DEXINUS
2024-10-15,84.04,1.5845751924976714,0.1788055787340647,Stable,40,DEXINUS
2024-10-16,84.01,1.4619878999281102,0.3104477611940437,Stable,40,DEXINUS
2024-10-17,84.04,1.462665743740856,0.3462686567164308,Stable,40,DEXINUS
2024-10-18,84.03,1.4213581456862328,0.4182600382409029,Stable,40,DEXINUS
2024-10-21,84.07,1.3122434192359174,0.5983008256551292,Stable,40,DEXINUS
2024-10-22,84.06,1.291643285360666,0.6345025739255439,Stable,40,DEXINUS
2024-10-23,84.06,1.211149978101824,0.4781257470714894,Stable,40,DEXINUS
2024-10-24,84.05,1.1045359508723522,0.5864049784585879,Stable,40,DEXINUS
2024-10-25,84.06,1.103357276409752,0.5502392344497675,Stable,40,DEXINUS
2024-10-28,84.05,1.0806341903855936,0.4421606118546695,Stable,40,DEXINUS
2024-10-29,84.04,1.0509221210143134,0.3342884431709603,Stable,40,DEXINUS
2024-10-30,84.07,1.04157213709539,0.3102255100823292,Stable,40,DEXINUS
2024-10-31,84.06,1.0445085346185126,0.2982937596945456,Stable,40,DEXINUS
2024-11-01,84.03,0.7156079256569734,0.0357142857142944,Trending,80,DEXINUS
2024-11-04,84.11,0.7829521257586514,0.1428741516847242,Trending,80,DEXINUS
2024-11-05,84.1,0.7709016980700811,0.1667460695569333,Trending,80,DEXINUS
2024-11-06,84.31,1.1334396588732651,0.4288266825491327,Stable,40,DEXINUS
2024-11-07,84.37,1.134501959679039,0.5242463958060162,Stable,40,DEXINUS
2024-11-08,84.34,1.1531279282763869,0.4765308553728919,Stable,40,DEXINUS
2024-11-11,84.34,1.028482869681799,0.3092293054234085,Stable,40,DEXINUS
2024-11-12,84.38,1.0330401439649064,0.3568030447193004,Stable,40,DEXINUS
2024-11-13,84.39,1.0064169711144415,0.4164683484055187,Stable,40,DEXINUS
2024-11-14,84.42,0.986978402625726,0.4880371384359039,Stable,40,DEXINUS
2024-11-15,84.41,0.993115304976092,0.4402665397429617,Stable,40,DEXINUS
2024-11-18,84.37,1.015263357481468,0.4046173985481349,Stable,40,DEXINUS
2024-11-19,84.36,1.0152335412457252,0.3449506363744525,Stable,40,DEXINUS
2024-11-20,84.41,1.0201450156731855,0.4163692600523294,Stable,40,DEXINUS
2024-11-21,84.48,1.0401095174056736,0.4996431120628086,Stable,40,DEXINUS
2024-11-22,84.44,1.0624322022858017,0.4640095181439596,Stable,40,DEXINUS
2024-11-25,84.24,1.3910606130783998,0.2141327623126354,Stable,40,DEXINUS
2024-11-26,84.27,1.3912774790715268,0.261748958953012,Trending,80,DEXINUS
2024-11-27,84.41,1.4854628012322788,0.4402665397429617,Trending,80,DEXINUS
2024-11-28,84.41,1.486148272070039,0.4044248840252118,Trending,80,DEXINUS
2024-11-29,84.48,1.497358020909865,0.4996431120628086,Trending,80,DEXINUS
2024-12-02,84.74,1.772827375912828,0.8449363322622805,Trending,80,DEXINUS
2024-12-03,84.68,1.8008998803957086,0.6776839852574046,Trending,80,DEXINUS
2024-12-04,84.69,1.7954478164036705,0.7015457788347224,Stable,40,DEXINUS
2024-12-05,84.68,1.6181939245722414,0.4388566006404915,Trending,80,DEXINUS
2024-12-06,84.67,1.611233480822606,0.3555766267630655,Trending,80,DEXINUS
2024-12-09,84.72,1.6057063165573406,0.4505572682001357,Trending,80,DEXINUS
2024-12-10,84.84,1.6560355932434874,0.5928385107896617,Trending,80,DEXINUS
2024-12-11,84.8,1.6745057280780635,0.4977482815833101,Trending,80,DEXINUS
2024-12-12,84.84,1.6758261098849716,0.533238535371483,Trending,80,DEXINUS
2024-12-13,84.78,1.7078301913397111,0.4264392324093702,Trending,80,DEXINUS
2024-12-16,84.89,1.7442745828313375,0.5686530031986825,Trending,80,DEXINUS
2024-12-17,84.91,1.723307099026316,0.6400379281735091,Trending,80,DEXINUS
2024-12-18,84.95,1.717167109262301,0.6993835941204507,Trending,80,DEXINUS
2024-12-19,85.09,1.7752490998358073,0.8055917545314539,Trending,80,DEXINUS
2024-12-20,85.02,1.8146872746605665,0.6392045454545414,Trending,80,DEXINUS
2024-12-23,85.1,1.804442165972871,0.7816200852676314,Trending,80,DEXINUS
2024-12-24,85.14,1.5043090493582774,1.0683760683760646,Trending,80,DEXINUS
2024-12-25,85.14,1.5138261247060751,1.0323958704165248,Trending,80,DEXINUS
2024-12-26,85.25,1.4828982546962557,0.9951427555976888,Trending,80,DEXINUS
2024-12-27,85.53,1.7614735808196404,1.3268570074635777,Trending,80,DEXINUS
2024-12-30,85.47,1.818383861944358,1.171875,Volatile Breakout,160,DEXINUS
2024-12-31,85.55,1.5797982001658704,0.955864998819922,Volatile Breakout,160,DEXINUS
2025-01-01,85.55,1.532531899976815,1.0273972602739656,Volatile Breakout,160,DEXINUS
2025-01-02,85.75,1.6532963145526227,1.2516235683079469,Volatile Breakout,160,DEXINUS
2025-01-03,85.75,1.647392834501496,1.263580538497866,Volatile Breakout,160,DEXINUS
2025-01-06,85.7,1.6804269659915834,1.2164875398606334,Volatile Breakout,160,DEXINUS
2025-01-07,85.74,1.680843649796535,1.2039660056657242,Volatile Breakout,160,DEXINUS
2025-01-08,85.89,1.705735840170838,1.2376237623762387,Volatile Breakout,160,DEXINUS
2025-01-09,85.87,1.6890092394210798,1.2617924528302016,Volatile Breakout,160,DEXINUS
2025-01-10,85.96,1.695376697638058,1.320132013201314,Volatile Breakout,160,DEXINUS
2025-01-13,86.69,3.152939751223239,2.252889832507665,Volatile Breakout,160,DEXINUS
2025-01-14,86.63,3.209151588303452,2.04971139121215,Volatile Breakout,160,DEXINUS
2025-01-15,86.37,3.486233725141773,1.7194676716523416,Volatile Breakout,160,DEXINUS
2025-01-16,86.57,3.52171797529864,1.90700412007061,Volatile Breakout,160,DEXINUS
2025-01-17,86.55,3.531724029201433,1.7158302973322217,Volatile Breakout,160,DEXINUS
2025-01-20,86.55,3.4950304939896903,1.7995765702187638,Volatile Breakout,160,DEXINUS
2025-01-21,86.58,3.499185703778401,1.7391304347826209,Volatile Breakout,160,DEXINUS
2025-01-22,86.34,3.7140980318283208,1.4094432699083947,Trending,80,DEXINUS
2025-01-23,86.42,3.7069218718667143,1.5034061545689426,Volatile Breakout,160,DEXINUS
2025-01-24,86.2,3.86640476293874,1.1143695014662836,Trending,80,DEXINUS
2025-01-27,86.34,3.758683006151853,0.9470361276745054,Trending,80,DEXINUS
2025-01-28,86.52,3.774870973257026,1.228501228501222,Volatile Breakout,160,DEXINUS
2025-01-29,86.61,3.776266876388674,1.2390414962010654,Volatile Breakout,160,DEXINUS
2025-01-30,86.55,3.7974532119528814,1.1689070718877923,Volatile Breakout,160,DEXINUS
2025-01-31,86.54,3.7471976233251727,0.9212827988338336,Volatile Breakout,160,DEXINUS
2025-02-03,87.19,4.4698445294081175,1.6793002915451938,Volatile Breakout,160,DEXINUS
2025-02-04,87.06,4.515994167356691,1.586931155192528,Volatile Breakout,160,DEXINUS
2025-02-05,87.08,4.518638534532904,1.5628644739911437,Volatile Breakout,160,DEXINUS
2025-02-06,87.57,4.817281354978709,1.9559902200488863,Volatile Breakout,160,DEXINUS
2025-02-07,87.43,4.881533445022612,1.8166996622801967,Volatile Breakout,160,DEXINUS
2025-02-10,87.45,4.885851191162371,1.7333643555142109,Volatile Breakout,160,DEXINUS
2025-02-11,86.76,4.941329898294076,0.0807474910601069,Volatile Breakout,160,DEXINUS
2025-02-12,86.9,4.962615793095393,0.3116703220593431,Volatile Breakout,160,DEXINUS
2025-02-13,86.89,4.830436164991633,0.6020609007757249,Volatile Breakout,160,DEXINUS
2025-02-14,86.82,4.786349174767591,0.2887836432944546,Volatile Breakout,160,DEXINUS
2025-02-17,86.82,4.784751415689783,0.3119584055459201,Volatile Breakout,160,DEXINUS
2025-02-18,86.96,4.8108048969022175,0.4737146158289906,Volatile Breakout,160,DEXINUS
2025-02-19,86.96,4.811239558345607,0.4389004389004247,Volatile Breakout,160,DEXINUS
2025-02-20,86.65,4.880558335518629,0.3590456335418102,Volatile Breakout,160,DEXINUS
2025-02-21,86.7,4.87527705926966,0.3239990742883503,Volatile Breakout,160,DEXINUS
2025-02-24,86.72,4.77507078563809,0.603248259860778,Trending,80,DEXINUS
2025-02-25,87.2,5.094198713640034,0.9960620801482412,Volatile Breakout,160,DEXINUS
2025-02-26,87.2,5.062384525515107,0.7859454461396354,Volatile Breakout,160,DEXINUS
2025-02-27,87.17,5.06226930951362,0.6465766077820234,Volatile Breakout,160,DEXINUS
2025-02-28,87.5,5.1864883033268026,1.0976314269208531,Volatile Breakout,160,DEXINUS
2025-03-03,87.35,5.240654823817695,0.9359833602958112,Volatile Breakout,160,DEXINUS
2025-03-04,87.26,4.584593383010559,0.0802844362885801,Trending,80,DEXINUS
2025-03-05,86.95,4.724939175336193,-0.1263496439237288,Trending,80,DEXINUS
2025-03-06,87.11,4.769927489862889,0.034451079467157,Trending,80,DEXINUS
2025-03-07,86.88,4.390225230650825,-0.7879410757108518,Stable,40,DEXINUS
2025-03-10,87.27,4.6734187969582806,-0.1830035456937051,Trending,80,DEXINUS
2025-03-11,87.16,4.689343658818944,-0.331618067467132,Trending,80,DEXINUS
2025-03-12,87.16,3.7521212935621695,0.4610419548178868,Stable,40,DEXINUS
2025-03-13,87.0,3.781040090986438,0.1150747986190969,Stable,40,DEXINUS
2025-03-14,87.0,3.780588545545924,0.1265968465876454,Stable,40,DEXINUS
2025-03-17,86.79,3.867194279864109,-0.034554250172758,Stable,40,DEXINUS
2025-03-18,86.5,4.035282484056247,-0.368578668509556,Stable,40,DEXINUS
2025-03-19,86.43,3.987200896561865,-0.6094756209751417,Stable,40,DEXINUS
2025-03-20,86.31,4.003536171493513,-0.7474701011959461,Stable,40,DEXINUS
2025-03-21,86.01,3.994650425408819,-0.7386035776110744,Stable,40,DEXINUS
2025-03-24,85.56,4.318515141028575,-1.314878892733562,Stable,40,DEXINUS
2025-03-25,85.77,4.441098850045252,-1.0954797047970533,Stable,40,DEXINUS
2025-03-26,85.71,3.856619798869248,-1.7087155963302902,Trending,80,DEXINUS
2025-03-27,85.79,3.8949145695969865,-1.6169724770642158,Trending,80,DEXINUS
2025-03-28,85.51,3.984676483233044,-1.904324882413666,Trending,80,DEXINUS
2025-03-31,85.43,3.600440924746856,-2.365714285714282,Trending,80,DEXINUS
2025-04-01,85.46,3.6296853917853,-2.163709215798515,Trending,80,DEXINUS
2025-04-02,85.52,3.6794542381835376,-1.9940407976163252,Trending,80,DEXINUS
2025-04-03,85.44,3.5563863279059795,-1.7366302472685555,Trending,80,DEXINUS
2025-04-04,85.24,3.454084542882914,-2.1467110549879487,Trending,80,DEXINUS
2025-04-07,85.85,4.4128727052763725,-1.1855432780847108,Trending,80,DEXINUS
2025-04-08,86.24,4.420675635740551,-1.180245215996334,Trending,80,DEXINUS
2025-04-09,86.64,4.762220863003186,-0.5966039467645623,Stable,40,DEXINUS
2025-04-10,86.69,4.770694335951614,-0.5392381826525905,Trending,80,DEXINUS
2025-04-11,86.06,5.335343795163767,-1.0804597701149388,Trending,80,DEXINUS
2025-04-14,86.02,5.332154551543527,-1.126436781609197,Volatile Breakout,160,DEXINUS
2025-04-15,85.76,5.363275909652381,-1.186772669662406,Volatile Breakout,160,DEXINUS
2025-04-16,85.67,5.271652318859828,-0.959537572254332,Volatile Breakout,160,DEXINUS
2025-04-17,85.37,5.37601181917282,-1.2264260094874468,Volatile Breakout,160,DEXINUS
2025-04-18,85.43,5.385287261301334,-1.0195805816243686,Volatile Breakout,160,DEXINUS
2025-04-21,85.18,5.350052190815624,-0.965004069294262,Volatile Breakout,160,DEXINUS
2025-04-22,85.19,5.0615311903545415,-0.4324450677886893,Volatile Breakout,160,DEXINUS
2025-04-23,85.42,5.078443738781864,-0.4080680890754307,Volatile Breakout,160,DEXINUS
2025-04-24,85.3,5.093218380159359,-0.4783572511958933,Volatile Breakout,160,DEXINUS
2025-04-25,85.43,5.114188081910989,-0.4196293274274398,Volatile Breakout,160,DEXINUS
2025-04-28,85.02,5.255963990374514,-0.5730323938720749,Volatile Breakout,160,DEXINUS
2025-04-29,85.27,5.364358932377717,-0.1872878379960307,Volatile Breakout,160,DEXINUS
2025-04-30,84.49,6.209822239456834,-1.1350339340042148,Volatile Breakout,160,DEXINUS
2025-05-01,84.58,6.220211001707454,-1.099158091674457,Volatile Breakout,160,DEXINUS
2025-05-02,84.5,6.220299778637565,-1.100187265917596,Volatile Breakout,160,DEXINUS
2025-05-05,84.27,6.2357414090065015,-1.1379633974659795,Volatile Breakout,160,DEXINUS
2025-05-06,84.45,5.672337399055332,-1.6307513104251492,Volatile Breakout,160,DEXINUS
2025-05-07,84.82,5.653497389294891,-1.6465677179962943,Volatile Breakout,160,DEXINUS
2025-05-08,85.67,6.541780816476192,-1.1195752539242876,Volatile Breakout,160,DEXINUS
2025-05-09,85.38,6.601170003416912,-1.5111316184104329,Volatile Breakout,160,DEXINUS
2025-05-12,85.38,6.157630255756287,-0.7901464094817623,Volatile Breakout,160,DEXINUS
2025-05-13,85.35,6.157536818663097,-0.7788886305510334,Volatile Breakout,160,DEXINUS
2025-05-14,85.29,6.083383611969069,-0.5480410447761153,Volatile Breakout,160,DEXINUS
2025-05-15,85.52,6.159649589139074,-0.1750904634061023,Volatile Breakout,160,DEXINUS
2025-05-16,85.49,6.034292735710499,0.14056460114793,Volatile Breakout,160,DEXINUS
2025-05-19,85.37,6.050722490827542,-0.0702329392485157,Volatile Breakout,160,DEXINUS
2025-05-20,85.63,6.043747921673646,0.528293026532034,Trending,80,DEXINUS
2025-05-21,85.65,6.0435417682056345,0.5399694799859134,Trending,80,DEXINUS
2025-05-22,85.97,6.106515972718085,0.6438773121048902,Trending,80,DEXINUS
2025-05-23,85.17,6.94260456690305,-0.1524032825322319,Volatile Breakout,160,DEXINUS
2025-05-26,85.17,6.918726298266469,-0.3043427367435347,Volatile Breakout,160,DEXINUS
2025-05-27,85.3,6.725848215363929,0.3293342742884064,Volatile Breakout,160,DEXINUS
2025-05-28,85.39,6.659202685559111,0.1407294476369225,Volatile Breakout,160,DEXINUS
2025-05-29,85.49,5.756729571727442,1.1835720203574374,Trending,80,DEXINUS
2025-05-30,85.5,5.755754920340399,1.087727595176169,Trending,80,DEXINUS
2025-06-02,85.33,5.800397071325967,0.9822485207100496,Trending,80,DEXINUS
2025-06-03,85.59,5.744142917937943,1.5663937344250645,Trending,80,DEXINUS
2025-06-04,85.85,5.780006456187594,1.65778567199526,Trending,80,DEXINUS
2025-06-05,85.8,5.645560979578736,1.1553878802169404,Trending,80,DEXINUS
2025-06-06,85.66,4.512653970074995,-0.0116726975604164,Stable,40,DEXINUS
2025-06-09,85.64,4.343830362160724,0.3045209650972102,Stable,40,DEXINUS
2025-06-10,85.57,4.35655791590379,0.2225345514171861,Stable,40,DEXINUS
2025-06-11,85.51,4.362900820288903,0.1874633860574182,Trending,80,DEXINUS
2025-06-12,85.55,4.3548368931921,0.3048423027318447,Trending,80,DEXINUS
2025-06-13,86.08,4.762339126252975,0.654817586529477,Trending,80,DEXINUS
2025-06-16,86.05,4.762298982631027,0.6550473739618701,Trending,80,DEXINUS
2025-06-17,86.29,4.792996881553507,1.0776619421342335,Trending,80,DEXINUS
2025-06-18,86.49,4.751025666223672,1.0043209155669697,Trending,80,DEXINUS
2025-06-19,86.49,4.7532421104392855,0.9807355516637362,Trending,80,DEXINUS
2025-06-20,86.58,4.609340587422304,0.709549842968471,Trending,80,DEXINUS
2025-06-23,86.73,3.005744807861346,1.8316308559351848,Stable,40,DEXINUS
2025-06-24,85.92,4.641156125968525,0.8805917576611533,Trending,80,DEXINUS
2025-06-25,86.04,4.637482045547481,0.8675263774912123,Trending,80,DEXINUS
2025-06-26,85.66,4.921074770631723,0.3161962759105297,Trending,80,DEXINUS
2025-06-27,85.45,4.986395543571346,-0.0467890981401208,Volatile Breakout,160,DEXINUS
2025-06-30,85.74,5.124817705182847,0.280701754385948,Trending,80,DEXINUS
2025-07-01,85.58,5.118599160529806,0.2929801945388499,Volatile Breakout,160,DEXINUS
2025-07-02,85.7,5.032053039588744,0.1285196868793026,Trending,80,DEXINUS
2025-07-03,85.3,5.164843957403973,-0.6406523005241693,Volatile Breakout,160,DEXINUS
2025-07-04,85.3,5.164785476407514,-0.5827505827505797,Volatile Breakout,160,DEXINUS
2025-07-07,85.86,5.650786867753234,0.2334812047630308,Trending,80,DEXINUS
2025-07-08,85.75,5.6705965235940985,0.1284446520317672,Trending,80,DEXINUS
2025-07-09,85.69,5.668429824557506,0.1402360640411437,Trending,80,DEXINUS
2025-07-10,85.65,5.664977809396843,0.1637235411062976,Trending,80,DEXINUS
2025-07-11,85.8,5.693312789745281,0.292226767971937,Trending,80,DEXINUS
2025-07-14,85.99,5.314716144700506,-0.1045539033457276,Trending,80,DEXINUS
2025-07-15,85.82,5.356230660112616,-0.2672864613596837,Trending,80,DEXINUS
2025-07-16,85.96,5.291571851548231,-0.382431336191924,Trending,80,DEXINUS
2025-07-17,86.08,5.246252061858321,-0.4740432419932938,Trending,80,DEXINUS
2025-07-18,86.1,5.24810254266492,-0.4509191814082602,Trending,80,DEXINUS
2025-07-21,86.3,5.305091669595416,-0.3234003234003246,Trending,80,DEXINUS
2025-07-22,86.37,5.273426818947169,-0.4150812867519837,Trending,80,DEXINUS
2025-07-23,86.41,4.092143848278498,0.5702979515828543,Trending,80,DEXINUS
2025-07-24,86.39,4.074693211427948,0.4067875406787546,Trending,80,DEXINUS
2025-07-25,86.48,3.719290825907672,0.9572729395283864,Trending,80,DEXINUS
2025-07-28,86.67,3.608290041910501,1.4277355178466955,Trending,80,DEXINUS
2025-07-29,86.83,3.499697759461493,1.271285281082335,Trending,80,DEXINUS
2025-07-30,87.44,4.024909646092269,2.1734050011684936,Volatile Breakout,160,DEXINUS
2025-07-31,87.6,4.032644984462985,2.2170361726954413,Volatile Breakout,160,DEXINUS
2025-08-01,87.54,3.525575435097388,2.6260257913247376,Volatile Breakout,160,DEXINUS
2025-08-04,87.63,3.4979879198577946,2.731535756154746,Volatile Breakout,160,DEXINUS
2025-08-05,87.8,2.9411741732330285,2.259492196599111,Trending,80,DEXINUS
2025-08-06,87.71,2.9166568230463,2.2857142857142687,Trending,80,DEXINUS
2025-08-07,87.71,2.8726497405976503,2.3573345781304766,Trending,80,DEXINUS
2025-08-08,87.67,2.8719077382339577,2.358435493286626,Trending,80,DEXINUS
2025-08-11,87.63,2.911548063358808,2.1328671328671334,Trending,80,DEXINUS
2025-08-12,87.71,2.8782611222107923,2.000232585184314,Trending,80,DEXINUS
2025-08-13,87.48,2.968085966340543,1.9342810533675256,Trending,80,DEXINUS
2025-08-14,87.56,2.9566339758628915,1.8613308515588844,Trending,80,DEXINUS
2025-08-15,87.56,2.9654847972549647,1.719330855018586,Trending,80,DEXINUS
2025-08-18,87.3,3.239342504605082,1.3937282229965264,Trending,80,DEXINUS
2025-08-19,87.02,3.4420516020945784,0.8342989571263004,Trending,80,DEXINUS
2025-08-20,87.02,3.441252075465759,0.7525761259696617,Trending,80,DEXINUS
2025-08-21,87.31,3.5923971299330386,1.041546117347525,Trending,80,DEXINUS
2025-08-22,87.53,3.6481903451149087,1.3195971755990188,Trending,80,DEXINUS
2025-08-25,87.55,3.647417001720114,1.2372802960221918,Trending,80,DEXINUS
2025-08-26,87.68,3.6160458078589968,1.165339794623299,Trending,80,DEXINUS
2025-08-27,87.74,3.586024543003864,1.048024876194864,Trending,80,DEXINUS
2025-08-28,87.63,2.732925759298422,0.2172918572735493,Trending,80,DEXINUS
2025-08-29,88.18,3.431397702927004,0.6621004566210287,Trending,80,DEXINUS
2025-09-01,88.18,3.4143715356538538,0.7310943568654249,Trending,80,DEXINUS
2025-09-02,88.15,3.4129882504670714,0.5934040853589062,Trending,80,DEXINUS
2025-09-03,88.06,3.385988804323296,0.2961275626423676,Trending,80,DEXINUS
2025-09-04,88.17,3.378780975207945,0.524455592292794,Trending,80,DEXINUS
2025-09-05,88.25,3.384892747115381,0.6156652605176172,Trending,80,DEXINUS
2025-09-08,88.25,3.3758262201308704,0.661571803353489,Trending,80,DEXINUS
2025-09-09,88.12,3.4231872164123924,0.5591692342804988,Trending,80,DEXINUS
2025-09-10,88.09,3.42095782896041,0.4332459240679709,Trending,80,DEXINUS
2025-09-11,88.44,3.495533558487445,1.0973936899862702,Trending,80,DEXINUS
2025-09-12,88.28,3.583246486297561,0.8222932846048359,Trending,80,DEXINUS
2025-09-15,88.22,3.600320270454492,0.7537688442210921,Trending,80,DEXINUS
2025-09-16,88.05,3.495439216178577,0.8591065292096189,Trending,80,DEXINUS
2025-09-17,87.77,3.491888162753179,0.8618708342909676,Trending,80,DEXINUS
2025-09-18,88.17,3.770089102668761,1.3215352792461663,Trending,80,DEXINUS
2025-09-19,88.06,3.689087705969838,0.8590081319436393,Trending,80,DEXINUS
2025-09-22,88.29,3.695856047122381,0.868273734719538,Trending,80,DEXINUS
2025-09-23,88.76,4.0664074225718485,1.3820673900628355,Trending,80,DEXINUS
2025-09-24,88.73,4.068672513783562,1.197536496350371,Trending,80,DEXINUS
2025-09-25,88.7,4.0804562073301405,1.0941417825393265,Trending,80,DEXINUS
2025-09-26,88.65,4.049516863969473,1.1639849366655408,Trending,80,DEXINUS
2025-09-29,88.76,3.490032996706205,0.6577455205261984,Trending,80,DEXINUS
2025-09-30,88.78,3.488346748743873,0.6804264005443317,Trending,80,DEXINUS
2025-10-01,88.69,3.512257210731258,0.6125921724333461,Trending,80,DEXINUS
2025-10-02,88.74,3.480301228172442,0.7722007722007707,Trending,80,DEXINUS
2025-10-03,88.78,3.465809778789828,0.6918452988544876,Trending,80,DEXINUS
2025-10-06,88.79,3.460076626888562,0.61189801699717,Trending,80,DEXINUS
2025-10-07,88.72,3.479207431141985,0.5325779036827072,Trending,80,DEXINUS
2025-10-08,88.77,3.4228047763978657,0.7376305038583553,Trending,80,DEXINUS
2025-10-09,88.84,3.416354266229493,0.8514019752525748,Trending,80,DEXINUS
2025-10-10,88.72,3.2073216363979538,0.3165988240615203,Trending,80,DEXINUS
2025-10-13,88.72,3.128156922518347,0.4984141368373329,Trending,80,DEXINUS
2025-10-14,88.76,3.110807717936685,0.612106098390397,Trending,80,DEXINUS
2025-10-15,87.98,4.377526232120131,-0.0795002839295788,Trending,80,DEXINUS
2025-10-16,87.81,4.284906800360064,0.0455736584254351,Trending,80,DEXINUS
2025-10-17,87.99,4.031264547473339,-0.2041510717931349,Trending,80,DEXINUS
2025-10-20,87.92,4.017988292039822,-0.1589825119236887,Trending,80,DEXINUS
2025-10-21,87.97,3.906783121479256,-0.3624419526560229,Trending,80,DEXINUS
2025-10-22,87.92,3.357434633714107,-0.9463722397476392,Trending,80,DEXINUS
2025-10-23,87.85,3.3592502636879398,-0.9917727938690502,Trending,80,DEXINUS
2025-10-24,87.83,3.360024266684271,-0.980834272829767,Trending,80,DEXINUS
2025-10-27,88.24,3.800926807679947,-0.4624929498026064,Trending,80,DEXINUS
2025-10-28,88.21,3.763745396791225,-0.6196484903109645,Trending,80,DEXINUS
2025-10-29,88.2,3.759691917590448,-0.6533002928587495,Trending,80,DEXINUS
2025-10-30,88.64,4.170531830103204,-0.0563761416168651,Trending,80,DEXINUS
2025-10-31,88.75,4.189104997911128,0.0112688753662437,Trending,80,DEXINUS
2025-11-03,88.78,4.187787927759266,0.0,Trending,80,DEXINUS
2025-11-04,88.67,4.209461885425511,-0.1351503547696864,Trending,80,DEXINUS
2025-11-05,88.66,4.201251263139175,-0.0676284941388716,Trending,80,DEXINUS
2025-11-06,88.65,4.195763361956049,-0.135180804325774,Trending,80,DEXINUS
2025-11-07,88.68,4.1871668531579616,-0.1800990544799652,Trending,80,DEXINUS
2025-11-10,88.7,4.162542032102552,-0.0225428313796127,Trending,80,DEXINUS
2025-11-11,88.7,4.162542032102552,-0.0225428313796127,Trending,80,DEXINUS
2025-11-12,88.58,4.184357652886092,-0.2027940513744996,Trending,80,DEXINUS
2025-11-13,88.66,2.7469671293169817,0.7729029324846426,Trending,80,DEXINUS
2025-11-14,88.74,2.6204607868499648,1.0591048855483454,Trending,80,DEXINUS
2025-11-17,88.58,2.6732719351021563,0.6705307421297935,Trending,80,DEXINUS
2025-11-18,88.6,2.64282758356579,0.7734303912647844,Trending,80,DEXINUS
2025-11-19,88.58,2.6495559293371285,0.6934182107536602,Trending,80,DEXINUS
2025-11-20,88.69,2.6463846638725403,0.8757961783439461,Trending,80,DEXINUS
2025-11-21,89.54,4.0939606590909134,1.9237336368810527,Trending,80,DEXINUS
2025-11-24,89.23,4.352469141880293,1.5939883866560534,Trending,80,DEXINUS
2025-11-25,89.16,4.139743896598483,1.042611060743437,Trending,80,DEXINUS
2025-11-26,89.27,4.135533853714247,1.2016778143067786,Trending,80,DEXINUS
2025-11-27,89.27,4.133351809684733,1.213151927437628,Trending,80,DEXINUS
2025-11-28,89.43,3.841558254049679,0.8912454873646336,Trending,80,DEXINUS
2025-12-01,89.59,3.860865278128366,0.9464788732394424,Trending,80,DEXINUS
2025-12-02,89.92,4.019159897022803,1.2840729894120215,Trending,80,DEXINUS
2025-12-03,90.15,4.014182395309287,1.6691101838276712,Trending,80,DEXINUS
2025-12-04,89.97,4.119331486397445,1.4775547033611502,Trending,80,DEXINUS
2025-12-05,89.97,4.1167053231727495,1.489001692047376,Trending,80,DEXINUS
2025-12-08,90.12,4.127425164647387,1.6238159675236783,Trending,80,DEXINUS
2025-12-09,89.9,4.272617142721094,1.3528748590755368,Trending,80,DEXINUS
2025-12-10,89.98,4.266845158497699,1.4430665163472467,Trending,80,DEXINUS
2025-12-11,90.35,4.356838340910369,1.99819372318808,Trending,80,DEXINUS
2025-12-12,90.41,4.357922618779383,1.9738326189939093,Trending,80,DEXINUS
2025-12-15,90.7,4.428358496470495,2.208699571782735,Trending,80,DEXINUS
2025-12-16,91.03,4.388476996809181,2.765861368254696,Trending,80,DEXINUS
2025-12-17,90.4,5.227691367869335,2.031602708803626,Trending,80,DEXINUS
2025-12-18,90.25,5.291968677820272,1.8853014224429865,Trending,80,DEXINUS
2025-12-19,89.54,6.096357933903587,0.9583944074867512,Trending,80,DEXINUS
2025-12-22,89.64,5.128701999478002,0.1116819298637494,Stable,40,DEXINUS
2025-12-23,89.67,4.966416328931544,0.4931076992042982,Trending,80,DEXINUS
2025-12-24,89.81,4.9719841377336085,0.7290264692687343,Trending,80,DEXINUS
2025-12-25,89.81,4.962733346548597,0.6049064635375911,Trending,80,DEXINUS
2025-12-26,89.78,4.966556417038908,0.5713005488966028,Trending,80,DEXINUS
2025-12-29,89.97,4.980268161330764,0.6038242200603783,Stable,40,DEXINUS
2025-12-30,89.78,5.0156603199985375,0.2120772407634863,Stable,40,DEXINUS
2025-12-31,89.84,4.850702216806653,-0.0889679715302516,Stable,40,DEXINUS
2026-01-01,89.84,4.758282946859261,-0.3438713255685011,Stable,40,DEXINUS
2026-01-02,90.19,4.907151381419938,0.2445259530954757,Stable,40,DEXINUS
2026-01-05,90.28,4.916221667192737,0.3445592975436229,Stable,40,DEXINUS
2026-01-06,90.18,4.903584508307472,0.0665778961384866,Stable,40,DEXINUS
2026-01-07,89.9,4.950996593993814,0.0,Stable,40,DEXINUS
2026-01-08,90.02,4.963404113928762,0.0444543231829186,Trending,80,DEXINUS
2026-01-09,90.16,4.773578345016976,-0.2102933038184762,Trending,80,DEXINUS
2026-01-12,90.12,4.766775042037348,-0.3207609777679421,Trending,80,DEXINUS
2026-01-13,90.19,4.623337681240742,-0.5622932745314224,Trending,80,DEXINUS
2026-01-14,90.24,4.414006505701109,-0.8678457651323801,Trending,80,DEXINUS
2026-01-15,90.26,3.7267615521314448,-0.15486725663717,Trending,80,DEXINUS
2026-01-16,90.87,4.3614906833240665,0.6869806094182973,Trending,80,DEXINUS
2026-01-19,90.87,3.1936697022153147,1.4853696671878414,Trending,80,DEXINUS
2026-01-20,91.01,3.203926540849137,1.5283355644801544,Trending,80,DEXINUS
2026-01-21,91.68,3.937078258177367,2.24155235864838,Trending,80,DEXINUS
2026-01-22,91.62,3.9760934666803047,2.0153657721857288,Trending,80,DEXINUS
2026-01-23,91.95,4.062089425360347,2.382808150540039,Trending,80,DEXINUS
2026-01-26,91.95,4.048596454302279,2.417019380708396,Trending,80,DEXINUS
2026-01-27,91.72,4.220778691059627,1.9450928087140216,Trending,80,DEXINUS
2026-01-28,91.78,4.0766423132288745,2.2276676319893163,Trending,80,DEXINUS
2026-01-29,91.95,4.08319659565186,2.348619768477289,Trending,80,DEXINUS
2026-01-30,91.98,4.073582005831565,2.3820124666072973,Trending,80,DEXINUS
2026-02-02,91.51,4.476328070268638,1.4635768932254267,Trending,80,DEXINUS
2026-02-03,90.3,6.5743457605070805,0.0221533008418317,Trending,80,DEXINUS
2026-02-04,90.36,6.564742635109898,0.1996007984031766,Trending,80,DEXINUS
2026-02-05,90.33,6.463500973381772,0.4783092324805338,Trending,80,DEXINUS
2026-02-06,90.65,6.5554201975073445,0.6998444790046854,Trending,80,DEXINUS
2026-02-09,90.77,6.550504221897192,0.6765749778172125,Trending,80,DEXINUS
2026-02-10,90.57,6.604805491850699,0.4993342210386053,Trending,80,DEXINUS
2026-02-11,90.69,6.613086221506816,0.5543851868277994,Trending,80,DEXINUS
2026-02-12,90.63,6.619946114232364,0.4321808510638236,Trending,80,DEXINUS
2026-02-13,90.64,6.620041547835095,0.4210059827165935,Trending,80,DEXINUS
2026-02-16,90.64,6.176640194138958,-0.2531088367998313,Trending,80,DEXINUS
2026-02-17,90.63,6.1765031375512685,-0.2641135688346119,Trending,80,DEXINUS
2026-02-18,90.7,6.156196705354014,-0.3406219096802609,Trending,80,DEXINUS
2026-02-19,90.68,5.516745930330856,-1.0907504363001697,Trending,80,DEXINUS
2026-02-20,90.98,5.672830311496824,-0.698537437240776,Trending,80,DEXINUS
2026-02-23,90.88,5.493439658429235,-1.1636759108211048,Trending,80,DEXINUS
2026-02-24,90.95,5.509638628806349,-1.087547580206638,Trending,80,DEXINUS
2026-02-25,90.95,5.463947908475294,-0.8395115569123424,Trending,80,DEXINUS
2026-02-26,90.92,5.450741674420118,-0.9370233166267172,Trending,80,DEXINUS
2026-02-27,91.03,5.421126353661938,-1.000543773790108,Trending,80,DEXINUS
2026-03-02,91.47,5.721408206868599,-0.5544683626875435,Trending,80,DEXINUS
2026-03-03,91.47,5.442504402899946,-0.0437110698284448,Trending,80,DEXINUS
2026-03-04,92.08,3.3010852711237817,1.9712070874861487,Trending,80,DEXINUS
2026-03-05,91.58,3.9705511235925264,1.3501549358122975,Trending,80,DEXINUS
2026-03-06,91.73,3.968315130515337,1.5498726890291303,Trending,80,DEXINUS
2026-03-09,92.31,4.31761918639437,1.8312189740761209,Trending,80,DEXINUS
2026-03-10,91.85,4.76348921790444,1.1898204252506206,Trending,80,DEXINUS
2026-03-11,92.03,4.675840207027402,1.6120128077730111,Trending,80,DEXINUS
2026-03-12,92.18,4.681623932961227,1.6429595324732649,Trending,80,DEXINUS
2026-03-13,92.47,4.719501084915667,2.030232814741262,Trending,80,DEXINUS
2026-03-16,92.42,4.739645978771448,1.9638128861429796,Trending,80,DEXINUS
2026-03-17,92.36,4.760997104114091,1.8976169461606407,Trending,80,DEXINUS
2026-03-18,92.87,5.003993027455586,2.471587774467632,Trending,80,DEXINUS
2026-03-19,92.62,5.179337616580465,2.116868798235938,Trending,80,DEXINUS
2026-03-20,93.73,6.398246291462595,3.363475959417728,Trending,80,DEXINUS
2026-03-23,93.96,6.376043347193237,3.2754451527808204,Trending,80,DEXINUS
2026-03-24,93.86,6.37423399916051,3.2790492957746498,Trending,80,DEXINUS
2026-03-25,93.97,6.369597381086242,3.320505772402416,Trending,80,DEXINUS
2026-03-26,93.97,6.369597381086242,3.320505772402416,Trending,80,DEXINUS
2026-03-27,94.83,6.843543650310896,4.300483941926969,Trending,80,DEXINUS
2026-03-30,94.41,7.196874431832017,3.713061628034709,Trending,80,DEXINUS
2026-03-31,93.83,7.597185219419515,2.580080900841808,Trending,80,DEXINUS
2026-04-01,93.21,8.061998462355687,1.902263037061336,Stable,40,DEXINUS
2026-04-02,93.09,7.81317360594635,1.0968722849695969,Trending,80,DEXINUS
2026-04-03,93.09,7.511778452564568,1.6488316226250357,Stable,40,DEXINUS
2026-04-06,93.06,7.514579328296117,1.4499073367491455,Trending,80,DEXINUS
2026-04-07,92.96,7.248917711260708,0.7041490629400737,Trending,80,DEXINUS
2026-04-08,92.25,7.546916926198747,0.4354926510615087,Trending,80,DEXINUS
2026-04-09,92.69,7.69005692791416,0.7171574486580345,Trending,80,DEXINUS
2026-04-10,92.72,7.675995699713201,0.5858103710132179,Trending,80,DEXINUS
2026-04-13,93.39,7.990977099259357,0.9949172704661002,Trending,80,DEXINUS
2026-04-14,93.37,7.986502329350801,1.0279160354901506,Trending,80,DEXINUS
2026-04-15,93.37,7.977902402943579,1.093546990038985,Trending,80,DEXINUS
2026-04-16,93.2,7.802564984952411,0.3553354150963583,Trending,80,DEXINUS
2026-04-17,92.9,7.829097132134058,0.3023105160872452,Trending,80,DEXINUS
2026-04-20,93.13,6.618135187738041,-0.6401365624666644,Trending,80,DEXINUS
2026-04-21,93.5,6.717876735698626,-0.4895700297999128,Trending,80,DEXINUS
2026-04-22,93.79,6.806724507250403,-0.0745791604517265,Trending,80,DEXINUS
2026-04-23,94.11,6.900014796159086,0.148983718207929,Trending,80,DEXINUS
2026-04-24,94.25,6.917067152850357,0.2979674364158802,Trending,80,DEXINUS
