observation_date,DEXCHUS,RETURNS,MA21,MA63,VOL21,MOMENTUM21,MOMENTUM63,TREND,REGIME,HEDGE_COST_BPS,FX_CODE,DEXINUS,DEXMXUS,DEXSFUS
2024-05-27,7.2425,0.0,7.2309190476190475,7.222695238095238,2.190122624066941,-0.053819827776557805,0.6238190507946939,0.008223809523809855,Stable,40,DEXCHUS,,,
2024-05-28,7.2451,0.00035899206075251655,7.231552380952381,7.22344761904762,2.069389834991476,0.18390995326198478,0.6585437014601903,0.008104761904761837,Stable,40,DEXCHUS,,,
2024-05-29,7.2494,0.0005935045755061097,7.231995238095239,7.224295238095238,2.042370282064508,0.12845126448528532,0.7420789327404087,0.007700000000000706,Stable,40,DEXCHUS,,,
2024-05-30,7.2493,-1.3794245040887887e-05,7.2324142857142855,7.225098412698412,2.042538730887957,0.1215385677784564,0.7029046911247949,0.007315873015873109,Stable,40,DEXCHUS,,,
2024-05-31,7.241,-0.0011449381319575958,7.232438095238096,7.2258047619047625,2.084751117604369,0.00690560044196431,0.6183561453484199,0.006633333333333269,Stable,40,DEXCHUS,,,
2024-06-03,7.242,0.00013810247203438486,7.232509523809524,7.226507936507937,2.085265648136196,0.020716801325870726,0.6154743876516156,0.006001587301587286,Stable,40,DEXCHUS,,,
2024-06-04,7.2393,-0.0003728251864125731,7.234042857142858,7.227250793650794,1.2511487225625926,0.44678164587699243,0.6506777893639182,0.00679206349206396,Stable,40,DEXCHUS,,,
2024-06-05,7.2475,0.0011327062008756883,7.235423809523811,7.228234920634921,1.1977603119680724,0.40174551499618794,0.8628487927075268,0.0071888888888897995,Stable,40,DEXCHUS,,,
2024-06-06,7.2451,-0.00033114867195582764,7.236690476190476,7.229236507936508,1.209853530807731,0.36849761030686157,0.8785853522695453,0.007453968253967602,Stable,40,DEXCHUS,,,
2024-06-07,7.2466,0.00020703647982767137,7.237966666666667,7.2302873015873015,1.2099025754508328,0.3712014183218315,0.9219542086791765,0.007679365079365397,Stable,40,DEXCHUS,,,
2024-06-10,7.2475,0.00012419617475778466,7.238990476190476,7.231239682539683,1.1842149869152008,0.2975366731248208,0.83478260869565,0.007750793650792787,Stable,40,DEXCHUS,,,
2024-06-11,7.2544,0.0009520524318731294,7.240033333333333,7.232211111111111,1.1885815056688298,0.30279986173522566,0.8508035366735278,0.007822222222221953,Stable,40,DEXCHUS,,,
2024-06-12,7.2544,0.0,7.241028571428571,7.233149206349206,1.189633806351705,0.28893343471347865,0.8213695050936165,0.00787936507936493,Stable,40,DEXCHUS,,,
2024-06-13,7.2519,-0.0003446184384650053,7.242595238095238,7.234003174603174,0.9218306435947479,0.45574179249203706,0.7474194579125015,0.008592063492064206,Stable,40,DEXCHUS,,,
2024-06-14,7.2557,0.000524000606737518,7.244385714285714,7.234901587301587,0.9189454006520374,0.5209127055596285,0.786209387284531,0.009484126984127705,Stable,40,DEXCHUS,,,
2024-06-17,7.2561,5.512907093740971e-05,7.245947619047619,7.235804761904762,0.9046023258320413,0.45408608253845184,0.7903655961773559,0.010142857142856343,Stable,40,DEXCHUS,,,
2024-06-18,7.2543,-0.0002480671435068915,7.246895238095238,7.2366777777777775,0.7787933089521015,0.2750746433705542,0.7639631630852906,0.010217460317460514,Stable,40,DEXCHUS,,,
2024-06-19,7.2543,0.0,7.247690476190477,7.2370809523809525,0.7715483740452284,0.23073947164806707,0.35136742796275655,0.01060952380952429,Stable,40,DEXCHUS,,,
2024-06-20,7.2604,0.0008408805811725983,7.248638095238096,7.237877777777777,0.8067215545135157,0.2748428975899442,0.6962358880474806,0.010760317460318802,Stable,40,DEXCHUS,,,
2024-06-21,7.2609,6.886672910599856e-05,7.249533333333333,7.238565079365078,0.8063005664964843,0.259593211913689,0.5999224118820701,0.010968253968254515,Stable,40,DEXCHUS,,,
2024-06-24,7.2586,-0.00031676513930778416,7.2503,7.239066666666666,0.8204475446535388,0.22229892992751132,0.4372492043724918,0.011233333333334095,Stable,40,DEXCHUS,,,
2024-06-25,7.2629,0.0005924007384343621,7.251271428571429,7.239649206349206,0.8363263243803308,0.2816706938211899,0.5078741247128482,0.011622222222222867,Stable,40,DEXCHUS,,,
2024-06-26,7.2666,0.0005094383786090617,7.252295238095239,7.240384126984127,0.8430211908142795,0.29675228775309925,0.6412475935902995,0.011911111111111872,Stable,40,DEXCHUS,,,
2024-06-27,7.2688,0.0003027550711474092,7.253219047619048,7.240987301587302,0.8292722437656975,0.2676083537948015,0.5255296785971142,0.012231746031745594,Stable,40,DEXCHUS,,,
2024-06-28,7.2672,-0.00022011886418660254,7.254071428571429,7.241546031746032,0.8367449323162836,0.24692039231373197,0.4867256637168138,0.012525396825396662,Stable,40,DEXCHUS,,,
2024-07-01,7.2683,0.00015136503742851914,7.255371428571428,7.242106349206349,0.6995477377675521,0.3770197486534954,0.4880409235448635,0.01326507936507948,Stable,40,DEXCHUS,,,
2024-07-02,7.2712,0.0003989928869199133,7.2567619047619045,7.242698412698413,0.7034386379981511,0.40320353493510375,0.5156278079597509,0.014063492063491445,Stable,40,DEXCHUS,,,
2024-07-03,7.2699,-0.0001787875453845844,7.258219047619047,7.243269841269842,0.6868324283547794,0.4226928017902143,0.4976568655911784,0.014949206349204935,Stable,40,DEXCHUS,,,
2024-07-04,7.2699,0.0,7.259285714285714,7.243895238095239,0.5997868138685707,0.30907209382546874,0.5449139063688602,0.01539047619047551,Stable,40,DEXCHUS,,,
2024-07-05,7.268,-0.0002613516004347227,7.260376190476191,7.244473015873016,0.593226952569519,0.31607569253702117,0.5033464240278729,0.015903174603175252,Stable,40,DEXCHUS,,,
2024-07-08,7.2683,4.127682993959603e-05,7.261409523809523,7.2450158730158725,0.5940097671940052,0.2994507769160659,0.47276095160420084,0.01639365079365085,Stable,40,DEXCHUS,,,
2024-07-09,7.2725,0.0005778517672632155,7.2626,7.245574603174602,0.6127447639909863,0.34494653328733804,0.4863692260925978,0.01702539682539772,Stable,40,DEXCHUS,,,
2024-07-10,7.2758,0.0004537641801307668,7.263619047619048,7.246184126984127,0.5534475563213236,0.2949933833259699,0.5305772791333929,0.017434920634920914,Stable,40,DEXCHUS,,,
2024-07-11,7.2573,-0.0025426757195086136,7.263757142857143,7.246487301587301,1.0826115465026518,0.0399757388619193,0.2638777596640107,0.01726984126984199,Stable,40,DEXCHUS,,,
2024-07-12,7.2495,-0.0010747798768135919,7.263642857142857,7.246665079365079,1.141480115806579,-0.03309477516236781,0.15473246480528502,0.01697777777777798,Stable,40,DEXCHUS,,,
2024-07-15,7.2592,0.0013380233119524299,7.263809523809523,7.246987301587302,1.22195161233675,0.04823793707016133,0.2804293470002328,0.016822222222221406,Stable,40,DEXCHUS,,,
2024-07-16,7.2685,0.0012811329072075495,7.2644,7.247468253968254,1.2974536138294244,0.17089069886027097,0.4186123621894966,0.016931746031746187,Stable,40,DEXCHUS,,,
2024-07-17,7.2607,-0.0010731237531815818,7.2647047619047616,7.247792063492064,1.3541124608555883,0.08822353638531233,0.2817562808170804,0.016912698412697935,Stable,40,DEXCHUS,,,
2024-07-18,7.26,-9.640943710664818e-05,7.264976190476191,7.248104761904762,1.3549039061440373,0.07857408709317504,0.2720881731419933,0.016871428571429092,Stable,40,DEXCHUS,,,
2024-07-19,7.2695,0.0013085399449035418,7.265409523809524,7.248501587301587,1.398806052180152,0.12533744697262872,0.3450893781489439,0.01690793650793676,Stable,40,DEXCHUS,,,
2024-07-22,7.2736,0.0005640002751221562,7.266014285714285,7.248939682539683,1.4096741542790803,0.17490944648734796,0.38089980678994717,0.017074603174602743,Stable,40,DEXCHUS,,,
2024-07-23,7.2748,0.00016498020237576405,7.266785714285714,7.2493968253968255,1.4022934072563666,0.22318353401482582,0.3974606679547188,0.017388888888888232,Stable,40,DEXCHUS,,,
2024-07-24,7.2622,-0.0017320063781821604,7.266752380952381,7.249647619047619,1.5264913943459288,-0.009638023379088256,0.21803930227421997,0.017104761904762178,Trending,80,DEXCHUS,,,
2024-07-25,7.231,-0.004296218776679295,7.265057142857142,7.2496349206349215,2.1164898299662434,-0.48991275149313784,-0.011062252827787056,0.015422222222220228,Stable,40,DEXCHUS,,,
2024-07-26,7.2502,0.0026552344074126655,7.264171428571428,7.249795238095238,2.336927733446852,-0.25588817961698096,0.1395008356238181,0.014376190476189876,Trending,80,DEXCHUS,,,
2024-07-29,7.2597,0.0013103086811396825,7.263814285714287,7.2501,2.388316694074953,-0.10320343461031056,0.2651750569711897,0.013714285714287122,Trending,80,DEXCHUS,,,
2024-07-30,7.2511,-0.0011846219540752045,7.262995238095238,7.250268253968254,2.4189026076714493,-0.2366440570697348,0.14639872936952347,0.012726984126984142,Trending,80,DEXCHUS,,,
2024-07-31,7.2193,-0.004385541504047685,7.26052380952381,7.249931746031746,2.825305050836993,-0.7137748927274812,-0.29279745873904695,0.010592063492063986,Stable,40,DEXCHUS,,,
2024-08-01,7.2441,0.0034352361032234935,7.2592952380952385,7.250519047619048,3.1138551923473634,-0.3548879626954937,0.5133826365667282,0.008776190476190493,Trending,80,DEXCHUS,,,
2024-08-02,7.16,-0.011609447688463725,7.254061904761905,7.249590476190476,5.037829733571167,-1.5117126783036894,-0.810417676802655,0.004471428571428682,Trending,80,DEXCHUS,,,
2024-08-05,7.13,-0.0041899441340782495,7.2474904761904755,7.2481857142857145,5.174693230647044,-1.898734177215189,-1.2260164854194011,-0.0006952380952389703,Trending,80,DEXCHUS,,,
2024-08-06,7.1563,0.003688639551192141,7.242157142857144,7.247177777777778,5.407934929947386,-1.5409380460355226,-0.8795257486357011,-0.005020634920634315,Trending,80,DEXCHUS,,,
2024-08-07,7.176,0.0027528191942765012,7.237561904761905,7.246384126984127,5.525599714299247,-1.3269164661395605,-0.6919457514530825,-0.008822222222222287,Stable,40,DEXCHUS,,,
2024-08-08,7.1747,-0.0001811594202899558,7.232747619047619,7.245466666666666,5.514273166422842,-1.3895379202287117,-0.7991704113377129,-0.012719047619047075,Trending,80,DEXCHUS,,,
2024-08-09,7.166,-0.001212594254811905,7.228400000000001,7.244395238095238,5.476182818878072,-1.2580436250396065,-0.9331582221607793,-0.015995238095237063,Trending,80,DEXCHUS,,,
2024-08-12,7.1744,0.0011722020653084364,7.22482380952381,7.243687301587302,5.506714989518316,-1.0359335126560398,-0.6178141016761285,-0.018863492063491805,Stable,40,DEXCHUS,,,
2024-08-13,7.1558,-0.00259255129348801,7.219900000000001,7.242698412698413,5.510642108191983,-1.424399382852104,-0.8631080201160879,-0.022798412698412207,Trending,80,DEXCHUS,,,
2024-08-14,7.1382,-0.0024595433075267348,7.213695238095237,7.24134761904762,5.495480183497897,-1.7926669876865975,-1.1781318787811634,-0.027652380952382316,Trending,80,DEXCHUS,,,
2024-08-15,7.1734,0.004931215152279345,7.209538095238096,7.240379365079366,5.84781651107612,-1.202363408486784,-0.8431936304323817,-0.03084126984126989,Trending,80,DEXCHUS,,,
2024-08-16,7.1644,-0.001254635179970487,7.204985714285714,7.239217460317461,5.849776980376056,-1.316804407713501,-1.0113849894992755,-0.034231746031746724,Trending,80,DEXCHUS,,,
2024-08-19,7.1393,-0.0035034336441291947,7.198785714285714,7.237611111111112,5.886801318424652,-1.7910447761193993,-1.3976935294523818,-0.03882539682539754,Trending,80,DEXCHUS,,,
2024-08-20,7.132,-0.001022509209586464,7.192042857142858,7.235863492063492,5.864272015268851,-1.9467663880334385,-1.5202772676433662,-0.04382063492063448,Trending,80,DEXCHUS,,,
2024-08-21,7.1344,0.0003365114974762662,7.185357142857144,7.2341476190476195,5.868604152678605,-1.9299499642601803,-1.4925785295132776,-0.04879047619047583,Trending,80,DEXCHUS,,,
2024-08-22,7.144,0.0013455931823278533,7.179728571428572,7.232584126984127,5.911697495244867,-1.6276059596265546,-1.3600276147738954,-0.052855555555555434,Trending,80,DEXCHUS,,,
2024-08-23,7.1244,-0.0027435610302352087,7.174652380952381,7.230668253968253,5.818892821136395,-1.4742082699488401,-1.6659535410139314,-0.05601587301587241,Trending,80,DEXCHUS,,,
2024-08-26,7.1212,-0.0004491606310705887,7.168509523809524,7.228633333333334,5.6912847180115556,-1.7792612617583026,-1.7684222142522077,-0.06012380952380969,Trending,80,DEXCHUS,,,
2024-08-27,7.1244,0.0004493624669998919,7.162066666666665,7.226650793650793,5.657854837492283,-1.8637133765858072,-1.7229249720662754,-0.06458412698412808,Trending,80,DEXCHUS,,,
2024-08-28,7.1245,1.4036269720962835e-05,7.156038095238095,7.224801587301588,5.665205722744025,-1.7459419950076493,-1.608893799198996,-0.06876349206349275,Trending,80,DEXCHUS,,,
2024-08-29,7.0972,-0.0038318478489719476,7.15022380952381,7.222503174603174,5.624549719656926,-1.6912997104982397,-1.999447666390497,-0.07227936507936406,Trending,80,DEXCHUS,,,
2024-08-30,7.09,-0.0010144845854703766,7.142885714285714,7.220133333333332,5.40886339037366,-2.12724838144146,-2.062354095009189,-0.07724761904761834,Trending,80,DEXCHUS,,,
2024-09-02,7.09,0.0,7.139552380952381,7.217633333333333,3.8003541244884116,-0.9776536312849249,-2.173163159710245,-0.0780809523809518,Stable,40,DEXCHUS,,,
2024-09-03,7.1209,0.004358251057827944,7.139119047619048,7.215661904761905,3.897078719412079,-0.12762973352034024,-1.7142620529737362,-0.07654285714285702,Stable,40,DEXCHUS,,,
2024-09-04,7.1119,-0.0012638851830526487,7.137004761904761,7.213523809523809,3.6680579506376487,-0.6204323463242067,-1.8588027488753323,-0.07651904761904849,Stable,40,DEXCHUS,,,
2024-09-05,7.0921,-0.002784066142662356,7.133009523809524,7.211057142857143,3.58923340658698,-1.1691750278706836,-2.144187650914098,-0.07804761904761914,Stable,40,DEXCHUS,,,
2024-09-06,7.0876,-0.0006345088196726412,7.128861904761904,7.208409523809524,3.5866797462890823,-1.2139880413118198,-2.2992942214380307,-0.07954761904762009,Stable,40,DEXCHUS,,,
2024-09-09,7.1133,0.003626051131553565,7.126352380952381,7.206169841269841,3.860212394989329,-0.7354172481161103,-1.945026466696087,-0.07981746031745995,Stable,40,DEXCHUS,,,
2024-09-10,7.1205,0.001012188435747241,7.123785714285713,7.204084126984127,3.8526598079886947,-0.751282337198933,-1.8119389401398234,-0.08029841269841409,Stable,40,DEXCHUS,,,
2024-09-11,7.1192,-0.0001825714486342056,7.122042857142857,7.2019174603174605,3.7658731948725896,-0.5114732105425013,-1.8812795457364584,-0.07987460317460382,Stable,40,DEXCHUS,,,
2024-09-12,7.1173,-0.00026688391954154955,7.121047619047619,7.199714285714285,3.6787413788868863,-0.292790899666584,-1.912873306597207,-0.078666666666666,Stable,40,DEXCHUS,,,
2024-09-13,7.093,-0.003414216065080855,7.117219047619048,7.197153968253969,3.351394879603619,-1.1208074274402624,-2.2235088154611726,-0.07993492063492091,Stable,40,DEXCHUS,,,
2024-09-16,7.0958,0.0003947553926406666,7.113952380952381,7.194638095238095,3.355438910563844,-0.9575121433755829,-2.1849110182926013,-0.08068571428571403,Stable,40,DEXCHUS,,,
2024-09-17,7.0958,0.0,7.111880952380953,7.192025396825397,3.1688033168925283,-0.609303433109698,-2.2670927221640658,-0.08014444444444369,Stable,40,DEXCHUS,,,
2024-09-18,7.0812,-0.002057555173482828,7.109461904761905,7.189173015873016,3.2188773017134222,-0.712282669657871,-2.4748998058092053,-0.07971111111111107,Stable,40,DEXCHUS,,,
2024-09-19,7.0675,-0.0019347003332768065,7.10627619047619,7.186139682539683,3.254828432120427,-0.9377102489347422,-2.6327390956933927,-0.07986349206349352,Trending,80,DEXCHUS,,,
2024-09-20,7.0505,-0.0024053767244427426,7.101823809523809,7.182768253968255,3.2539642626932963,-1.3087905935050381,-2.924451665312755,-0.08094444444444537,Trending,80,DEXCHUS,,,
2024-09-23,7.0508,4.2550173746436215e-05,7.098319047619048,7.179342857142856,3.167402348914942,-1.033069451462576,-2.9697520160735458,-0.08102380952380805,Trending,80,DEXCHUS,,,
2024-09-24,7.0318,-0.0026947296760650996,7.094061904761905,7.175580952380952,3.2577651933393246,-1.255406392181102,-3.260510675764916,-0.0815190476190466,Trending,80,DEXCHUS,,,
2024-09-25,7.0315,-4.266332944613538e-05,7.089638095238096,7.171839682539683,3.2422286831445346,-1.303969457077081,-3.2433399383531403,-0.08220158730158644,Trending,80,DEXCHUS,,,
2024-09-26,7.0106,-0.002972338761288551,7.084214285714285,7.167749206349206,3.3321114598777255,-1.5987086813109674,-3.545533343422802,-0.08353492063492052,Trending,80,DEXCHUS,,,
2024-09-27,7.0111,7.132057170555761e-05,7.080114285714284,7.163620634920634,3.1487513699438816,-1.2131544834582675,-3.577126196501268,-0.08350634920634992,Trending,80,DEXCHUS,,,
2024-09-30,7.0176,0.0009271013107785553,7.076666666666667,7.1596158730158725,3.1865376436691517,-1.0211565585331428,-3.470474146824576,-0.08294920634920544,Trending,80,DEXCHUS,,,
2024-10-01,7.0175,-1.4249886000849976e-05,7.073214285714285,7.155609523809523,3.1862672042941282,-1.0225669957686812,-3.471849681563699,-0.08239523809523774,Trending,80,DEXCHUS,,,
2024-10-02,7.0175,0.0,7.068290476190477,7.151633333333334,2.6664088619280846,-1.4520636436405443,-3.446615299944955,-0.08334285714285716,Trending,80,DEXCHUS,,,
2024-10-03,7.0175,0.0,7.063795238095239,7.147652380952381,2.6683734714810026,-1.3273527468046553,-3.4506005530866912,-0.0838571428571413,Trending,80,DEXCHUS,,,
2024-10-04,7.0175,0.0,7.060242857142857,7.143604761904762,2.557814972138655,-1.051874621057236,-3.5063595737366726,-0.08336190476190541,Trending,80,DEXCHUS,,,
2024-10-07,7.0175,0.0,7.056904761904763,7.139504761904763,2.563117454418946,-0.989051300863486,-3.5501250721570177,-0.08260000000000023,Trending,80,DEXCHUS,,,
2024-10-08,7.0595,0.0059850374064838174,7.054342857142857,7.1363650793650795,3.1102211855806248,-0.7563296922665996,-2.7255315337660013,-0.08202222222222222,Trending,80,DEXCHUS,,,
2024-10-09,7.0818,0.0031588639422055476,7.052500000000001,7.133703174603175,3.311882590905789,-0.5435011586264915,-2.313262983654041,-0.08120317460317406,Trending,80,DEXCHUS,,,
2024-10-10,7.0794,-0.00033889689062116535,7.050604761904762,7.130849206349206,3.311880211479811,-0.559051578829084,-2.4768569539343255,-0.08024444444444345,Trending,80,DEXCHUS,,,
2024-10-11,7.0667,-0.0017939373393225377,7.048195238095238,7.127646031746032,3.3539764254419353,-0.710943756761695,-2.77636376143634,-0.07945079365079355,Trending,80,DEXCHUS,,,
2024-10-14,7.0667,0.0,7.046942857142857,7.1245666666666665,3.1624188254386585,-0.3707881009445968,-2.6719186855261867,-0.07762380952380976,Trending,80,DEXCHUS,,,
2024-10-15,7.1192,0.007429210239574324,7.048057142857142,7.122331746031747,4.116904135097702,0.32977254150343693,-1.9393939393939297,-0.07427460317460444,Trending,80,DEXCHUS,,,
2024-10-16,7.1192,0.0,7.049171428571428,7.119946031746032,4.116904135097702,0.32977254150343693,-2.067542471971928,-0.07077460317460371,Trending,80,DEXCHUS,,,
2024-10-17,7.1216,0.0003371165299470569,7.051095238095239,7.117533333333333,4.037182761485138,0.57052476981303,-2.089749230092386,-0.06643809523809452,Trending,80,DEXCHUS,,,
2024-10-18,7.1015,-0.0028223994607953218,7.052714285714286,7.1147825396825395,4.1094398345450855,0.48107534488857073,-2.382196074118881,-0.06206825396825355,Trending,80,DEXCHUS,,,
2024-10-21,7.1189,0.00245018658029994,7.055971428571429,7.112507936507936,4.060774558183452,0.970143961421166,-1.9732312522376172,-0.05653650793650744,Stable,40,DEXCHUS,,,
2024-10-22,7.123,0.0005759316748374932,7.059409523809524,7.110793650793651,4.058019375845552,1.0239972769047645,-1.4935693541695438,-0.051384126984126866,Stable,40,DEXCHUS,,,
2024-10-23,7.1252,0.000308858626983044,7.063857142857142,7.108809523809523,3.891119700294855,1.3282516567593161,-1.7240903699208276,-0.04495238095238108,Stable,40,DEXCHUS,,,
2024-10-24,7.119,-0.0008701510133050094,7.068023809523809,7.10657619047619,3.9196350072912134,1.2444001991040343,-1.9380966155626234,-0.038552380952380894,Stable,40,DEXCHUS,,,
2024-10-25,7.1199,0.0001264222503161161,7.073228571428571,7.104493650793651,3.70573626777811,1.5590676974866602,-1.8093806456951356,-0.031265079365079274,Trending,80,DEXCHUS,,,
2024-10-28,7.1254,0.0007724827595891881,7.07867142857143,7.103003174603175,3.69775694973259,1.6302719972614899,-1.300680121341402,-0.024331746031744927,Trending,80,DEXCHUS,,,
2024-10-29,7.1301,0.0006596120919526438,7.084028571428571,7.101193650793651,3.6975127312776435,1.6031121751026056,-1.5736944547977028,-0.01716507936508016,Volatile Breakout,160,DEXCHUS,,,
2024-10-30,7.1229,-0.0010098035090672086,7.089047619047619,7.100604761904762,3.7396293808783607,1.5019593872461545,-0.5181564245810177,-0.011557142857142821,Volatile Breakout,160,DEXCHUS,,,
2024-10-31,7.1178,-0.0007160005054120955,7.09382380952381,7.100411111111112,3.7649643354402453,1.4292839330245721,-0.17110799438989632,-0.006587301587301475,Volatile Breakout,160,DEXCHUS,,,
2024-11-01,7.1214,0.00050577425609033,7.098771428571428,7.099857142857143,3.7575458194515123,1.4805842536515845,-0.48768218213322,-0.0010857142857148006,Volatile Breakout,160,DEXCHUS,,,
2024-11-04,7.0995,-0.003075238014997095,7.102676190476191,7.098642857142857,3.9747484136021907,1.1685073031706406,-1.066053511705689,0.004033333333333999,Volatile Breakout,160,DEXCHUS,,,
2024-11-05,7.1047,0.0007324459468978084,7.10682857142857,7.097531746031746,3.9699263967132463,1.2426077662985424,-0.9756505498487611,0.009296825396824637,Volatile Breakout,160,DEXCHUS,,,
2024-11-06,7.1782,0.01034526440243777,7.1124809523809525,7.097725396825397,4.895744498779398,1.6814221970394616,0.17024839519954593,0.01475555555555541,Volatile Breakout,160,DEXCHUS,,,
2024-11-07,7.1412,-0.005154495555988903,7.115309523809523,7.097198412698412,5.226622872196269,0.8387698042870539,-0.4627564674397844,0.018111111111110745,Volatile Breakout,160,DEXCHUS,,,
2024-11-08,7.1785,0.005223211785134074,7.120028571428572,7.097558730158729,5.476330283197899,1.3998361443060103,0.31722518795940235,0.022469841269842306,Volatile Breakout,160,DEXCHUS,,,
2024-11-11,7.1785,0.0,7.12535238095238,7.098198412698412,5.4095730684011745,1.5820680091131578,0.5645680984001533,0.027153968253967875,Volatile Breakout,160,DEXCHUS,,,
2024-11-12,7.232,0.0074528104757261016,7.133223809523809,7.0991285714285715,5.874870706061288,2.3391399097174137,0.8169069060696588,0.03409523809523751,Volatile Breakout,160,DEXCHUS,,,
2024-11-13,7.2245,-0.0010370575221239076,7.138238095238095,7.100082539682539,5.443294864398945,1.4790987751432727,0.8388699681759926,0.03815555555555594,Volatile Breakout,160,DEXCHUS,,,
2024-11-14,7.2272,0.0003737282856945967,7.143380952380952,7.101477777777778,5.438733609933023,1.5170243847623333,1.2312131441457819,0.041903174603174165,Volatile Breakout,160,DEXCHUS,,,
2024-11-15,7.2288,0.00022138587558107048,7.148485714285714,7.103014285714285,5.439915301920706,1.505279712424179,1.3572630398205332,0.04547142857142905,Volatile Breakout,160,DEXCHUS,,,
2024-11-18,7.2364,0.0010513501549358484,7.154909523809524,7.104633333333333,5.285641400388523,1.8995986763359785,1.4296927562233552,0.050276190476190585,Volatile Breakout,160,DEXCHUS,,,
2024-11-19,7.2392,0.00038693272898138176,7.160638095238095,7.106144444444444,5.257732605578639,1.6898678166570757,1.3325867861142315,0.05449365079365087,Volatile Breakout,160,DEXCHUS,,,
2024-11-20,7.2459,0.0009255166316719521,7.166490476190476,7.108073015873016,5.2572207229782935,1.725396602555107,1.7054067710965182,0.05841746031746009,Trending,80,DEXCHUS,,,
2024-11-21,7.2368,-0.0012558826370775433,7.171804761904762,7.109907936507936,5.304129281684469,1.566271823948795,1.62332191203729,0.061896825396826394,Trending,80,DEXCHUS,,,
2024-11-22,7.2455,0.0012021888127349278,7.177828571428573,7.111830158730159,5.273075746365562,1.776934962775667,1.699792263208133,0.06599841269841367,Trending,80,DEXCHUS,,,
2024-11-25,7.2395,-0.0008281002001242488,7.18352380952381,7.113655555555556,5.299749377302037,1.6797988735796743,1.6141483612885033,0.06986825396825402,Trending,80,DEXCHUS,,,
2024-11-26,7.252,0.0017266385800125406,7.18955238095238,7.116112698412698,5.309449120926897,1.7767423583237463,2.181141858761193,0.07343968253968214,Trending,80,DEXCHUS,,,
2024-11-27,7.2458,-0.0008549365692221977,7.195061904761904,7.1185857142857145,5.341909930290968,1.622698138876033,2.197461212976015,0.07647619047618992,Trending,80,DEXCHUS,,,
2024-11-28,7.2458,0.0,7.200914285714286,7.12105873015873,5.310828978271566,1.7254208257872605,2.197461212976015,0.07985555555555646,Trending,80,DEXCHUS,,,
2024-11-29,7.2423,-0.00048303844986063993,7.206842857142856,7.122985714285714,5.302945256891973,1.7491359689791874,1.7048406802510963,0.08385714285714219,Trending,80,DEXCHUS,,,
2024-12-02,7.2714,0.004018060560871506,7.213985714285714,7.12551746031746,5.4141846007986905,2.106327407532227,2.2427199482557336,0.0884682539682542,Trending,80,DEXCHUS,,,
2024-12-03,7.2858,0.001980361415958365,7.2228571428571415,7.128592063492063,5.214437577464121,2.6241284597506853,2.731207963790694,0.09426507936507811,Trending,80,DEXCHUS,,,
2024-12-04,7.2632,-0.0031019242910866884,7.2304047619047624,7.131379365079364,5.426274046790265,2.230917561614154,2.477566454088831,0.09902539682539846,Trending,80,DEXCHUS,,,
2024-12-05,7.2558,-0.0010188346734222309,7.2341,7.13364126984127,4.282710024622373,1.081050959850649,2.0032896124161814,0.10045873015872964,Stable,40,DEXCHUS,,,
2024-12-06,7.27,0.0019570550456187163,7.240233333333334,7.136014285714285,3.77478969812607,1.8036184394779387,2.0995716592935754,0.10421904761904877,Stable,40,DEXCHUS,,,
2024-12-09,7.2604,-0.001320495185694659,7.244133333333333,7.138255555555555,3.490413514759752,1.14090687469528,1.9833689178559322,0.10587777777777774,Stable,40,DEXCHUS,,,
2024-12-10,7.25,-0.0014324279654013283,7.247538095238096,7.140361904761905,3.5531805099602596,0.9960298112419164,1.8644710775153506,0.1071761904761912,Stable,40,DEXCHUS,,,
2024-12-11,7.2605,0.0014482758620690817,7.248895238095238,7.143020634920634,2.5283117111186773,0.39408185840708043,2.361483152403787,0.10587460317460362,Trending,80,DEXCHUS,,,
2024-12-12,7.2685,0.001101852489497901,7.250990476190476,7.145761904761905,2.506145006961798,0.6090386877984688,2.4338340990445184,0.10522857142857145,Stable,40,DEXCHUS,,,
2024-12-13,7.2756,0.000976817775331762,7.253295238095238,7.148615873015873,2.517355350181152,0.669692273632938,2.533893288987854,0.10467936507936493,Stable,40,DEXCHUS,,,
2024-12-16,7.2836,0.0010995656715597768,7.255904761904762,7.151828571428571,2.5314029450048277,0.7580787959273971,2.8582726091622934,0.10407619047619043,Stable,40,DEXCHUS,,,
2024-12-17,7.2846,0.00013729474435719702,7.2582,7.155274603174602,2.5197662057829726,0.6660770548891692,3.0718075698620506,0.10292539682539825,Stable,40,DEXCHUS,,,
2024-12-18,7.2864,0.0002470966147765097,7.2604476190476195,7.159019047619047,2.519745459478228,0.6520057464913354,3.345861995603139,0.10142857142857231,Stable,40,DEXCHUS,,,
2024-12-19,7.2965,0.0013861440491875765,7.262857142857142,7.162919047619048,2.538886197322417,0.6983259498475114,3.484710954785286,0.09993809523809372,Stable,40,DEXCHUS,,,
2024-12-20,7.2953,-0.00016446241348588853,7.265642857142858,7.1671015873015875,2.48031840965609,0.8083683395976093,3.7472624363605433,0.09854126984127021,Stable,40,DEXCHUS,,,
2024-12-23,7.2977,0.00032897893164096637,7.268128571428571,7.171326984126984,2.4624327270713477,0.7204471741080631,3.785820948588481,0.09680158730158706,Stable,40,DEXCHUS,,,
2024-12-24,7.2946,-0.0004247913726241892,7.270752380952381,7.175834920634921,2.4421437390484004,0.7611022860694927,4.05100847288391,0.0949174603174594,Stable,40,DEXCHUS,,,
2024-12-25,7.2946,0.0,7.272780952380954,7.180334920634921,2.3933566882257926,0.587424158852734,4.0435880247036815,0.09244603174603228,Stable,40,DEXCHUS,,,
2024-12-26,7.2981,0.0004798069805060923,7.27527142857143,7.184787301587302,2.3580054235786743,0.7217974550774109,3.9970930232558155,0.09048412698412811,Stable,40,DEXCHUS,,,
2024-12-27,7.298,-1.3702196462017646e-05,7.277757142857142,7.189239682539682,2.3582617537142405,0.7204173452206808,3.997149982187387,0.0885174603174601,Stable,40,DEXCHUS,,,
2024-12-30,7.2993,0.0001781309947930243,7.280471428571429,7.193712698412698,2.3401360207767974,0.7870427902737953,4.015675097969362,0.08675873015873137,Stable,40,DEXCHUS,,,
2024-12-31,7.2993,0.0,7.2818,7.198185714285715,1.9298290630534125,0.3836950243419457,4.015675097969362,0.08361428571428497,Stable,40,DEXCHUS,,,
2025-01-01,7.2993,0.0,7.2824428571428585,7.20265873015873,1.816019336869966,0.1852919377419049,4.015675097969362,0.07978412698412818,Stable,40,DEXCHUS,,,
2025-01-02,7.2994,1.3699943830269845e-05,7.284166666666667,7.207133333333333,1.3991565108390691,0.4984029078092256,4.017100106875682,0.07703333333333351,Trending,80,DEXCHUS,,,
2025-01-03,7.3199,0.002808450009589736,7.287219047619048,7.211266666666667,1.5824196047830368,0.8834311860856037,3.6886465047099692,0.07595238095238077,Stable,40,DEXCHUS,,,
2025-01-06,7.3223,0.00032787333160300136,7.289709523809524,7.215084126984127,1.480293049326707,0.7193947730399053,3.396029258098232,0.0746253968253967,Trending,80,DEXCHUS,,,
2025-01-07,7.3264,0.0005599333542738449,7.292852380952381,7.219004761904762,1.351988703072186,0.9090408241970049,3.4889962426194243,0.07384761904761827,Trending,80,DEXCHUS,,,
2025-01-08,7.3316,0.0007097619567590918,7.296738095238094,7.2232095238095235,1.171502985177084,1.1255172413793035,3.7485672237395073,0.07352857142857072,Stable,40,DEXCHUS,,,
2025-01-09,7.3321,6.819793769441418e-05,7.300147619047619,7.227422222222223,1.1326017430569006,0.9861579781006657,3.755642662062919,0.0727253968253967,Stable,40,DEXCHUS,,,
2025-01-10,7.3326,6.819328705298666e-05,7.3031999999999995,7.230809523809524,1.1161552073041203,0.8818875971658535,2.9975278121137316,0.0723904761904759,Trending,80,DEXCHUS,,,
2025-01-13,7.3319,-9.54640918637839e-05,7.305880952380952,7.234185714285714,1.1103565938562618,0.7738193413601602,2.9876952466569184,0.07169523809523781,Trending,80,DEXCHUS,,,
2025-01-14,7.3311,-0.0001091122355733054,7.308142857142857,7.237511111111112,1.0886606339602907,0.6521500356966303,2.941754661873741,0.07063174603174538,Trending,80,DEXCHUS,,,
2025-01-15,7.3304,-9.54836245583568e-05,7.31032380952381,7.241144444444445,1.0962682583177261,0.6287236087087811,3.223262690980788,0.06917936507936506,Trending,80,DEXCHUS,,,
2025-01-16,7.3316,0.00016370184437408675,7.31247619047619,7.244520634920636,1.0971434175197592,0.6203337725076752,2.9878211521442877,0.06795555555555399,Trending,80,DEXCHUS,,,
2025-01-17,7.3249,-0.0009138523651044395,7.313828571428571,7.2477253968253965,1.09815920481497,0.38922771191667316,2.8344798539940985,0.06610317460317461,Volatile Breakout,160,DEXCHUS,,,
2025-01-20,7.3249,0.0,7.315238095238094,7.250895238095238,1.0930262981914698,0.40574068235714744,2.802728344467531,0.06434285714285615,Volatile Breakout,160,DEXCHUS,,,
2025-01-21,7.2712,-0.007331158104547542,7.313976190476191,7.253311111111111,2.8237677763025353,-0.3631281088562033,2.137940722011522,0.06066507936508003,Trending,80,DEXCHUS,,,
2025-01-22,7.2728,0.00022004620970395017,7.312938095238095,7.255738095238096,2.825320528254659,-0.29885120500096063,2.1475020716583026,0.05719999999999903,Trending,80,DEXCHUS,,,
2025-01-23,7.288,0.0020899791002089163,7.312623809523809,7.2583190476190484,2.9293101848094727,-0.09047788775258248,2.2819771521598753,0.054304761904760745,Trending,80,DEXCHUS,,,
2025-01-24,7.244,-0.006037321624588476,7.3100476190476185,7.260126984126984,3.580712536171546,-0.7412888285992292,1.5974530511493557,0.04992063492063448,Volatile Breakout,160,DEXCHUS,,,
2025-01-27,7.2507,0.0009249033683047525,7.307795238095239,7.262155555555556,3.606548681393039,-0.6481227733625583,1.794213031209213,0.04563968253968298,Trending,80,DEXCHUS,,,
2025-01-28,7.2422,-0.0011723006054586982,7.30507619047619,7.2641301587301585,3.613986451926525,-0.7822667927061433,1.7477310404900415,0.04094603174603151,Trending,80,DEXCHUS,,,
2025-01-29,7.2422,0.0,7.302357142857143,7.266047619047619,3.613986451926525,-0.7822667927061433,1.6962956721992883,0.0363095238095239,Volatile Breakout,160,DEXCHUS,,,
2025-01-30,7.2422,0.0,7.299638095238095,7.268312698412698,3.613986451926525,-0.7822667927061433,2.01000070427495,0.03132539682539637,Trending,80,DEXCHUS,,,
2025-01-31,7.2422,0.0,7.296914285714285,7.270495238095238,3.6138056108387455,-0.7836260514562876,1.9353385786873512,0.02641904761904712,Trending,80,DEXCHUS,,,
2025-02-03,7.2422,0.0,7.293214285714286,7.271511111111112,3.4285746746688153,-1.0614899110643505,0.8915884204953928,0.02170317460317417,Trending,80,DEXCHUS,,,
2025-02-04,7.2422,0.0,7.2894000000000005,7.2731142857142865,3.420400814151193,-1.0939185774961446,1.4143281241247863,0.016285714285714015,Trending,80,DEXCHUS,,,
2025-02-05,7.272,0.004114771754439195,7.286809523809524,7.274598412698413,3.766201092977682,-0.7425202009172183,1.3025005223932684,0.012211111111110284,Trending,80,DEXCHUS,,,
2025-02-06,7.2883,0.0022414741474146016,7.28474761904762,7.276341269841271,3.856902444309639,-0.5905941404331982,1.5295674583826635,0.008406349206349084,Trending,80,DEXCHUS,,,
2025-02-07,7.2943,0.000823237243252839,7.2829476190476194,7.277330158730158,3.8743009690143597,-0.5155412501193335,0.8614491150442438,0.005617460317461465,Stable,40,DEXCHUS,,,
2025-02-10,7.3045,0.001398352137970793,7.281609523809524,7.2786,3.914961643749051,-0.38322014019583905,1.1073430687244867,0.0030095238095242394,Stable,40,DEXCHUS,,,
2025-02-11,7.3072,0.00036963515641041944,7.280433333333334,7.279869841269841,3.9195383510065267,-0.3368840273326179,1.1069293779056855,0.0005634920634927099,Stable,40,DEXCHUS,,,
2025-02-12,7.3088,0.0002189621195531899,7.2793714285714275,7.281139682539682,3.921698537608137,-0.3041835468074461,1.106684373616651,-0.0017682539682546405,Trending,80,DEXCHUS,,,
2025-02-13,7.2888,-0.0027364273204902867,7.277390476190476,7.2819714285714285,4.023134998332563,-0.5674997271635895,0.7241169642363765,-0.004580952380952574,Trending,80,DEXCHUS,,,
2025-02-14,7.253,-0.004911645263966591,7.273647619047619,7.282190476190476,4.327203918434893,-1.0720715805554004,0.19062879876228234,-0.008542857142857407,Trending,80,DEXCHUS,,,
2025-02-17,7.253,0.0,7.270223809523809,7.282303174603174,4.32802616481874,-0.9815833663258222,0.09798644750824703,-0.012079365079364912,Trending,80,DEXCHUS,,,
2025-02-18,7.2786,0.003529573969391908,7.268019047619049,7.282966666666667,4.5432703730234945,-0.6320905404851973,0.5776033606013753,-0.014947619047617877,Trending,80,DEXCHUS,,,
2025-02-19,7.2833,0.0006457285741763297,7.268595238095238,7.283566666666667,3.7601998121194344,0.16640994608867477,0.5217031260782434,-0.01497142857142908,Stable,40,DEXCHUS,,,
2025-02-20,7.2555,-0.003816951107327715,7.267771428571429,7.283820634920635,3.9942708775676383,-0.2378726212737936,0.22100973824159542,-0.016049206349205924,Stable,40,DEXCHUS,,,
2025-02-21,7.2501,-0.0007442629729170758,7.2659666666666665,7.283790476190476,3.9174723086829677,-0.5200329308452267,-0.02619966905681448,-0.017823809523809686,Trending,80,DEXCHUS,,,
2025-02-24,7.2476,-0.00034482283002990055,7.266138095238095,7.283819047619048,3.3055240886768993,0.04969630038653694,0.024841977421408146,-0.017680952380952242,Stable,40,DEXCHUS,,,
2025-02-25,7.2512,0.000496716154313015,7.266161904761904,7.283904761904762,3.294156436708441,0.006895885914448563,0.07452593226420223,-0.01774285714285817,Stable,40,DEXCHUS,,,
2025-02-26,7.2595,0.0011446381288615637,7.266985714285714,7.284177777777778,3.2875624197515623,0.2388776891000033,0.23749361390719148,-0.017192063492063703,Stable,40,DEXCHUS,,,
2025-02-27,7.2853,0.0035539637716095474,7.269038095238095,7.284398412698413,3.495733914950494,0.5951230289138687,0.19115988667932626,-0.015360317460317852,Stable,40,DEXCHUS,,,
2025-02-28,7.2828,-0.00034315676773777337,7.270971428571429,7.284350793650794,3.5012745455777177,0.5606031316450766,-0.041175986164865286,-0.013379365079364547,Stable,40,DEXCHUS,,,
2025-03-03,7.2843,0.00020596473883682798,7.272976190476191,7.284685714285715,3.5000106933449286,0.5813150700063385,0.2905055622865804,-0.011709523809523503,Stable,40,DEXCHUS,,,
2025-03-04,7.2651,-0.0026358057740619723,7.274066666666667,7.284833333333333,3.642618658860443,0.316202258982079,0.12817332341024112,-0.010766666666666147,Trending,80,DEXCHUS,,,
2025-03-05,7.2506,-0.001995843140493614,7.274466666666665,7.284525396825397,3.7180043109117196,0.11598685482312465,-0.2668500687757813,-0.0100587301587316,Stable,40,DEXCHUS,,,
2025-03-06,7.2468,-0.0005240945576917566,7.273266666666666,7.284309523809523,3.4151552947455337,-0.34653465346534684,-0.1873175031678609,-0.01104285714285691,Trending,80,DEXCHUS,,,
2025-03-07,7.234,-0.0017662968482641261,7.270680952380952,7.284055555555556,3.340995311625467,-0.7450297051438515,-0.22068965517241246,-0.013374603174603372,Trending,80,DEXCHUS,,,
2025-03-10,7.2591,0.0034697262925076355,7.269004761904762,7.284033333333334,3.5760018327184984,-0.4825685809467628,-0.019282418566213266,-0.015028571428572057,Trending,80,DEXCHUS,,,
2025-03-11,7.2278,-0.004311829290132407,7.265352380952381,7.283387301587302,3.789511669005748,-1.0500376480251816,-0.5599504712113901,-0.018034920634921292,Trending,80,DEXCHUS,,,
2025-03-12,7.2372,0.0013005340490881423,7.262019047619047,7.282777777777778,3.8299281922038455,-0.957959273045772,-0.5277915223486751,-0.020758730158730643,Trending,80,DEXCHUS,,,
2025-03-13,7.2439,0.0009257723981650479,7.258928571428571,7.282147619047619,3.853366166715238,-0.887970665499116,-0.54506013509803,-0.023219047619047473,Trending,80,DEXCHUS,,,
2025-03-14,7.2377,-0.0008558925440714793,7.256495238095239,7.281403174603175,3.765093169008291,-0.7010756228734483,-0.6438239573895554,-0.02490793650793588,Trending,80,DEXCHUS,,,
2025-03-17,7.2327,-0.0006908271964850554,7.255528571428572,7.280550793650794,3.3827421069412202,-0.279884185854129,-0.7369894598155513,-0.025022222222221835,Stable,40,DEXCHUS,,,
2025-03-18,7.2273,-0.0007466091501100447,7.254304761904761,7.27945238095238,3.3889722474307495,-0.35433613677099407,-0.9483999177687941,-0.025147619047618974,Trending,80,DEXCHUS,,,
2025-03-19,7.23,0.0003735834959115447,7.251990476190476,7.278415873015873,3.1209882099237274,-0.6677108235100038,-0.8950968431729933,-0.02642539682539713,Trending,80,DEXCHUS,,,
2025-03-20,7.2477,0.0024481327800829344,7.250295238095237,7.277622222222223,3.2508065878378547,-0.48878942237721157,-0.6851473752004011,-0.027326984126985643,Trending,80,DEXCHUS,,,
2025-03-21,7.2486,0.00012417732522029823,7.249966666666667,7.276892063492064,2.9783392385910226,-0.09510026876162758,-0.6306034600937704,-0.026925396825396852,Stable,40,DEXCHUS,,,
2025-03-24,7.2531,0.0006208095356345922,7.250109523809523,7.276233333333333,2.9754157481268644,0.04137873960359251,-0.5689139911715491,-0.026123809523809882,Stable,40,DEXCHUS,,,
2025-03-25,7.2569,0.000523913912671814,7.250552380952381,7.275579365079365,2.977162242800979,0.1283183398642196,-0.5645304942382245,-0.025026984126984786,Stable,40,DEXCHUS,,,
2025-03-26,7.2675,0.0014606788022433204,7.251328571428572,7.275095238095238,3.0133739132475132,0.22479037952338743,-0.4179227185530321,-0.023766666666666048,Stable,40,DEXCHUS,,,
2025-03-27,7.2645,-0.00041279669762639415,7.251566666666667,7.274542857142857,2.9941434012502897,0.0688752668916548,-0.47675804529201393,-0.02297619047619026,Stable,40,DEXCHUS,,,
2025-03-28,7.2628,-0.0002340147291622907,7.2504952380952385,7.273963492063492,2.7068716097336347,-0.30884109096399603,-0.500047949803395,-0.023468253968253805,Stable,40,DEXCHUS,,,
2025-03-31,7.2567,-0.0008398964586661117,7.24925238095238,7.273287301587301,2.7168835815698604,-0.3583786455758742,-0.5836176071677968,-0.02403492063492063,Trending,80,DEXCHUS,,,
2025-04-01,7.2697,0.0017914479033169783,7.248557142857142,7.2728158730158725,2.798775131729437,-0.20043106406929523,-0.40688275748691494,-0.02425873015873048,Trending,80,DEXCHUS,,,
2025-04-02,7.2675,-0.0003026259680591892,7.248671428571429,7.271984126984128,2.644227255404635,0.03303464508401799,-0.7158567739996347,-0.023312698412699007,Stable,40,DEXCHUS,,,
2025-04-03,7.2813,0.001898864809081413,7.250133333333333,7.271333333333334,2.6146894257110267,0.4234132347667785,-0.5599333542739338,-0.02120000000000033,Stable,40,DEXCHUS,,,
2025-04-04,7.2803,-0.00013733811269955876,7.251728571428572,7.270601587301588,2.6045601259352797,0.46227300325660803,-0.6292312732037453,-0.01887301587301593,Stable,40,DEXCHUS,,,
2025-04-07,7.3081,0.0038185239619246136,7.255257142857142,7.2702285714285715,2.78024967280665,1.0243295548797215,-0.3205303071635135,-0.01497142857142908,Trending,80,DEXCHUS,,,
2025-04-08,7.3388,0.00420081827013874,7.259052380952381,7.27033492063492,2.8885072599007646,1.0979322505544786,0.0913790046507934,-0.011282539682539117,Trending,80,DEXCHUS,,,
2025-04-09,7.3499,0.0015125088570338008,7.264866666666667,7.270609523809524,2.306493349446821,1.6893107169539734,0.2359326841774978,-0.005742857142856828,Stable,40,DEXCHUS,,,
2025-04-10,7.314,-0.004884420196193173,7.26852380952381,7.270325396825397,3.021375883954887,1.0611838832697895,-0.24413862709529166,-0.001801587301587304,Trending,80,DEXCHUS,,,
2025-04-11,7.2915,-0.0030762920426579132,7.270790476190476,7.269696825396824,3.2597312470004525,0.6571045983517099,-0.5401645046446024,0.001093650793651868,Trending,80,DEXCHUS,,,
2025-04-14,7.3119,0.002797778234931103,7.274323809523809,7.269403174603174,3.3392619877613288,1.025187559583829,-0.2523736767434337,0.004920634920634548,Trending,80,DEXCHUS,,,
2025-04-15,7.315,0.00042396641091935194,7.278242857142857,7.269139682539683,3.3118964379511575,1.1378876491489942,-0.22641715314528632,0.009103174603174224,Trending,80,DEXCHUS,,,
2025-04-16,7.3053,-0.0013260423786740638,7.281957142857144,7.268828571428571,3.3461861387571568,1.0792412104105198,-0.26758044478423226,0.013128571428572933,Trending,80,DEXCHUS,,,
2025-04-17,7.299,-0.0008623875816187176,7.2852428571428565,7.26841746031746,3.3799156979142095,0.9543568464730257,-0.353588444893449,0.01682539682539641,Trending,80,DEXCHUS,,,
2025-04-18,7.2996,8.220304151240754e-05,7.287714285714285,7.268868253968254,3.302567135517145,0.7160892421043785,0.39058202222466143,0.0188460317460315,Trending,80,DEXCHUS,,,
2025-04-21,7.2914,-0.001123349224614989,7.289752380952381,7.269163492063492,3.3409811391019115,0.5904588472256833,0.2557474425255668,0.020588888888888768,Trending,80,DEXCHUS,,,
2025-04-22,7.3118,0.0027978166058644227,7.29254761904762,7.26954126984127,3.4520255825574497,0.8093091229956828,0.326564215148184,0.023006349206350585,Trending,80,DEXCHUS,,,
2025-04-23,7.286,-0.0035285429032523297,7.293933333333334,7.270207936507936,3.707626237553611,0.400997671181913,0.5797901711761533,0.023725396825398093,Trending,80,DEXCHUS,,,
2025-04-24,7.2879,0.00026077408729063833,7.294904761904762,7.270798412698413,3.6791310672654247,0.280701754385948,0.5130539120360655,0.02410634920634891,Trending,80,DEXCHUS,,,
2025-04-25,7.2864,-0.0002058206067589996,7.295947619047619,7.2715,3.6759379081398085,0.3014660334503372,0.6103117837121363,0.024447619047619717,Trending,80,DEXCHUS,,,
2025-04-28,7.2942,0.0010704874835310019,7.2974428571428565,7.272325396825397,3.6867105121045274,0.432340144296961,0.7180138631907473,0.02511746031745954,Trending,80,DEXCHUS,,,
2025-04-29,7.269,-0.0034547997038743006,7.2980285714285715,7.272750793650793,3.8862440499518667,0.16949853239074386,0.3700532987213734,0.025277777777778176,Trending,80,DEXCHUS,,,
2025-04-30,7.2706,0.00022011280781408793,7.298071428571428,7.273201587301587,3.8370403039378527,0.012380153238789049,0.392146032973395,0.024869841269841153,Trending,80,DEXCHUS,,,
2025-05-01,7.2706,0.0,7.298219047619047,7.273652380952381,3.8353784188170406,0.042655658754719994,0.392146032973395,0.02456666666666596,Trending,80,DEXCHUS,,,
2025-05-02,7.2706,0.0,7.297709523809524,7.274103174603174,3.7742847139225786,-0.14695178058863334,0.392146032973395,0.023606349206350075,Trending,80,DEXCHUS,,,
2025-05-05,7.2706,0.0,7.297247619047619,7.2740809523809515,3.7742635980840324,-0.13323626773622532,-0.019251925192520503,0.023166666666667446,Trending,80,DEXCHUS,,,
2025-05-06,7.2164,-0.007454680494044519,7.292880952380952,7.272939682539683,4.29822437339522,-1.2547721021879732,-0.9865126298313709,0.019941269841269538,Trending,80,DEXCHUS,,,
2025-05-07,7.225,0.001191729948450737,7.287461904761905,7.2718396825396825,3.9903236358039202,-1.5506622336076803,-0.9500568937389486,0.015622222222222426,Trending,80,DEXCHUS,,,
2025-05-08,7.234,0.001245674740484537,7.281942857142856,7.270720634920635,3.9723673576615903,-1.576892202614999,-0.9651584639605693,0.011222222222221134,Trending,80,DEXCHUS,,,
2025-05-09,7.2364,0.00033176665745093814,7.278247619047619,7.2695968253968255,3.689833370557886,-1.0609789444900208,-0.9689073790234315,0.008650793650793354,Trending,80,DEXCHUS,,,
2025-05-12,7.2018,-0.004781383008125473,7.273976190476191,7.267898412698413,3.881816145369718,-1.2301995474182204,-1.4639886164623417,0.0060777777777776265,Trending,80,DEXCHUS,,,
2025-05-13,7.2057,0.0005415312838457087,7.268919047619048,7.266579365079364,3.7088017030007165,-1.4524268657941097,-1.1401053671386219,0.0023396825396835297,Trending,80,DEXCHUS,,,
2025-05-14,7.208,0.0003191917509748343,7.263823809523809,7.26586507936508,3.7049984260095368,-1.4627477785372545,-0.6204329243071793,-0.002041269841270399,Trending,80,DEXCHUS,,,
2025-05-15,7.2067,-0.00018035516093239945,7.259128571428572,7.26513015873016,3.7018164073467323,-1.3497050086923257,-0.6383565421205106,-0.006001587301588174,Trending,80,DEXCHUS,,,
2025-05-16,7.209,0.00031914746000238914,7.254842857142858,7.264025396825397,3.715646513030372,-1.2330456226880449,-0.9562278460143459,-0.009182539682538682,Trending,80,DEXCHUS,,,
2025-05-19,7.2144,0.0007490636704121645,7.250785714285715,7.262931746031746,3.7379170956710053,-1.1671872431366026,-0.9459997528592723,-0.012146031746031127,Trending,80,DEXCHUS,,,
2025-05-20,7.2194,0.0006930583277888758,7.247357142857143,7.26235873015873,3.756111282911809,-0.9874646844227453,-0.49755358004272,-0.015001587301586738,Trending,80,DEXCHUS,,,
2025-05-21,7.2019,-0.0024240241571321652,7.242123809523809,7.261593650793651,3.6167185460569238,-1.5030498646024237,-0.6648184162976967,-0.019469841269842192,Trending,80,DEXCHUS,,,
2025-05-22,7.2037,0.0002499340451824761,7.238204761904761,7.2608968253968245,3.481114580347229,-1.1295635465275788,-0.6057177548429826,-0.02269206349206332,Trending,80,DEXCHUS,,,
2025-05-23,7.1798,-0.0033177394949818195,7.233057142857142,7.259763492063492,3.59639711847669,-1.48328050604426,-0.9846646072374177,-0.026706349206349955,Trending,80,DEXCHUS,,,
2025-05-26,7.1798,0.0,7.227980952380952,7.258498412698413,3.6007289967603264,-1.4629995608256507,-1.0978717542530436,-0.030517460317460277,Stable,40,DEXCHUS,,,
2025-05-27,7.195,0.0021170506142231815,7.223257142857143,7.257065079365079,3.682850413411899,-1.3599846453346442,-1.2394822450688348,-0.033807936507935565,Stable,40,DEXCHUS,,,
2025-05-28,7.1941,-0.00012508686587919815,7.219690476190477,7.255657142857143,3.541149872463471,-1.030403081579312,-1.2179381556544189,-0.035966666666666036,Stable,40,DEXCHUS,,,
2025-05-29,7.1855,-0.0011954240280228623,7.215638095238096,7.254088888888889,3.539297775258896,-1.170467361703298,-1.3563417212360762,-0.03845079365079318,Stable,40,DEXCHUS,,,
2025-05-30,7.1991,0.0018927005775519756,7.212233333333333,7.25304126984127,3.6363042199482436,-0.9834126481995997,-0.9084527398108833,-0.040807936507937015,Stable,40,DEXCHUS,,,
2025-06-02,7.1975,-0.000222250003472646,7.208752380952381,7.252198412698413,3.6335141291850026,-1.005419085082393,-0.7323531845640496,-0.0434460317460319,Stable,40,DEXCHUS,,,
2025-06-03,7.1872,-0.0014310524487669563,7.204780952380952,7.251252380952382,3.643567992838051,-1.1470855225153342,-0.8224319699729588,-0.046471428571429385,Stable,40,DEXCHUS,,,
2025-06-04,7.1844,-0.000389581478183354,7.203257142857144,7.250465079365079,2.639412395404526,-0.4434343994235368,-0.6856510920652426,-0.04720793650793542,Trending,80,DEXCHUS,,,
2025-06-05,7.175,-0.0013083904014253855,7.20087619047619,7.249130158730159,2.614049767973944,-0.692041522491349,-1.1585458252400427,-0.04825396825396844,Trending,80,DEXCHUS,,,
2025-06-06,7.1886,0.0018954703832751996,7.198714285714286,7.248507936507937,2.672420407942405,-0.6275919270113284,-0.5423503694070186,-0.04979365079365117,Trending,80,DEXCHUS,,,
2025-06-09,7.1802,-0.0011685168182956618,7.196038095238096,7.247603174603175,2.678373645291109,-0.776629263169526,-0.7875974133642827,-0.051565079365079036,Stable,40,DEXCHUS,,,
2025-06-10,7.187,0.0009470488287235401,7.195333333333333,7.2467,2.17787279760574,-0.2055041795106849,-0.7854884799624484,-0.05136666666666656,Trending,80,DEXCHUS,,,
2025-06-11,7.1928,0.000807012661750317,7.1947190476190475,7.245987301587302,2.1895912958154025,-0.17902493859028867,-0.6203628224435986,-0.05126825396825474,Trending,80,DEXCHUS,,,
2025-06-12,7.1726,-0.002808363919475032,7.193033333333333,7.245033333333333,2.3769731372075427,-0.4911209766925606,-0.830948331881598,-0.0519999999999996,Stable,40,DEXCHUS,,,
2025-06-13,7.181,0.0011711234419875538,7.191809523809523,7.244298412698413,2.4263611386802673,-0.35661259661148303,-0.6406265133590661,-0.05248888888888992,Trending,80,DEXCHUS,,,
2025-06-16,7.179,-0.00027851274195789255,7.190380952380952,7.243488888888889,2.420035810709746,-0.4161464835622075,-0.7053941908713668,-0.05310793650793677,Stable,40,DEXCHUS,,,
2025-06-17,7.1845,0.0007661234155174057,7.188957142857142,7.2424857142857135,2.420883592918246,-0.41444888001774816,-0.8720007726589096,-0.05352857142857115,Stable,40,DEXCHUS,,,
2025-06-18,7.1888,0.0005985106827197662,7.1875,7.241536507936508,2.416723431787937,-0.4238579383328389,-0.8249868940209182,-0.05403650793650794,Stable,40,DEXCHUS,,,
2025-06-19,7.1888,0.0,7.18687619047619,7.240515873015873,2.2776747467046365,-0.18189644399395632,-0.886517489073646,-0.05363968253968299,Stable,40,DEXCHUS,,,
2025-06-20,7.1785,-0.00143278433118188,7.185676190476191,7.239271428571429,2.320615935679509,-0.34982023127004824,-1.080351114112088,-0.05359523809523736,Stable,40,DEXCHUS,,,
2025-06-23,7.179,6.965243435264057e-05,7.185638095238096,7.237866666666667,2.017834714854717,-0.01114237165380505,-1.2177502579979294,-0.05222857142857151,Stable,40,DEXCHUS,,,
2025-06-24,7.1713,-0.0010725727817245678,7.185233333333334,7.2363873015873015,2.051458070022804,-0.11838769882169808,-1.2829513387019098,-0.051153968253967896,Stable,40,DEXCHUS,,,
2025-06-25,7.1764,0.0007111681285123517,7.18434761904762,7.235015873015873,1.9172701793085218,-0.258512856150106,-1.1896238365368794,-0.050668253968252586,Stable,40,DEXCHUS,,,
2025-06-26,7.1675,-0.0012401761328799665,7.183080952380952,7.233600000000001,1.9559770831207695,-0.3697474319233729,-1.229208869045162,-0.050519047619048685,Stable,40,DEXCHUS,,,
2025-06-27,7.1721,0.0006417858388558795,7.182442857142857,7.232050793650794,1.9387519140013596,-0.18648667455292145,-1.3425588401172028,-0.049607936507936934,Stable,40,DEXCHUS,,,
2025-06-30,7.1636,-0.0011851480040714346,7.180752380952382,7.2304015873015866,1.8327949604229552,-0.4931171952049507,-1.4296525627795043,-0.04964920634920489,Stable,40,DEXCHUS,,,
2025-07-01,7.1647,0.00015355407895478734,7.179190476190477,7.228550793650794,1.8377342724750243,-0.4557137895102481,-1.6013623940779764,-0.04936031746031766,Stable,40,DEXCHUS,,,
2025-07-02,7.1649,2.791463703988306e-05,7.178128571428571,7.2267190476190475,1.785015579785022,-0.3102738201246624,-1.585099515129873,-0.048590476190476295,Stable,40,DEXCHUS,,,
2025-07-03,7.1684,0.0004884925121075856,7.177366666666666,7.224501587301587,1.7958858834995288,-0.22270474917878147,-1.9115775646200706,-0.047134920634920974,Stable,40,DEXCHUS,,,
2025-07-04,7.1684,0.0,7.177052380952382,7.221796825396826,1.741849446157083,-0.09198606271776377,-2.321905488635745,-0.04474444444444359,Stable,40,DEXCHUS,,,
2025-07-07,7.1744,0.0008370068634562244,7.176376190476191,7.219011111111111,1.6283000265445498,-0.19753498594997643,-2.387787588946777,-0.042634920634919915,Stable,40,DEXCHUS,,,
2025-07-08,7.1738,-8.363068688677089e-05,7.176071428571428,7.216785714285715,1.5807401717535574,-0.08913400740926392,-1.91687175280284,-0.04071428571428637,Stable,40,DEXCHUS,,,
2025-07-09,7.18,0.0008642560428224755,7.175738095238096,7.215015873015874,1.5744608450016393,-0.09739807986642868,-1.5291778097785147,-0.03927777777777841,Stable,40,DEXCHUS,,,
2025-07-10,7.1748,-0.0007242339832868039,7.174880952380953,7.212839682539683,1.559218815733304,-0.25025025025025016,-1.8750256431296797,-0.037958730158730525,Stable,40,DEXCHUS,,,
2025-07-11,7.1681,-0.0009338239393432701,7.174666666666667,7.210507936507937,1.2579139232112948,-0.06273875582076816,-2.0082023239918034,-0.035841269841269785,Stable,40,DEXCHUS,,,
2025-07-14,7.167,-0.00015345768055696762,7.1739999999999995,7.208312698412699,1.179872577602029,-0.1949589193705692,-1.8931460720298943,-0.03431269841269913,Stable,40,DEXCHUS,,,
2025-07-15,7.1729,0.0008232175247664397,7.173709523809523,7.206311111111112,1.2190804891391203,-0.08497005153921267,-1.7276339224551296,-0.03260158730158835,Stable,40,DEXCHUS,,,
2025-07-16,7.1791,0.0008643644829844366,7.173452380952382,7.2043984126984135,1.2277122129807636,-0.07516180666712335,-1.6507753849525963,-0.03094603174603172,Stable,40,DEXCHUS,,,
2025-07-17,7.1832,0.0005711022272987254,7.173185714285714,7.202680952380953,1.2259642016974972,-0.07789895392832369,-1.483939984090843,-0.029495238095238463,Stable,40,DEXCHUS,,,
2025-07-18,7.1776,-0.0007795968370643003,7.172652380952382,7.200550793650794,1.252472077526613,-0.15579790785665848,-1.8353893706064106,-0.027898412698411867,Stable,40,DEXCHUS,,,
2025-07-21,7.176,-0.00022291573785104823,7.172533333333333,7.1988047619047615,1.1532774136906307,-0.03482621717628698,-1.5097447158934907,-0.0262714285714285,Stable,40,DEXCHUS,,,
2025-07-22,7.1748,-0.00016722408026759172,7.1723333333333334,7.197009523809523,1.1539710551285756,-0.058503969912249154,-1.5518873749639672,-0.024676190476189852,Stable,40,DEXCHUS,,,
2025-07-23,7.1599,-0.0020767129397335493,7.171790476190476,7.195001587301587,1.3103680576891616,-0.15896699343214138,-1.736111111111116,-0.023211111111111293,Stable,40,DEXCHUS,,,
2025-07-24,7.1541,-0.0008100671797093284,7.170728571428571,7.192777777777779,1.3012376229846836,-0.31074076138454254,-1.920704121082506,-0.022049206349207928,Stable,40,DEXCHUS,,,
2025-07-25,7.1679,0.001928963810961637,7.170747619047619,7.191173015873016,1.4234088986629625,0.005580746424826977,-1.3908378043747338,-0.020425396825396902,Stable,40,DEXCHUS,,,
2025-07-28,7.1778,0.0013811576612396959,7.171019047619048,7.1897,1.4868441492677882,0.07947463086126483,-1.2763733392017085,-0.018680952380952576,Stable,40,DEXCHUS,,,
2025-07-29,7.1769,-0.0001253866087103095,7.1716523809523816,7.188212698412699,1.4208295862707956,0.1856608409179783,-1.2887519599482866,-0.01656031746031772,Stable,40,DEXCHUS,,,
2025-07-30,7.1934,0.0022990427621953913,7.173019047619047,7.186987301587302,1.6143693237109216,0.40057504152302137,-1.0618105795945354,-0.01396825396825463,Stable,40,DEXCHUS,,,
2025-07-31,7.2002,0.0009453109795090064,7.1747,7.185869841269842,1.6338627229156761,0.49267959078282964,-0.9682832228426808,-0.011169841269841996,Stable,40,DEXCHUS,,,
2025-08-01,7.2116,0.0015832893530736136,7.176757142857143,7.18579365079365,1.6980555842324354,0.6026449416885127,-0.06651515991353829,-0.009036507936507121,Trending,80,DEXCHUS,,,
2025-08-04,7.178,-0.0046591602418325495,7.177214285714285,7.185047619047619,2.4134913334051573,0.13392109815300035,-0.6505190311418607,-0.007833333333334025,Stable,40,DEXCHUS,,,
2025-08-05,7.1835,0.0007662301476734079,7.17764761904762,7.184246031746032,2.4107611368056037,0.1268398751115063,-0.6980923417196472,-0.006598412698412659,Stable,40,DEXCHUS,,,
2025-08-06,7.1822,-0.00018097027911190278,7.17804761904762,7.183385714285714,2.4117349248008266,0.11709275418885223,-0.7489912110994368,-0.005338095238093921,Stable,40,DEXCHUS,,,
2025-08-07,7.1806,-0.00022277296650052847,7.17807619047619,7.183049206349207,2.395220520321296,0.008356545961007988,-0.294370851731518,-0.004973015873016351,Trending,80,DEXCHUS,,,
2025-08-08,7.1839,0.0004595716235411551,7.178509523809523,7.182703174603175,2.384886830651264,0.12683280370184846,-0.30253826831535546,-0.004193650793651749,Trending,80,DEXCHUS,,,
2025-08-11,7.1884,0.0006264007015686079,7.179476190476191,7.182392063492063,2.3639983638346695,0.2831991741186535,-0.2719200887902451,-0.0029158730158727053,Trending,80,DEXCHUS,,,
2025-08-12,7.1785,-0.0013772188525958962,7.18002380952381,7.1819444444444445,2.420202888805363,0.16045765313241755,-0.39130253791610503,-0.0019206349206344342,Stable,40,DEXCHUS,,,
2025-08-13,7.1744,-0.0005711499616910531,7.180095238095238,7.181395238095238,2.4142593062116635,0.02091204394316648,-0.4799556110417491,-0.0012999999999996348,Stable,40,DEXCHUS,,,
2025-08-14,7.1795,0.0007108608385368864,7.180114285714286,7.18084126984127,2.4080006832727356,0.0055717290468049185,-0.48375471279663573,-0.0007269841269845756,Stable,40,DEXCHUS,,,
2025-08-15,7.1817,0.0003064280242357498,7.180042857142857,7.180242857142857,2.4018810118494005,-0.020882058135651693,-0.52220406127933,-0.00019999999999953388,Stable,40,DEXCHUS,,,
2025-08-18,7.1847,0.0004177283929989173,7.180380952380951,7.179969841269841,2.389248751119631,0.09891885867143735,-0.2388258653966302,0.00041111111111025167,Stable,40,DEXCHUS,,,
2025-08-19,7.1819,-0.0003897170375938286,7.180661904761905,7.17962380952381,2.3923299907094933,0.08221850613154835,-0.3026222635590159,0.0010380952380950603,Stable,40,DEXCHUS,,,
2025-08-20,7.1757,-0.0008632813043901733,7.180704761904762,7.17955873015873,2.4120052144883894,0.012543903662809441,-0.05710465472575921,0.0011460317460318947,Stable,40,DEXCHUS,,,
2025-08-21,7.1793,0.0005016932145991415,7.181628571428571,7.179550793650794,2.293816209660233,0.27095350493719916,-0.006963982283636483,0.002077777777777179,Stable,40,DEXCHUS,,,
2025-08-22,7.1651,-0.0019779087097627768,7.182152380952381,7.179076190476191,2.3878590069174326,0.15375798493171278,-0.41556636553162773,0.0030761904761904546,Stable,40,DEXCHUS,,,
2025-08-25,7.151,-0.0019678720464473276,7.181347619047619,7.178392063492064,2.388047293303414,-0.2357733785348648,-0.5991020419510384,0.002955555555555378,Stable,40,DEXCHUS,,,
2025-08-26,7.152,0.00013984058173677205,7.180119047619048,7.1778603174603175,2.328263130091398,-0.35944161163588007,-0.4662166863823036,0.0022587301587302377,Stable,40,DEXCHUS,,,
2025-08-27,7.1536,0.00022371364653239745,7.1790095238095235,7.177138095238095,2.3322513551087933,-0.32465270520698475,-0.6320234473753628,0.001871428571428524,Stable,40,DEXCHUS,,,
2025-08-28,7.1306,-0.003215164392753267,7.176019047619047,7.1760761904761905,2.383221132565775,-0.8730224928406471,-0.9294894060437597,-5.714285714386591e-05,Stable,40,DEXCHUS,,,
2025-08-29,7.1304,-2.8048130592206455e-05,7.172695238095238,7.175174603174603,2.336541877916667,-0.9694175161801044,-0.7902938557435402,-0.002479365079365081,Stable,40,DEXCHUS,,,
2025-09-01,7.1304,0.0,7.1688285714285715,7.174317460317461,2.2234887344104504,-1.1259637251095467,-0.7516285284783764,-0.005488888888889321,Stable,40,DEXCHUS,,,
2025-09-02,7.139,0.0012061034444070806,7.166971428571427,7.173746031746031,1.7265546352396397,-0.5433268319866236,-0.5017421602787397,-0.006774603174603655,Stable,40,DEXCHUS,,,
2025-09-03,7.1415,0.0003501891021151504,7.164971428571428,7.172998412698412,1.701261738831851,-0.5846732094383023,-0.6552040731157671,-0.008026984126984438,Stable,40,DEXCHUS,,,
2025-09-04,7.1414,-1.4002660505441078e-05,7.163028571428571,7.172382539682539,1.7034514053936165,-0.5680710645763143,-0.5403749199186625,-0.009353968253968503,Stable,40,DEXCHUS,,,
2025-09-05,7.1323,-0.0012742599490296325,7.160728571428571,7.171514285714286,1.7383105024904137,-0.6726457399103158,-0.7610964240990725,-0.010785714285715287,Stable,40,DEXCHUS,,,
2025-09-08,7.1293,-0.0004206216788413819,7.158128571428571,7.170506349206349,1.7151112123422467,-0.7600328512368026,-0.8828272717161689,-0.012377777777778043,Stable,40,DEXCHUS,,,
2025-09-09,7.1209,-0.001178236292483148,7.154914285714286,7.169685714285714,1.697824877977977,-0.9390128540426201,-0.7207985946518725,-0.014771428571428658,Stable,40,DEXCHUS,,,
2025-09-10,7.1207,-2.80863374011453e-05,7.152161904761904,7.168728571428572,1.6689279347516461,-0.8051821411158233,-0.8397159170032031,-0.01656666666666773,Stable,40,DEXCHUS,,,
2025-09-11,7.1184,-0.0003230019520552574,7.149495238095238,7.167766666666667,1.6676419998814165,-0.7805530776092806,-0.8441287087338045,-0.018271428571429382,Stable,40,DEXCHUS,,,
2025-09-12,7.1242,0.00081478984041361,7.146861904761905,7.166809523809524,1.6765144651731119,-0.7702486245560247,-0.8393068411162941,-0.019947619047619547,Stable,40,DEXCHUS,,,
2025-09-15,7.1186,-0.0007860531708824281,7.143857142857142,7.165695238095238,1.6638382170046953,-0.8786220532743028,-0.9765190296015969,-0.021838095238096322,Stable,40,DEXCHUS,,,
2025-09-16,7.1142,-0.0006180990644226725,7.1405,7.164511111111111,1.6366234273978046,-0.9812518267986126,-1.0377253505452821,-0.024011111111110317,Stable,40,DEXCHUS,,,
2025-09-17,7.1033,-0.0015321469736583326,7.136757142857142,7.16331746031746,1.6770039414215776,-1.0944179116946784,-1.047572612662806,-0.026560317460317506,Stable,40,DEXCHUS,,,
2025-09-18,7.1125,0.0012951726662255858,7.133747619047618,7.1622619047619045,1.785081717372688,-0.8807503100742853,-0.9263128569438672,-0.02851428571428638,Stable,40,DEXCHUS,,,
2025-09-19,7.1142,0.0002390158172231871,7.13064761904762,7.161355555555556,1.7702394289760854,-0.9067736408841953,-0.7962294144715609,-0.030707936507935685,Stable,40,DEXCHUS,,,
2025-09-22,7.114,-2.8112788507561604e-05,7.128214285714286,7.1603650793650795,1.6825286516954692,-0.7131791600954562,-0.8695167493450784,-0.03215079365079365,Stable,40,DEXCHUS,,,
2025-09-23,7.1116,-0.00033736294630304364,7.126338095238095,7.159477777777778,1.5751672220202586,-0.5509718920430617,-0.779909312870597,-0.0331396825396828,Stable,40,DEXCHUS,,,
2025-09-24,7.1315,0.0027982451206478576,7.125361904761906,7.158833333333333,1.8970504499802008,-0.2866331096196939,-0.5660824584152513,-0.03347142857142682,Stable,40,DEXCHUS,,,
2025-09-25,7.1338,0.000322512795344565,7.124419047619047,7.158360317460318,1.8997177822597962,-0.2767837172891974,-0.4159919593500483,-0.03394126984127066,Stable,40,DEXCHUS,,,
2025-09-26,7.1328,-0.0001401777453812203,7.12452380952381,7.157853968253968,1.5342463196976166,0.030852943651304976,-0.445238460786912,-0.03333015873015821,Stable,40,DEXCHUS,,,
2025-09-29,7.1194,-0.0018786451323463682,7.1240000000000006,7.157131746031745,1.6688364209898345,-0.15426904521486096,-0.635040265739939,-0.033131746031744846,Stable,40,DEXCHUS,,,
2025-09-30,7.119,-5.6184509930612414e-05,7.123457142857143,7.15634761904762,1.6686402798133277,-0.15987882867721792,-0.6891356509123425,-0.03289047619047647,Stable,40,DEXCHUS,,,
2025-10-01,7.12,0.00014046916701793144,7.1225523809523805,7.155579365079364,1.6051241994796763,-0.2661437176075143,-0.6751855365213943,-0.033026984126983905,Stable,40,DEXCHUS,,,
2025-10-02,7.12,0.0,7.121528571428572,7.154715873015872,1.596584131203795,-0.30105720086816,-0.7582515611061602,-0.033187301587300766,Stable,40,DEXCHUS,,,
2025-10-03,7.12,0.0,7.120509523809524,7.1538619047619045,1.596734137582754,-0.2996611308706987,-0.7499512113524176,-0.03335238095238058,Stable,40,DEXCHUS,,,
2025-10-06,7.12,0.0,7.119923809523809,7.152909523809523,1.5430355980851325,-0.1724548883249355,-0.835654596100277,-0.032985714285714174,Stable,40,DEXCHUS,,,
2025-10-07,7.12,0.0,7.119480952380953,7.152039682539682,1.538268232968458,-0.13044758952491797,-0.7637843563583657,-0.0325587301587289,Stable,40,DEXCHUS,,,
2025-10-08,7.12,0.0,7.119438095238096,7.151276190476191,1.4836926616908122,-0.012638851830526487,-0.6710285849806708,-0.03183809523809433,Stable,40,DEXCHUS,,,
2025-10-09,7.1275,0.001053370786516794,7.119761904761906,7.150649206349207,1.5282547443116237,0.09549622930329349,-0.5511371564113188,-0.030887301587300797,Stable,40,DEXCHUS,,,
2025-10-10,7.134,0.0009119607155383402,7.120504761904762,7.150031746031746,1.5504108827096645,0.21915037086985834,-0.5423190062596728,-0.02952698412698407,Stable,40,DEXCHUS,,,
2025-10-13,7.134,0.0,7.120971428571429,7.1493158730158735,1.528934168637353,0.13755930490442214,-0.6282124500285535,-0.028344444444444505,Stable,40,DEXCHUS,,,
2025-10-14,7.1384,0.0006167647883374983,7.121914285714286,7.148604761904762,1.507518595875613,0.278144578990247,-0.623677469651418,-0.02669047619047582,Stable,40,DEXCHUS,,,
2025-10-15,7.1262,-0.001709066457469488,7.122485714285714,7.147788888888889,1.6192131116567694,0.16867673104494774,-0.716116807846634,-0.02530317460317466,Stable,40,DEXCHUS,,,
2025-10-16,7.123,-0.0004490471780190797,7.12342380952381,7.146947619047619,1.5239412455456758,0.2773358861374309,-0.738573021181721,-0.023523809523809724,Stable,40,DEXCHUS,,,
2025-10-17,7.1264,0.0004773269689737347,7.124085714285714,7.146179365079365,1.4707150792198245,0.19543057996485036,-0.6745832636449789,-0.022093650793650887,Stable,40,DEXCHUS,,,
2025-10-20,7.1195,-0.0009682308037718412,7.124338095238095,7.145538095238096,1.514460710654093,0.07449888954484951,-0.5642536906940054,-0.021200000000001218,Stable,40,DEXCHUS,,,
2025-10-21,7.1218,0.00032305639440965983,7.124709523809525,7.145025396825397,1.5174732803667046,0.10964295754849473,-0.45148935575403115,-0.02031587301587212,Stable,40,DEXCHUS,,,
2025-10-22,7.1257,0.0005476143671543365,7.125380952380953,7.144355555555555,1.5197815200408626,0.19826761910117785,-0.5887358919627772,-0.018974603174602755,Stable,40,DEXCHUS,,,
2025-10-23,7.1221,-0.0005052135228820198,7.124933333333334,7.143471428571429,1.1699155493499214,-0.13180957722779274,-0.7760037894619654,-0.01853809523809513,Stable,40,DEXCHUS,,,
2025-10-24,7.1211,-0.00014040802572268252,7.124328571428572,7.142585714285714,1.161679090069845,-0.17802573663404653,-0.777494461396977,-0.018257142857141417,Stable,40,DEXCHUS,,,
2025-10-27,7.1102,-0.0015306623976633071,7.123252380952382,7.14126507936508,1.2653022343150628,-0.3168461193360228,-1.156615786693349,-0.018012698412698036,Stable,40,DEXCHUS,,,
2025-10-28,7.0988,-0.0016033304267109028,7.122271428571429,7.139655555555556,1.2207412273296014,-0.2893502261426484,-1.4082942140496102,-0.017384126984127057,Stable,40,DEXCHUS,,,
2025-10-29,7.098,-0.00011269510339773081,7.121271428571428,7.137852380952381,1.220422715246529,-0.2949852507374673,-1.575239891286262,-0.01658095238095303,Stable,40,DEXCHUS,,,
2025-10-30,7.1097,0.0016483516483516425,7.120780952380953,7.1367682539682535,1.367112876302448,-0.14466292134831527,-0.9515185288381134,-0.015987301587300884,Stable,40,DEXCHUS,,,
2025-10-31,7.1169,0.0010127009578464463,7.120633333333333,7.135711111111111,1.417592045477722,-0.04353932584268971,-0.9271246606807337,-0.015077777777777968,Stable,40,DEXCHUS,,,
2025-11-03,7.1222,0.0007447062625580703,7.120738095238096,7.1347587301587305,1.4421990520595265,0.03089887640450595,-0.8353986243769262,-0.014020634920634656,Stable,40,DEXCHUS,,,
2025-11-04,7.1295,0.0010249641964561462,7.121190476190477,7.1339476190476185,1.4839484112140815,0.13342696629212725,-0.7116396958471438,-0.012757142857141801,Stable,40,DEXCHUS,,,
2025-11-05,7.126,-0.0004909180166912108,7.12147619047619,7.133028571428571,1.4963053338203158,0.08426966292134352,-0.8059689026851724,-0.011552380952380759,Stable,40,DEXCHUS,,,
2025-11-06,7.1195,-0.0009121526803255176,7.121452380952381,7.1319349206349205,1.5323478521765612,-0.00702247191011196,-0.9584886762005307,-0.010482539682539205,Stable,40,DEXCHUS,,,
2025-11-07,7.1219,0.00033710232460149037,7.121185714285714,7.131036507936508,1.489630231538307,-0.07856892318485187,-0.7884655568712096,-0.00985079365079411,Stable,40,DEXCHUS,,,
2025-11-10,7.1193,-0.00036507111866213027,7.1204857142857145,7.130161904761905,1.4523449313413939,-0.20605550883096013,-0.7680084745762761,-0.009676190476190172,Stable,40,DEXCHUS,,,
2025-11-11,7.1193,0.0,7.119785714285714,7.129206349206349,1.4523449313413939,-0.20605550883096013,-0.8384985026812508,-0.009420634920634718,Stable,40,DEXCHUS,,,
2025-11-12,7.112,-0.0010253817088758943,7.1185285714285715,7.128100000000001,1.4619142660080204,-0.36983077440322365,-0.9705222997340446,-0.00957142857142923,Stable,40,DEXCHUS,,,
2025-11-13,7.095,-0.0023903262092238586,7.117042857142857,7.12667619047619,1.5671876588280658,-0.43782099856866097,-1.248486366862922,-0.009633333333333383,Stable,40,DEXCHUS,,,
2025-11-14,7.0992,0.0005919661733615467,7.115909523809524,7.125363492063492,1.5883976564189253,-0.3341288782816254,-1.1515058689204771,-0.00945396825396827,Stable,40,DEXCHUS,,,
2025-11-17,7.1075,0.0011691458192473192,7.115009523809525,7.1242809523809525,1.6405355799576915,-0.26521104625056857,-0.9504299232130697,-0.009271428571427265,Stable,40,DEXCHUS,,,
2025-11-18,7.1074,-1.4069644741487863e-05,7.114433333333333,7.123139682539682,1.611856270227717,-0.16995575531989493,-1.0014903959996047,-0.008706349206348385,Stable,40,DEXCHUS,,,
2025-11-19,7.1106,0.00045023496637308646,7.113899999999999,7.122274603174604,1.6164638337226498,-0.1572636131315197,-0.7606313938395837,-0.008374603174604367,Stable,40,DEXCHUS,,,
2025-11-20,7.1098,-0.00011250808651874777,7.113142857142857,7.121620634920635,1.6005517314525388,-0.22313597260620321,-0.5761431967556963,-0.00847777777777825,Stable,40,DEXCHUS,,,
2025-11-21,7.1066,-0.00045008298405013747,7.112404761904762,7.1209,1.598931745622582,-0.21763243987025227,-0.6347874720357916,-0.008495238095237667,Stable,40,DEXCHUS,,,
2025-11-24,7.102,-0.0006472856218163736,7.111495238095237,7.1200809523809525,1.610018294047421,-0.26821698894833323,-0.7213151420263908,-0.008585714285715085,Stable,40,DEXCHUS,,,
2025-11-25,7.0845,-0.002464094621233426,7.110271428571428,7.119349206349207,1.739769429671481,-0.3614525611093877,-0.6465094101478108,-0.009077777777778628,Stable,40,DEXCHUS,,,
2025-11-26,7.0758,-0.00122803302985397,7.10917619047619,7.11848253968254,1.7053787806810181,-0.32399842226854547,-0.7657354426119145,-0.009306349206349651,Stable,40,DEXCHUS,,,
2025-11-27,7.0758,0.0,7.108119047619048,7.117615873015873,1.7061691252691424,-0.3127641589179997,-0.7657354426119145,-0.00949682539682506,Stable,40,DEXCHUS,,,
2025-11-28,7.0751,-9.892874303962795e-05,7.106471428571429,7.116601587301588,1.5767512202125757,-0.48665907140948983,-0.8950833450063089,-0.010130158730158989,Stable,40,DEXCHUS,,,
2025-12-01,7.0717,-0.0004805585786773481,7.1043190476190485,7.115493650793652,1.5117578132457727,-0.6351079824080785,-0.9773857032836175,-0.01117460317460317,Stable,40,DEXCHUS,,,
2025-12-02,7.07,-0.00024039481312831956,7.101833333333333,7.114360317460317,1.463487084202105,-0.7329196034932983,-0.999803960007839,-0.01252698412698372,Stable,40,DEXCHUS,,,
2025-12-03,7.0636,-0.0009052333804809853,7.098695238095238,7.113269841269842,1.3856989152915973,-0.92432849428431,-0.9632236445466402,-0.014574603174604128,Stable,40,DEXCHUS,,,
2025-12-04,7.0714,0.0011042527889459919,7.096095238095238,7.112350793650794,1.48517409725487,-0.766208251473488,-0.8121414444615893,-0.016255555555556356,Stable,40,DEXCHUS,,,
2025-12-05,7.0696,-0.0002545464830160382,7.0937190476190475,7.111536507936508,1.4721048896383286,-0.7008919165671701,-0.720414554340032,-0.017817460317460565,Stable,40,DEXCHUS,,,
2025-12-08,7.071,0.0001980310059974677,7.091295238095238,7.110747619047619,1.4648815296895037,-0.714696920765534,-0.6979650877020571,-0.019452380952381,Stable,40,DEXCHUS,,,
2025-12-09,7.0633,-0.0010889548861546805,7.088628571428571,7.109873015873015,1.4876604033119234,-0.7865941876308069,-0.7740503483929073,-0.021244444444444177,Stable,40,DEXCHUS,,,
2025-12-10,7.064,9.910381832867188e-05,7.085995238095237,7.1089174603174605,1.4912046705666555,-0.776761760285416,-0.8450071586985186,-0.022922222222223176,Stable,40,DEXCHUS,,,
2025-12-11,7.0579,-0.0008635334088334945,7.0834190476190475,7.107953968253969,1.4832864903908176,-0.7606861642294738,-0.8526957547832392,-0.024534920634921242,Stable,40,DEXCHUS,,,
2025-12-12,7.0548,-0.00043922413182384545,7.081504761904762,7.107011111111111,1.2884989425408226,-0.5665961945031661,-0.8349498186725146,-0.0255063492063492,Stable,40,DEXCHUS,,,
2025-12-15,7.047,-0.0011056302092192771,7.079019047619048,7.106117460317461,1.279534802240447,-0.7352941176470562,-0.7925893598749956,-0.027098412698412844,Stable,40,DEXCHUS,,,
2025-12-16,7.0417,-0.0007520930892578326,7.075885714285714,7.10499365079365,1.1593688912999842,-0.9257826239887468,-0.9954305799648511,-0.02910793650793675,Stable,40,DEXCHUS,,,
2025-12-17,7.0431,0.0001988156269083774,7.072823809523809,7.10386507936508,1.1715636406459606,-0.9046908855559033,-0.9994096314413503,-0.031041269841270314,Stable,40,DEXCHUS,,,
2025-12-18,7.0404,-0.0003833539208587533,7.069480952380952,7.1026968253968255,1.1271792192714074,-0.9872584592017564,-1.0345797019960634,-0.03321587301587314,Stable,40,DEXCHUS,,,
2025-12-19,7.0409,7.101869211978418e-05,7.066199999999999,7.101574603174603,1.13631239280478,-0.9690849250330591,-0.9941504021598546,-0.035374603174603614,Stable,40,DEXCHUS,,,
2025-12-22,7.0367,-0.000596514650115787,7.0628714285714285,7.100069841269841,1.1372285162185591,-0.9835927166296221,-1.3293136086377388,-0.0371984126984124,Stable,40,DEXCHUS,,,
2025-12-23,7.028,-0.0012363750053292488,7.059347619047618,7.098390476190477,1.166704504165694,-1.0419600112644423,-1.483080546132498,-0.03904285714285827,Stable,40,DEXCHUS,,,
2025-12-24,7.0142,-0.001963574274331248,7.056000000000001,7.096507936507936,1.0692640817772099,-0.9923071494106872,-1.6627411395244485,-0.04050793650793505,Stable,40,DEXCHUS,,,
2025-12-25,7.0142,0.0,7.053066666666666,7.094838095238096,1.044566885677665,-0.8705729387489813,-1.4776526111750954,-0.04177142857142968,Stable,40,DEXCHUS,,,
2025-12-26,7.0063,-0.001126286675600885,7.0497571428571435,7.093049206349206,1.0607774529266343,-0.9822210916080154,-1.5830875122910482,-0.04329206349206238,Stable,40,DEXCHUS,,,
2025-12-29,7.0056,-9.991008092713471e-05,7.046447619047618,7.091233333333333,1.060734286343706,-0.9823182711198419,-1.6067415730337098,-0.044785714285715095,Stable,40,DEXCHUS,,,
2025-12-30,6.9961,-0.0013560580107342401,7.042847619047619,7.089266666666667,1.1043185976748229,-1.0690498748532784,-1.740168539325837,-0.04641904761904847,Stable,40,DEXCHUS,,,
2025-12-31,6.9931,-0.0004288103371878904,7.039185714285715,7.087252380952382,1.1004134204859244,-1.0876944837340918,-1.78230337078652,-0.048066666666667146,Stable,40,DEXCHUS,,,
2026-01-01,6.9931,0.0,7.0358285714285715,7.085238095238095,1.1051971935228884,-0.9980746361628601,-1.78230337078652,-0.04940952380952357,Stable,40,DEXCHUS,,,
2026-01-02,6.9877,-0.0007721897298765823,7.031842857142857,7.083138095238096,0.9466355584755445,-1.1836411460248275,-1.8581460674157335,-0.05129523809523828,Stable,40,DEXCHUS,,,
2026-01-05,6.988,4.2932581536092584e-05,7.027957142857143,7.081042857142857,0.9644358171714418,-1.1542378635283401,-1.8539325842696575,-0.0530857142857144,Stable,40,DEXCHUS,,,
2026-01-06,6.9834,-0.0006582713222668124,7.023785714285715,7.078755555555556,0.9252945831505189,-1.2388629613915958,-2.0217467555243895,-0.05496984126984117,Stable,40,DEXCHUS,,,
2026-01-07,6.9965,0.0018758770799325308,7.020604761904762,7.076573015873016,1.2412337233578712,-0.9457335806209555,-1.9273899635548153,-0.055968253968253556,Stable,40,DEXCHUS,,,
2026-01-08,6.9835,-0.001858071893089397,7.016771428571429,7.074184126984126,1.3147120673895305,-1.1395809739524365,-2.109615923745445,-0.057412698412696805,Stable,40,DEXCHUS,,,
2026-01-09,6.9772,-0.0009021264408964891,7.012928571428572,7.0716253968253975,1.3159565091197245,-1.1433995947803255,-2.2582091224924383,-0.05869682539682586,Stable,40,DEXCHUS,,,
2026-01-12,6.9731,-0.000587628274952734,7.009038095238095,7.069195238095238,1.3154272065073693,-1.15807677042582,-2.148410092335329,-0.06015714285714324,Stable,40,DEXCHUS,,,
2026-01-13,6.9775,0.0006309962570449912,7.005728571428571,7.066885714285714,1.3604896264671242,-0.9862352774230088,-2.0426786466376523,-0.061157142857143576,Stable,40,DEXCHUS,,,
2026-01-14,6.973,-0.0006449301325689438,7.002457142857144,7.064450793650794,1.3582094152873612,-0.9756166834713142,-2.1525594970812856,-0.06199365079365027,Stable,40,DEXCHUS,,,
2026-01-15,6.966,-0.0010038720780151111,6.998785714285715,7.062014285714286,1.3478483264517065,-1.0946884184520944,-2.156050284430089,-0.06322857142857075,Stable,40,DEXCHUS,,,
2026-01-16,6.9681,0.0003014642549525881,6.995342857142857,7.059574603174603,1.37738440469479,-1.0269302880518194,-2.1581622623494168,-0.06423174603174608,Stable,40,DEXCHUS,,,
2026-01-19,6.9681,0.0,6.99187619047619,7.057073015873016,1.373948185915017,-1.0339587268673012,-2.2117125335054832,-0.06519682539682581,Stable,40,DEXCHUS,,,
2026-01-20,6.9599,-0.001176791377850428,6.988219047619047,7.054498412698413,1.393938929511199,-1.0914206943595683,-2.2774181772230007,-0.0662793650793656,Stable,40,DEXCHUS,,,
2026-01-21,6.9637,0.0005459848561042424,6.985157142857143,7.0520000000000005,1.4154336528412532,-0.9149117814456376,-2.2103326733229456,-0.06684285714285743,Stable,40,DEXCHUS,,,
2026-01-22,6.97,0.0009046914714878618,6.98305238095238,7.049774603174603,1.3738342820018572,-0.6301502666020364,-1.9718151388146588,-0.06672222222222324,Stable,40,DEXCHUS,,,
2026-01-23,6.9631,-0.0009899569583931012,6.980619047619048,7.047620634920635,1.3892541993268954,-0.7285221408000919,-1.9115906913844571,-0.06700158730158723,Stable,40,DEXCHUS,,,
2026-01-26,6.9542,-0.0012781663339603844,6.978138095238095,7.045338095238095,1.4009255526056106,-0.7436164594721961,-2.0259227951535563,-0.0671999999999997,Stable,40,DEXCHUS,,,
2026-01-27,6.9545,4.313939777400577e-05,6.975704761904762,7.042874603174603,1.4050776856021847,-0.7294164668265379,-2.182933175802071,-0.06716984126984116,Stable,40,DEXCHUS,,,
2026-01-28,6.9462,-0.0011934718527571997,6.9733285714285715,7.04016507936508,1.3914456295066022,-0.7132545275224778,-2.3985162078995037,-0.0668365079365083,Stable,40,DEXCHUS,,,
2026-01-29,6.948,0.0002591344908007276,6.971180952380952,7.0374,1.406269078079291,-0.644921422545075,-2.4458734660638526,-0.06621904761904762,Stable,40,DEXCHUS,,,
2026-01-30,6.951,0.0004317789291881091,6.96917619047619,7.034566666666667,1.4259883223902778,-0.6020219931074933,-2.5036818851251863,-0.06539047619047622,Stable,40,DEXCHUS,,,
2026-02-02,6.9463,-0.0006761617033519407,6.967204761904763,7.031714285714286,1.4222555955791563,-0.5924696251985662,-2.521751333146227,-0.06450952380952302,Stable,40,DEXCHUS,,,
2026-02-03,6.9377,-0.0012380691879129158,6.964809523809525,7.028828571428571,1.4541865653102088,-0.7198053806525495,-2.553550108855962,-0.06401904761904564,Stable,40,DEXCHUS,,,
2026-02-04,6.9415,0.0005477319572768646,6.962814285714286,7.02596507936508,1.4810612931318075,-0.5999942721310547,-2.5330319156404935,-0.06315079365079423,Stable,40,DEXCHUS,,,
2026-02-05,6.9378,-0.0005330260030251832,6.960019047619046,7.023084126984127,1.2559681108750362,-0.8389909240334448,-2.5494079474105535,-0.06306507936508066,Stable,40,DEXCHUS,,,
2026-02-06,6.9388,0.0001441379111533081,6.957890476190476,7.020219047619047,1.1503277233036866,-0.6400801890169783,-2.535361622631438,-0.06232857142857107,Stable,40,DEXCHUS,,,
2026-02-09,6.92,-0.0027094022021098008,6.955166666666666,7.017171428571428,1.4095867498084682,-0.8198131055437652,-2.699662542182235,-0.06200476190476234,Stable,40,DEXCHUS,,,
2026-02-10,6.9106,-0.001358381502890249,6.952190476190476,7.0142444444444445,1.4478630980239195,-0.8963015014842757,-2.599013389711069,-0.06205396825396825,Stable,40,DEXCHUS,,,
2026-02-11,6.9125,0.00027493994732719074,6.949095238095238,7.011280952380953,1.4200277792256297,-0.9315657470440719,-2.6298737885959045,-0.06218571428571451,Stable,40,DEXCHUS,,,
2026-02-12,6.901,-0.0016636528028932673,6.945666666666667,7.008003174603175,1.480637843199394,-1.032554137387065,-2.9053816391136134,-0.062336507936508134,Stable,40,DEXCHUS,,,
2026-02-13,6.908,0.0010143457469933281,6.942904761904761,7.004838095238095,1.556152292840676,-0.8326155612977337,-2.80552663421223,-0.06193333333333406,Trending,80,DEXCHUS,,,
2026-02-16,6.908,0.0,6.940042857142858,7.001622222222222,1.542532969315389,-0.862501973278218,-2.8492672910865435,-0.06157936507936412,Trending,80,DEXCHUS,,,
2026-02-17,6.9031,-0.0007093225246092016,6.936947619047619,6.998341269841269,1.5382284365815964,-0.9328224336619617,-2.907254775099155,-0.06139365079364989,Trending,80,DEXCHUS,,,
2026-02-18,6.9031,0.0,6.934242857142857,6.995111111111111,1.521687429452429,-0.8161036796505705,-2.8635353052092416,-0.06086825396825368,Trending,80,DEXCHUS,,,
2026-02-19,6.9031,0.0,6.931357142857143,6.991953968253968,1.4908270241350483,-0.8702270344787988,-2.8006195437904835,-0.06059682539682498,Trending,80,DEXCHUS,,,
2026-02-20,6.9031,0.0,6.928171428571429,6.989074603174603,1.421180943260941,-0.9598278335724464,-2.5605194438563017,-0.06090317460317429,Trending,80,DEXCHUS,,,
2026-02-23,6.9031,0.0,6.925314285714284,6.986333333333333,1.415925510190959,-0.8616851689620897,-2.4407134175640888,-0.061019047619048195,Trending,80,DEXCHUS,,,
2026-02-24,6.883,-0.0029117353073256913,6.921923809523809,6.983273015873016,1.6376154443041677,-1.0238417071697703,-2.7247802368636775,-0.06134920634920693,Trending,80,DEXCHUS,,,
2026-02-25,6.8692,-0.0020049397065232677,6.917861904761905,6.980004761904762,1.7059520887431092,-1.2265439643396436,-2.9102062161665554,-0.06214285714285683,Trending,80,DEXCHUS,,,
2026-02-26,6.8409,-0.004119839282594739,6.91284761904762,6.97634126984127,2.09408187508078,-1.5159367711842453,-3.2637131100018313,-0.06349365079365032,Trending,80,DEXCHUS,,,
2026-02-27,6.8579,0.0024850531362832218,6.908557142857143,6.9729746031746025,2.352128846418716,-1.296776050662063,-3.0000000000000027,-0.06441746031745943,Trending,80,DEXCHUS,,,
2026-03-02,6.8821,0.003528777030869623,6.90527619047619,6.97009365079365,2.7394479333417885,-0.991224284275638,-2.5695112973554535,-0.06481746031746027,Stable,40,DEXCHUS,,,
2026-03-03,6.8996,0.0025428284971156234,6.903052380952381,6.967366666666667,2.9296872556222957,-0.6723003613434475,-2.429504765675816,-0.06431428571428555,Stable,40,DEXCHUS,,,
2026-03-04,6.8969,-0.00039132703345134967,6.901109523809525,6.964625396825397,2.9108609389076063,-0.5880911541289002,-2.442853909697873,-0.06351587301587269,Stable,40,DEXCHUS,,,
2026-03-05,6.8912,-0.0008264582638575213,6.898714285714285,6.961771428571428,2.900576836951458,-0.7246272419505706,-2.5427803705274976,-0.0630571428571427,Stable,40,DEXCHUS,,,
2026-03-06,6.8965,0.0007690968191316205,6.89674761904762,6.95912380952381,2.9248934345656177,-0.5952895730635177,-2.361502413885863,-0.06237619047618992,Stable,40,DEXCHUS,,,
2026-03-09,6.9066,0.00146451098383249,6.895214285714285,6.956625396825397,2.984328785762513,-0.4640571856805109,-2.228199320498303,-0.06141111111111197,Stable,40,DEXCHUS,,,
2026-03-10,6.8766,-0.004343671270958249,6.893147619047619,6.953747619047619,3.2018793907254794,-0.6271676300578011,-2.5687527451508263,-0.06059999999999999,Trending,80,DEXCHUS,,,
2026-03-11,6.8655,-0.0016141697932117172,6.890999999999999,6.950742857142857,3.2137608739025083,-0.6526206118137257,-2.683279469297506,-0.059742857142857986,Trending,80,DEXCHUS,,,
2026-03-12,6.8689,0.0004952297720486332,6.88892380952381,6.947915873015873,3.2197115294343415,-0.6307414104882447,-2.527316588619266,-0.058992063492063096,Trending,80,DEXCHUS,,,
2026-03-13,6.8961,0.003959877127342137,6.888690476190476,6.945604761904762,3.496850951936831,-0.07100420228952631,-2.067682519846059,-0.05691428571428592,Stable,40,DEXCHUS,,,
2026-03-16,6.8955,-8.700569887321041e-05,6.8880952380952385,6.943261904761905,3.4760977742892734,-0.18094962362478206,-2.0956681006942923,-0.055166666666666586,Stable,40,DEXCHUS,,,
2026-03-17,6.8863,-0.0013342034660285274,6.887061904761905,6.9408158730158735,3.5026617971635816,-0.31412854661262424,-2.1887960911311843,-0.05375396825396894,Trending,80,DEXCHUS,,,
2026-03-18,6.8726,-0.001989457328318567,6.885609523809524,6.938144444444444,3.556196384638909,-0.4418304819573837,-2.390319419392395,-0.052534920634919935,Trending,80,DEXCHUS,,,
2026-03-19,6.8998,0.003957745249250522,6.8854523809523815,6.9359714285714285,3.838499659274409,-0.04780460952326093,-1.9455142325237706,-0.05051904761904691,Stable,40,DEXCHUS,,,
2026-03-20,6.8857,-0.0020435374938404527,6.884623809523809,6.933712698412699,3.9019114933333467,-0.2520606683953597,-2.024758110415481,-0.04908888888888985,Stable,40,DEXCHUS,,,
2026-03-23,6.8807,-0.0007261425853580805,6.883557142857143,6.931593650793651,3.907265466859674,-0.32449189494575537,-1.9032819138319335,-0.0480365079365086,Stable,40,DEXCHUS,,,
2026-03-24,6.8918,0.001613207958492513,6.883019047619048,6.929650793650794,3.9548397687608627,-0.16369457200389181,-1.7450315075133283,-0.04663174603174536,Stable,40,DEXCHUS,,,
2026-03-25,6.9011,0.001349429757102616,6.883880952380952,6.927980952380952,3.8436434965225983,0.2629667296237148,-1.5015057876482718,-0.04409999999999936,Trending,80,DEXCHUS,,,
2026-03-26,6.9107,0.001391082581037928,6.885857142857144,6.926474603174603,3.7858035836417567,0.6041460432073542,-1.3546305812492831,-0.04061746031745983,Trending,80,DEXCHUS,,,
2026-03-27,6.9116,0.00013023282735469266,6.889223809523809,6.925133333333334,3.431810304633365,1.0334897455013259,-1.207815783079147,-0.035909523809524835,Trending,80,DEXCHUS,,,
2026-03-30,6.9119,4.3405289658071666e-05,6.891795238095238,6.923844444444445,3.356542376410111,0.7874130564750281,-1.1611445567773937,-0.03204920634920683,Trending,80,DEXCHUS,,,
2026-03-31,6.898,-0.0020110244650530795,6.892552380952382,6.9223349206349205,3.2476604175801214,0.2310341320236553,-1.3599119131715631,-0.029782539682538633,Trending,80,DEXCHUS,,,
2026-04-01,6.872,-0.003769208466222085,6.891238095238094,6.920498412698413,3.385495625906682,-0.4000231897501427,-1.6557665612433325,-0.02926031746031832,Trending,80,DEXCHUS,,,
2026-04-02,6.8856,0.001979045401629742,6.8907,6.918873015873016,3.4662336353901853,-0.16384172599283042,-1.4653692043503197,-0.02817301587301646,Trending,80,DEXCHUS,,,
2026-04-03,6.8824,-0.0004647380039503046,6.8902809523809525,6.917269841269841,3.458620014112659,-0.12769909449734662,-1.4462869089555186,-0.026988888888888063,Trending,80,DEXCHUS,,,
2026-04-06,6.8778,-0.0006683714983145572,6.889390476190476,6.915385714285715,3.4511141565823094,-0.271152033640254,-1.6965625669977946,-0.025995238095238626,Trending,80,DEXCHUS,,,
2026-04-07,6.8567,-0.003067841460932197,6.887014285714285,6.913373015873016,3.543651352335316,-0.7224973214027153,-1.8157084556454484,-0.026358730158730914,Trending,80,DEXCHUS,,,
2026-04-08,6.8287,-0.004083597065643763,6.884733333333334,6.911015873015873,3.507616533031874,-0.6965651630165937,-2.128360947084784,-0.026282539682538797,Trending,80,DEXCHUS,,,
2026-04-09,6.8314,0.0003953900449573666,6.883109523809524,6.908766666666667,3.4839489568662083,-0.49668633020172326,-2.0320947641651377,-0.025657142857142823,Trending,80,DEXCHUS,,,
2026-04-10,6.8278,-0.0005269783646105752,6.881152380952381,6.906390476190477,3.4749446469840075,-0.598349080638827,-2.145467574346116,-0.025238095238096392,Trending,80,DEXCHUS,,,
2026-04-13,6.8303,0.00036615015085383895,6.8780190476190475,6.904125396825397,3.127647084290169,-0.9541624976435847,-2.0464649361824128,-0.026106349206349577,Stable,40,DEXCHUS,,,
2026-04-14,6.8157,-0.002137534222508619,6.8742190476190475,6.901739682539683,3.177545072507957,-1.157276484663916,-2.1576227390180946,-0.027520634920635167,Stable,40,DEXCHUS,,,
2026-04-15,6.818,0.00033745616737834716,6.870966666666667,6.899357142857143,3.178476954954986,-0.9918243468916677,-2.154102266040958,-0.0283904761904763,Stable,40,DEXCHUS,,,
2026-04-16,6.8208,0.000410677618069899,6.868499999999999,6.897019047619048,3.142700484235371,-0.7537176614381802,-2.1139191458216633,-0.028519047619048443,Stable,40,DEXCHUS,,,
2026-04-17,6.817,-0.0005571193994838852,6.864557142857143,6.894750793650794,2.7225058009710583,-1.20003478361691,-2.053190419402573,-0.03019365079365155,Stable,40,DEXCHUS,,,
2026-04-20,6.8172,2.9338418659152765e-05,6.861295238095238,6.892425396825397,2.6757565587520316,-0.994815341940547,-2.1037666757614537,-0.031130158730158897,Stable,40,DEXCHUS,,,
2026-04-21,6.8208,0.0005280760429502429,6.858442857142858,6.8900571428571435,2.6960982317019515,-0.8705509613847418,-2.1406025824964092,-0.03161428571428537,Stable,40,DEXCHUS,,,
2026-04-22,6.8275,0.0009822894675111105,6.855380952380952,6.887904761904761,2.644666453566291,-0.9329928320612968,-1.9474084818543513,-0.03252380952380918,Stable,40,DEXCHUS,,,
2026-04-23,6.826,-0.00021969974368363232,6.851804761904762,6.885869841269841,2.565187720733348,-1.0882323107910374,-1.8434902648759133,-0.034065079365078965,Stable,40,DEXCHUS,,,
2026-04-24,6.8359,0.00145033694696739,6.848242857142857,6.883987301587302,2.5708249355348984,-1.0823794984589186,-1.705370623337421,-0.03574444444444502,Stable,40,DEXCHUS,,,
2024-05-27,,0.0,83.39571428571428,83.26126984126984,1.1304536844938258,-0.3478052290717071,0.2533783783783772,0.1344444444444406,Stable,40,DEXINUS,83.09,,
2024-05-28,,0.0008424599831506896,83.38142857142857,83.26587301587301,1.116420419669649,-0.35945363048166534,0.34994569808133313,0.11555555555555941,Stable,40,DEXINUS,83.16,,
2024-05-29,,0.0020442520442520706,83.37619047619049,83.27253968253969,1.3538683314727693,-0.1318312559923318,0.5065733928355964,0.10365079365080021,Stable,40,DEXINUS,83.33,,
2024-05-30,,-0.0006000240009600422,83.36809523809524,83.27888888888889,1.3645774272366407,-0.20371479928100733,0.4826254826254983,0.08920634920634996,Stable,40,DEXINUS,83.28,,
2024-05-31,,0.0018011527377521652,83.36761904761904,83.28793650793651,1.514503022385033,-0.011984659635655426,0.6879073135409142,0.07968253968253691,Stable,40,DEXINUS,83.43,,
2024-06-03,,-0.0034759678772624536,83.35380952380952,83.2936507936508,1.9344881543928685,-0.34759678772624536,0.4348876540227087,0.060158730158718754,Stable,40,DEXINUS,83.14,,
2024-06-04,,0.004570603800817752,83.35571428571428,83.30539682539683,2.529776840243568,0.04791566842357042,0.8939357332689024,0.05031746031745854,Stable,40,DEXINUS,83.52,,
2024-06-05,,-0.0017959770114941431,83.34904761904761,83.31555555555556,2.602900167198054,-0.16764459346185756,0.7736008703009833,0.03349206349204792,Stable,40,DEXINUS,83.37,,
2024-06-06,,0.0011994722322177243,83.35000000000001,83.32746031746032,2.628165282691306,0.02396644697422179,0.9066731141199158,0.022539682539687078,Stable,40,DEXINUS,83.47,,
2024-06-07,,-0.0010782317000119779,83.34380952380953,83.33714285714287,2.64101897974834,-0.1556699796431693,0.7369819983085613,0.006666666666660603,Stable,40,DEXINUS,83.38,,
2024-06-10,,0.001439194051331416,83.34190476190476,83.34809523809524,2.689337199405114,-0.04788125448887959,0.8332327013645724,-0.006190476190482741,Stable,40,DEXINUS,83.5,,
2024-06-11,,0.0,83.34285714285713,83.3588888888889,2.6773726603686447,0.02395783421178521,0.821057715527651,-0.016031746031771377,Stable,40,DEXINUS,83.5,,
2024-06-12,,0.0008383233532933687,83.34619047619047,83.37015873015872,2.6917590701119503,0.08383233532933687,0.8568670045860483,-0.023968253968249087,Stable,40,DEXINUS,83.57,,
2024-06-13,,-0.0005983008256551514,83.34904761904762,83.38015873015874,2.694978803998863,0.07189072609634639,0.7600434310532034,-0.031111111111115974,Stable,40,DEXINUS,83.52,,
2024-06-14,,0.00023946360153259683,83.35285714285715,83.38857142857144,2.695856821415821,0.09585430146179519,0.6384772918925474,-0.035714285714291805,Stable,40,DEXINUS,83.54,,
2024-06-17,,-0.00023940627244445345,83.36142857142856,83.39396825396825,2.6441585759769595,0.21598272138227959,0.4087521038711017,-0.032539682539692194,Stable,40,DEXINUS,83.52,,
2024-06-18,,-0.001197318007662762,83.3652380952381,83.39825396825397,2.6823500059888743,0.09599232061434648,0.32471437161756267,-0.033015873015870056,Stable,40,DEXINUS,83.42,,
2024-06-19,,0.0,83.37047619047618,83.39650793650794,2.678363154570968,0.13203697035168993,-0.13168921345624307,-0.026031746031762282,Stable,40,DEXINUS,83.42,,
2024-06-20,,0.002397506593143195,83.38761904761905,83.39968253968254,2.7838983762030765,0.43238049483544927,0.2397506593143195,-0.012063492063489889,Stable,40,DEXINUS,83.62,,
2024-06-21,,-0.0010762975364745353,83.4,83.40301587301586,2.8192259170967144,0.31223730034826147,0.25204032645225194,-0.0030158730158547087,Stable,40,DEXINUS,83.53,,
2024-06-24,,-0.0013168921345624307,83.41571428571429,83.4042857142857,2.7461934912131416,0.3971597063425092,0.09599232061434648,0.011428571428581336,Stable,40,DEXINUS,83.42,,
2024-06-25,,-0.00023975065931425288,83.43047619047618,83.40507936507937,2.7495394421081167,0.3730894211096514,0.05998800239952473,0.025396825396811096,Stable,40,DEXINUS,83.4,,
2024-06-26,,0.0017985611510791255,83.4490476190476,83.40841269841269,2.7981367762585294,0.46897546897546327,0.2519798416126706,0.040634920634914806,Stable,40,DEXINUS,83.55,,
2024-06-27,,-0.0013165769000598182,83.45428571428572,83.40968253968255,2.764710211294951,0.1320052802112004,0.09596928982724684,0.04460317460316787,Stable,40,DEXINUS,83.44,,
2024-06-28,,-0.001318312559923318,83.45666666666668,83.40984126984127,2.797459026424829,0.06003842459174624,0.012001920307258551,0.04682539682541176,Stable,40,DEXINUS,83.33,,
2024-07-01,,0.001320052802112004,83.45714285714286,83.41,2.763843245543906,0.011986096128469015,0.011986096128469015,0.04714285714285893,Stable,40,DEXINUS,83.44,,
2024-07-02,,0.0007190795781399917,83.47428571428571,83.41095238095237,2.4634235474351738,0.43300457060380104,0.07190795781399917,0.06333333333334679,Stable,40,DEXINUS,83.5,,
2024-07-03,,-0.00023952095808377205,83.47238095238095,83.41396825396825,1.8855977035160791,-0.04789272030650826,0.228118621683282,0.05841269841269536,Stable,40,DEXINUS,83.48,,
2024-07-04,,0.0,83.47761904761904,83.41761904761904,1.7719278643116763,0.13194194554395633,0.27627627627628826,0.060000000000002274,Stable,40,DEXINUS,83.48,,
2024-07-05,,-0.00011978917105903708,83.47761904761904,83.42222222222223,1.7236256011019861,0.0,0.3486415003606469,0.05539682539681223,Stable,40,DEXINUS,83.47,,
2024-07-08,,-0.00023960704444703218,83.48095238095239,83.42349206349205,1.6814562713979204,0.08395298632766224,0.09595777857742682,0.05746031746033964,Stable,40,DEXINUS,83.45,,
2024-07-09,,0.0002396644697422179,83.47952380952381,83.42793650793651,1.6053532811645284,-0.03592814371257136,0.33657891573506404,0.05158730158730407,Stable,40,DEXINUS,83.47,,
2024-07-10,,0.0003594105666706593,83.47952380952381,83.42650793650793,1.6106414881182567,0.0,-0.10766838138533963,0.05301587301588029,Stable,40,DEXINUS,83.5,,
2024-07-11,,0.0008383233532933687,83.47952380952381,83.42793650793651,1.6106414881182567,0.0,0.10781025395303345,0.05158730158730407,Stable,40,DEXINUS,83.57,,
2024-07-12,,-0.001076941486179095,83.47761904761904,83.42698412698414,1.6413050446795072,-0.04789272030650826,-0.07182188173330273,0.05063492063490571,Stable,40,DEXINUS,83.48,,
2024-07-15,,0.0008385241974124824,83.47809523809524,83.42714285714287,1.6662725270930927,0.01197031362221157,0.01197031362221157,0.05095238095236709,Stable,40,DEXINUS,83.55,,
2024-07-16,,0.0005984440454818163,83.48190476190476,83.42825396825396,1.6759598144849313,0.09578544061301653,0.08380222674486681,0.05365079365080305,Stable,40,DEXINUS,83.6,,
2024-07-17,,-0.0005980861244019309,83.48809523809524,83.42968253968253,1.632226495255543,0.15583792855429213,0.10783608914450848,0.058412698412709574,Stable,40,DEXINUS,83.55,,
2024-07-18,,0.00035906642728900096,83.49571428571429,83.43142857142858,1.6348943321408274,0.1918005274514467,0.131783874445901,0.06428571428570251,Stable,40,DEXINUS,83.58,,
2024-07-19,,0.001435750179468842,83.49952380952381,83.43682539682538,1.4916596724151543,0.09567089213107227,0.4078694817658324,0.06269841269842402,Stable,40,DEXINUS,83.7,,
2024-07-22,,-0.0005973715651134137,83.50523809523808,83.44174603174604,1.4550356676332967,0.14366096013409546,0.3719702423806037,0.06349206349204906,Stable,40,DEXINUS,83.65,,
2024-07-23,,0.00035863717872097745,83.51761904761904,83.44761904761904,1.3670942349150075,0.31167585710860646,0.444124354819353,0.06999999999999318,Stable,40,DEXINUS,83.68,,
2024-07-24,,0.00047801147227533036,83.53285714285714,83.45301587301587,1.3640139983739359,0.3836930455635379,0.40777164787719755,0.0798412698412676,Stable,40,DEXINUS,83.72,,
2024-07-25,,-0.00023889154323930573,83.53999999999999,83.4568253968254,1.236547738436618,0.17953321364452268,0.28756290438534116,0.0831746031745979,Stable,40,DEXINUS,83.7,,
2024-07-26,,0.0,83.55238095238096,83.46095238095239,1.1277450448059172,0.31160115052732973,0.31160115052732973,0.09142857142856542,Stable,40,DEXINUS,83.7,,
2024-07-29,,0.0005973715651135247,83.57238095238095,83.46571428571428,1.0020630474775825,0.5040201608064399,0.3594967046135267,0.10666666666666913,Stable,40,DEXINUS,83.75,,
2024-07-30,,-0.0005970149253731183,83.58476190476192,83.46984126984128,0.9608290352972668,0.31160115052732973,0.31160115052732973,0.11492063492063664,Stable,40,DEXINUS,83.7,,
2024-07-31,,0.00035842293906807043,83.59571428571428,83.47460317460317,0.9417690473703605,0.2754491017964211,0.3595828838547144,0.12111111111110517,Stable,40,DEXINUS,83.73,,
2024-08-01,,-0.00035829451809388235,83.60619047619048,83.47809523809524,0.9485339678523568,0.26353617632965953,0.26353617632965953,0.12809523809524137,Stable,40,DEXINUS,83.7,,
2024-08-02,,0.0010752688172044333,83.62095238095237,83.48253968253968,1.002223988154927,0.3713464302827152,0.3352891869237151,0.13841269841269366,Stable,40,DEXINUS,83.79,,
2024-08-05,,0.0004773839360303622,83.63809523809525,83.48857142857143,1.0013128548861856,0.43129268000479115,0.45536249251048044,0.1495238095238136,Stable,40,DEXINUS,83.83,,
2024-08-06,,0.0009543122986996888,83.66,83.49492063492065,1.0197395460605416,0.551228280407412,0.478984552748174,0.16507936507935028,Stable,40,DEXINUS,83.91,,
2024-08-07,,0.0005958765343820893,83.68333333333332,83.5015873015873,1.0262018634499301,0.5870372588953954,0.5027531721330858,0.181746031746016,Stable,40,DEXINUS,83.96,,
2024-08-08,,-0.00011910433539774612,83.70476190476191,83.50904761904762,1.0348267983079746,0.5389221556886259,0.5630091039769969,0.1957142857142884,Stable,40,DEXINUS,83.95,,
2024-08-09,,-0.0003573555687909069,83.72142857142858,83.51571428571428,1.0329650098991061,0.418810577958606,0.5029940119760434,0.2057142857142935,Stable,40,DEXINUS,83.92,,
2024-08-12,,0.0,83.74238095238096,83.52301587301588,0.9272817905657437,0.5270723526593191,0.5511622334052335,0.2193650793650761,Stable,40,DEXINUS,83.92,,
2024-08-13,,0.0005958055290753439,83.76238095238095,83.53111111111112,0.911567744897686,0.502692998204668,0.6110711718188444,0.2312698412698353,Stable,40,DEXINUS,83.97,,
2024-08-14,,-0.0007145409074670317,83.77714285714285,83.54015873015874,0.9585849737145136,0.37081339712918826,0.683945284377252,0.23698412698411175,Stable,40,DEXINUS,83.91,,
2024-08-15,,0.0003575259206292092,83.79571428571428,83.54968253968254,0.9175791390186089,0.46678635547576786,0.7199424046076208,0.24603174603174693,Stable,40,DEXINUS,83.94,,
2024-08-16,,0.00011913271384322854,83.81333333333333,83.55984126984126,0.9168254397248193,0.4426896386695356,0.7682151002280646,0.2534920634920752,Stable,40,DEXINUS,83.95,,
2024-08-19,,-0.001548540798094189,83.81904761904762,83.56873015873018,0.993913718192061,0.14336917562722817,0.6725918808551334,0.25031746031744717,Stable,40,DEXINUS,83.82,,
2024-08-20,,-0.00035790980672856243,83.8257142857143,83.57698412698413,0.9770206116747491,0.16736401673640433,0.6244746006965451,0.24873015873016868,Stable,40,DEXINUS,83.79,,
2024-08-21,,0.001670843776107045,83.83761904761906,83.59031746031745,1.1195515734584878,0.2987571701720926,1.0109519797809607,0.24730158730160667,Stable,40,DEXINUS,83.93,,
2024-08-22,,0.0,83.84761904761905,83.60365079365079,1.113721557605637,0.2508361204013543,1.0109519797809607,0.24396825396826216,Stable,40,DEXINUS,83.93,,
2024-08-23,,-0.0002382938162756032,83.85761904761905,83.61555555555555,1.1136973383993922,0.2508960573476715,0.9018759018758926,0.24206349206350808,Stable,40,DEXINUS,83.91,,
2024-08-26,,-0.00047670122750553823,83.86571428571428,83.62412698412697,1.1322342413300897,0.20310633213860285,0.6480259210368544,0.2415873015873018,Stable,40,DEXINUS,83.87,,
2024-08-27,,0.00047692857994507953,83.87333333333333,83.63412698412698,1.1262788291436545,0.19104477611939785,0.7564841498558961,0.23920634920635564,Stable,40,DEXINUS,83.91,,
2024-08-28,,-0.00011917530687632905,83.88285714285715,83.64158730158731,1.101381053635292,0.2389486260454099,0.5633465180390651,0.2412698412698404,Stable,40,DEXINUS,83.9,,
2024-08-29,,-0.0007151370679380209,83.88809523809525,83.65269841269843,1.1336610439857988,0.13137465663441983,0.8419533317296057,0.23539682539681905,Stable,40,DEXINUS,83.84,,
2024-08-30,,-0.00011927480916040789,83.89428571428572,83.65761904761905,1.1254694419348354,0.155316606929512,0.3711685823754918,0.23666666666666458,Stable,40,DEXINUS,83.83,,
2024-09-02,,0.0,83.89619047619048,83.66492063492063,1.0649664601045365,0.04773839360303622,0.5517572268201931,0.2312698412698495,Trending,80,DEXINUS,83.83,,
2024-09-03,,0.0013121794107120444,83.90142857142857,83.67238095238095,1.1460278762008997,0.13121794107120444,0.5630765544506922,0.22904761904761983,Stable,40,DEXINUS,83.94,,
2024-09-04,,0.00011913271384322854,83.90333333333334,83.68142857142855,1.0997400528724548,0.04767012275057603,0.6836171743823449,0.22190476190478137,Stable,40,DEXINUS,83.95,,
2024-09-05,,0.00011911852293011727,83.90333333333334,83.68873015873015,1.0806792537998982,0.0,0.5508982035927978,0.2146031746031838,Trending,80,DEXINUS,83.96,,
2024-09-06,,-0.0005955216769890637,83.90142857142857,83.6952380952381,1.0997410090278876,-0.047647409172135724,0.4910179640718493,0.20619047619047137,Trending,80,DEXINUS,83.91,,
2024-09-09,,0.00023835061375288014,83.90190476190476,83.70095238095237,1.0962395886998277,0.011916110581511319,0.4307765944717268,0.200952380952387,Stable,40,DEXINUS,83.93,,
2024-09-10,,0.00023829381627549218,83.90333333333334,83.70777777777776,1.099181945713208,0.03574833174451175,0.5148467432950277,0.1955555555555719,Stable,40,DEXINUS,83.95,,
2024-09-11,,0.0,83.90238095238095,83.71428571428571,1.0788571529431876,-0.023818030248889954,0.4907828585108964,0.18809523809524364,Trending,80,DEXINUS,83.95,,
2024-09-12,,-0.0003573555687909069,83.90285714285714,83.72063492063494,1.056374652102813,0.011917530687655109,0.47892720306514924,0.18222222222220807,Trending,80,DEXINUS,83.92,,
2024-09-13,,-0.00047664442326034173,83.89999999999999,83.7279365079365,1.0609003588228225,-0.07147962830593713,0.5514265164229037,0.17206349206348648,Trending,80,DEXINUS,83.88,,
2024-09-16,,0.00011921793037683592,83.89714285714287,83.73539682539682,1.060901907424715,-0.07147111375819248,0.5634140493886441,0.1617460317460484,Trending,80,DEXINUS,83.89,,
2024-09-17,,-0.0016688520681845675,83.89380952380952,83.73746031746032,1.083131301619522,-0.08351228823668677,0.15546519971298967,0.1563492063492049,Stable,40,DEXINUS,83.75,,
2024-09-18,,0.0,83.89190476190477,83.74095238095238,1.0769552038878676,-0.04773839360305843,0.26337842691248614,0.15095238095238983,Stable,40,DEXINUS,83.75,,
2024-09-19,,-0.0008358208955222546,83.88,83.74507936507938,0.9187896113185597,-0.2978672703443319,0.31167585710860646,0.13492063492061845,Trending,80,DEXINUS,83.68,,
2024-09-20,,-0.0013145315487573805,83.86285714285715,83.74777777777777,1.0022638874578262,-0.4289288692958526,0.20383693045562534,0.11507936507938155,Stable,40,DEXINUS,83.57,,
2024-09-23,,-0.0004786406605240545,83.84476190476191,83.74746031746031,1.0067337722503051,-0.45286616613037234,-0.02393776181927043,0.09730158730160099,Stable,40,DEXINUS,83.53,,
2024-09-24,,0.0015563270681191455,83.8347619047619,83.75095238095238,1.1729858875802235,-0.2503875044712167,0.2636625119846636,0.08380952380952067,Stable,40,DEXINUS,83.66,,
2024-09-25,,-0.0011953143676786127,83.81809523809524,83.75460317460318,1.2084236778568525,-0.4171135740674514,0.27601104044161495,0.06349206349206327,Stable,40,DEXINUS,83.56,,
2024-09-26,,0.0004786979415987158,83.80380952380952,83.75714285714287,1.2309225777706427,-0.35756853396902155,0.19175455417066445,0.046666666666652645,Stable,40,DEXINUS,83.6,,
2024-09-27,,0.000956937799043267,83.79619047619047,83.76,1.2732187064156038,-0.1908396946564861,0.21556886227545036,0.03619047619046967,Stable,40,DEXINUS,83.68,,
2024-09-30,,0.0009560229445506607,83.79285714285714,83.76444444444444,1.3236622471828992,-0.08350232613622,0.33540967896501517,0.028412698412708437,Stable,40,DEXINUS,83.76,,
2024-10-01,,0.0005969436485195878,83.79190476190476,83.76968253968255,1.3419302761018788,-0.02385780746748667,0.3953042644944782,0.022222222222211485,Stable,40,DEXINUS,83.81,,
2024-10-02,,0.0,83.78571428571429,83.77507936507936,1.2529376384638167,-0.154872527996186,0.40733197556008793,0.01063492063492788,Stable,40,DEXINUS,83.81,,
2024-10-03,,0.0022670325736784402,83.78809523809525,83.78380952380952,1.4925614230247826,0.05955926146514745,0.6590772917914878,0.004285714285728659,Stable,40,DEXINUS,84.0,,
2024-10-04,,-0.00011904761904768524,83.7895238095238,83.79206349206349,1.4930251541998145,0.03573130061933494,0.6229783155624835,-0.002539682539691057,Stable,40,DEXINUS,83.99,,
2024-10-07,,-0.0003571853792118107,83.79190476190476,83.79936507936507,1.4829450734945813,0.05958765343820893,0.5508982035927978,-0.007460317460314059,Stable,40,DEXINUS,83.96,,
2024-10-08,,-0.00011910433539774612,83.79285714285713,83.80539682539684,1.4817494257535269,0.023829381627549218,0.45470862749792396,-0.012539682539710384,Stable,40,DEXINUS,83.95,,
2024-10-09,,-0.0002382370458605676,83.79190476190476,83.81253968253968,1.4817650850300073,-0.02382370458605676,0.5390512697652117,-0.020634920634918785,Stable,40,DEXINUS,83.93,,
2024-10-10,,0.00011914690813763507,83.79142857142858,83.81873015873016,1.4824505028167119,-0.011911852293033931,0.46678635547576786,-0.02730158730157939,Stable,40,DEXINUS,83.94,,
2024-10-11,,0.0016678579938051996,83.79904761904761,83.8263492063492,1.584343298276435,0.19065776930409228,0.5741626794258492,-0.0273015873015936,Stable,40,DEXINUS,84.08,,
2024-10-14,,0.0,83.80857142857143,83.8347619047619,1.571369605566198,0.2384358607534498,0.6343506882106498,-0.026190476190478762,Stable,40,DEXINUS,84.08,,
2024-10-15,,-0.0004757373929590303,83.81571428571428,83.84206349206349,1.5845751924976714,0.17880557873406477,0.5503709021297043,-0.026349206349209453,Stable,40,DEXINUS,84.04,,
2024-10-16,,-0.00035697287006186684,83.82809523809523,83.84698412698414,1.4619878999281102,0.3104477611940437,0.37037037037037646,-0.018888888888909605,Stable,40,DEXINUS,84.01,,
2024-10-17,,0.0003571003451969812,83.84190476190477,83.85317460317461,1.462665743740856,0.3462686567164308,0.46622833233711525,-0.011269841269836434,Stable,40,DEXINUS,84.04,,
2024-10-18,,-0.00011899095668732595,83.85857142857142,83.85873015873017,1.4213581456862328,0.41826003824090296,0.41826003824090296,-0.00015873015874490193,Stable,40,DEXINUS,84.03,,
2024-10-21,,0.0004760204688800673,83.88238095238096,83.86428571428571,1.3122434192359174,0.5983008256551292,0.4180602006688794,0.01809523809524194,Stable,40,DEXINUS,84.07,,
2024-10-22,,-0.00011894849530147411,83.90761904761905,83.87,1.2916432853606659,0.6345025739255439,0.43010752688172893,0.03761904761904589,Stable,40,DEXINUS,84.06,,
2024-10-23,,0.0,83.92666666666666,83.87571428571428,1.211149978101824,0.47812574707148947,0.43010752688172893,0.050952380952381304,Stable,40,DEXINUS,84.06,,
2024-10-24,,-0.0001189626457293036,83.95,83.88047619047617,1.1045359508723522,0.5864049784585879,0.358208955223871,0.06952380952382953,Stable,40,DEXINUS,84.05,,
2024-10-25,,0.00011897679952421747,83.97190476190477,83.88619047619048,1.1033572764097521,0.5502392344497675,0.43010752688172893,0.08571428571428896,Stable,40,DEXINUS,84.06,,
2024-10-28,,-0.0001189626457293036,83.9895238095238,83.89126984126985,1.0806341903855936,0.4421606118546695,0.3821808193001264,0.09825396825395671,Stable,40,DEXINUS,84.05,,
2024-10-29,,-0.00011897679952399542,84.00285714285714,83.89666666666668,1.0509221210143134,0.3342884431709603,0.4062126642771835,0.10619047619046285,Stable,40,DEXINUS,84.04,,
2024-10-30,,0.0003569728700616448,84.0152380952381,83.90111111111112,1.04157213709539,0.31022551008232924,0.3341687552213646,0.11412698412698319,Stable,40,DEXINUS,84.07,,
2024-10-31,,-0.00011894849530147411,84.02714285714285,83.9047619047619,1.0445085346185126,0.29829375969454563,0.27436478587619106,0.1223809523809507,Stable,40,DEXINUS,84.06,,
2024-11-01,,-0.00035688793718768874,84.02857142857142,83.90666666666667,0.7156079256569734,0.03571428571429447,0.14301036825170588,0.12190476190475863,Trending,80,DEXINUS,84.03,,
2024-11-04,,0.0009520409377603567,84.03428571428572,83.90904761904761,0.7829521257586514,0.14287415168472428,0.1786565030967191,0.12523809523810314,Trending,80,DEXINUS,84.11,,
2024-11-05,,-0.00011889192723824049,84.04095238095239,83.91142857142857,0.7709016980700811,0.16674606955693339,0.17867778439546456,0.1295238095238176,Trending,80,DEXINUS,84.1,,
2024-11-06,,0.0024970273483948535,84.05809523809523,83.91761904761904,1.1334396588732651,0.4288266825491327,0.4647283126787416,0.14047619047619264,Stable,40,DEXINUS,84.31,,
2024-11-07,,0.0007116593523899262,84.07904761904763,83.92476190476191,1.134501959679039,0.5242463958060162,0.5362249761677873,0.15428571428572013,Stable,40,DEXINUS,84.37,,
2024-11-08,,-0.00035557662676310997,84.09809523809524,83.93063492063492,1.1531279282763867,0.47653085537289197,0.4406335596046196,0.16746031746032486,Stable,40,DEXINUS,84.34,,
2024-11-11,,0.0,84.11047619047619,83.9374603174603,1.028482869681799,0.30922930542340854,0.5124538195685924,0.17301587301588484,Stable,40,DEXINUS,84.34,,
2024-11-12,,0.000474270808631605,84.12476190476191,83.94444444444444,1.0330401439649064,0.35680304471930047,0.5241839409101612,0.1803174603174682,Stable,40,DEXINUS,84.38,,
2024-11-13,,0.00011851149561503682,84.14142857142858,83.95142857142858,1.0064169711144417,0.4164683484055187,0.5241215008933819,0.18999999999999773,Stable,40,DEXINUS,84.39,,
2024-11-14,,0.0003554923569142332,84.16095238095238,83.96095238095238,0.986978402625726,0.4880371384359039,0.7158196134574135,0.20000000000000284,Stable,40,DEXINUS,84.42,,
2024-11-15,,-0.00011845534233601018,84.17857142857143,83.97079365079365,0.9931153049760921,0.4402665397429617,0.739945100847339,0.20777777777777828,Stable,40,DEXINUS,84.41,,
2024-11-18,,-0.00047387750266547624,84.1947619047619,83.97777777777779,1.015263357481468,0.40461739854813494,0.5242463958060162,0.21698412698411573,Stable,40,DEXINUS,84.37,,
2024-11-19,,-0.000118525542254444,84.20857142857143,83.98460317460317,1.0152335412457252,0.34495063637445256,0.5123317049922527,0.22396825396826614,Stable,40,DEXINUS,84.36,,
2024-11-20,,0.0005926979611190486,84.2252380952381,83.99253968253967,1.0201450156731855,0.41636926005232944,0.5958765343820671,0.23269841269842573,Stable,40,DEXINUS,84.41,,
2024-11-21,,0.0008292856296647777,84.2452380952381,84.00222222222223,1.0401095174056736,0.49964311206280865,0.7273160844163629,0.2430158730158638,Stable,40,DEXINUS,84.48,,
2024-11-22,,-0.00047348484848497296,84.26380952380953,84.01063492063493,1.0624322022858017,0.46400951814395963,0.6316291264450102,0.2531746031745996,Stable,40,DEXINUS,84.44,,
2024-11-25,,-0.002368545712932324,84.27238095238096,84.01603174603174,1.3910606130783998,0.21413276231263545,0.40524433849820074,0.25634920634921343,Stable,40,DEXINUS,84.24,,
2024-11-26,,0.00035612535612528085,84.28285714285714,84.02285714285713,1.3912774790715268,0.261748958953012,0.5128816793892987,0.2600000000000051,Trending,80,DEXINUS,84.27,,
2024-11-27,,0.0016613266880265432,84.3004761904762,84.03206349206349,1.4854628012322788,0.4402665397429617,0.6918764165573243,0.26841269841271753,Trending,80,DEXINUS,84.41,,
2024-11-28,,0.0,84.31666666666666,84.04126984126984,1.486148272070039,0.4044248840252118,0.6918764165573243,0.2753968253968253,Trending,80,DEXINUS,84.41,,
2024-11-29,,0.0008292856296647777,84.33666666666666,84.04984126984128,1.497358020909865,0.49964311206280865,0.6433166547534119,0.2868253968253782,Trending,80,DEXINUS,84.48,,
2024-12-02,,0.0030776515151513806,84.37047619047618,84.06238095238096,1.7728273759128281,0.8449363322622805,0.9410363311494807,0.30809523809521977,Trending,80,DEXINUS,84.74,,
2024-12-03,,-0.0007080481472738764,84.39761904761906,84.07380952380953,1.8008998803957086,0.6776839852574046,0.8575512148642384,0.32380952380952976,Trending,80,DEXINUS,84.68,,
2024-12-04,,0.00011809163911191689,84.42571428571429,84.08619047619047,1.7954478164036705,0.7015457788347224,0.9295673936360327,0.33952380952382555,Stable,40,DEXINUS,84.69,,
2024-12-05,,-0.00011807769512328647,84.44333333333333,84.09809523809524,1.6181939245722414,0.4388566006404915,0.8936018110329957,0.3452380952380878,Trending,80,DEXINUS,84.68,,
2024-12-06,,-0.00011809163911202791,84.45761904761905,84.10952380952382,1.6112334808226059,0.35557662676306556,0.8576533650982654,0.348095238095226,Trending,80,DEXINUS,84.67,,
2024-12-09,,0.0005905279319711187,84.47571428571429,84.12174603174603,1.6057063165573406,0.45055726820013575,0.917212626563435,0.3539682539682616,Trending,80,DEXINUS,84.72,,
2024-12-10,,0.0014164305949009304,84.49952380952381,84.1363492063492,1.6560355932434874,0.5928385107896617,1.096282173498575,0.36317460317461325,Trending,80,DEXINUS,84.84,,
2024-12-11,,-0.00047147571900052476,84.5195238095238,84.15095238095239,1.6745057280780635,0.4977482815833101,1.0968049594659135,0.3685714285714141,Trending,80,DEXINUS,84.8,,
2024-12-12,,0.0004716981132075748,84.54095238095239,84.16603174603175,1.6758261098849716,0.533238535371483,1.132435331982351,0.37492063492064176,Trending,80,DEXINUS,84.84,,
2024-12-13,,-0.0007072135785007871,84.55809523809523,84.18238095238095,1.7078301913397111,0.4264392324093702,1.229850746268668,0.375714285714281,Trending,80,DEXINUS,84.78,,
2024-12-16,,0.0012974758197688008,84.58095238095237,84.2004761904762,1.7442745828313375,0.5686530031986825,1.361194029850754,0.3804761904761733,Trending,80,DEXINUS,84.89,,
2024-12-17,,0.00023559901048408882,84.60666666666667,84.22,1.723307099026316,0.6400379281735091,1.469885277246652,0.38666666666667027,Trending,80,DEXINUS,84.91,,
2024-12-18,,0.0004710870333295425,84.6347619047619,84.24190476190476,1.7171671092623013,0.6993835941204507,1.6513102788082046,0.3928571428571388,Trending,80,DEXINUS,84.95,,
2024-12-19,,0.001648028251912903,84.66714285714286,84.26666666666667,1.7752490998358073,0.8055917545314539,1.8675924817430856,0.40047619047619776,Trending,80,DEXINUS,85.09,,
2024-12-20,,-0.0008226583617346739,84.69285714285714,84.28825396825397,1.8146872746605665,0.6392045454545414,1.6256275400430287,0.4046031746031673,Trending,80,DEXINUS,85.02,,
2024-12-23,,0.0009409550693955104,84.72428571428571,84.31269841269841,1.804442165972871,0.7816200852676314,1.8429870751555777,0.4115873015873035,Trending,80,DEXINUS,85.1,,
2024-12-24,,0.0004700352526441076,84.76714285714286,84.33714285714285,1.5043090493582774,1.0683760683760646,1.8421052631579116,0.4300000000000068,Trending,80,DEXINUS,85.14,,
2024-12-25,,0.0,84.80857142857143,84.36031746031748,1.5138261247060751,1.0323958704165248,1.7447418738049558,0.44825396825395103,Trending,80,DEXINUS,85.14,,
2024-12-26,,0.0012919896640826156,84.84857142857143,84.38396825396826,1.4828982546962555,0.9951427555976888,1.778892072588345,0.4646031746031696,Trending,80,DEXINUS,85.25,,
2024-12-27,,0.0032844574780059865,84.90190476190476,84.41126984126984,1.7614735808196404,1.3268570074635777,2.052261066698491,0.49063492063491765,Trending,80,DEXINUS,85.53,,
2024-12-30,,-0.00070150824272186,84.94904761904762,84.43761904761905,1.818383861944358,1.171875,1.9806705643717892,0.5114285714285671,Volatile Breakout,160,DEXINUS,85.47,,
2024-12-31,,0.0009360009360008803,84.98761904761905,84.46222222222222,1.5797982001658704,0.9558649988199219,1.8452380952380887,0.5253968253968253,Volatile Breakout,160,DEXINUS,85.55,,
2025-01-01,,0.0,85.02904761904762,84.48698412698411,1.532531899976815,1.0273972602739656,1.8573639719014157,0.5420634920635052,Volatile Breakout,160,DEXINUS,85.55,,
2025-01-02,,0.0023378141437755406,85.0795238095238,84.51539682539683,1.6532963145526227,1.2516235683079469,2.131967603620777,0.5641269841269718,Volatile Breakout,160,DEXINUS,85.75,,
2025-01-03,,0.0,85.13047619047619,84.54396825396825,1.6473928345014959,1.263580538497866,2.1441334127456857,0.5865079365079424,Volatile Breakout,160,DEXINUS,85.75,,
2025-01-06,,-0.0005830903790087216,85.17952380952381,84.57206349206349,1.6804269659915834,1.2164875398606334,2.108900274037895,0.6074603174603226,Volatile Breakout,160,DEXINUS,85.7,,
2025-01-07,,0.0004667444574095736,85.22809523809524,84.60063492063492,1.6808436497965353,1.2039660056657242,2.1443888491779806,0.6274603174603186,Volatile Breakout,160,DEXINUS,85.74,,
2025-01-08,,0.00174947515745294,85.27809523809525,84.62936507936507,1.705735840170838,1.2376237623762387,2.1527117031398646,0.6487301587301744,Volatile Breakout,160,DEXINUS,85.89,,
2025-01-09,,-0.00023285597857725104,85.32904761904763,84.65777777777777,1.6890092394210798,1.2617924528302016,2.1289248334919186,0.6712698412698614,Volatile Breakout,160,DEXINUS,85.87,,
2025-01-10,,0.0010480959590075667,85.38238095238096,84.68825396825396,1.695376697638058,1.320132013201314,2.284626368395992,0.6941269841269957,Volatile Breakout,160,DEXINUS,85.96,,
2025-01-13,,0.008492322010237308,85.47333333333333,84.73079365079364,3.152939751223239,2.252889832507665,3.1900964170932022,0.7425396825396859,Volatile Breakout,160,DEXINUS,86.69,,
2025-01-14,,-0.0006921213519437419,85.55619047619048,84.77190476190476,3.2091515883034516,2.04971139121215,3.081865778200843,0.7842857142857156,Volatile Breakout,160,DEXINUS,86.63,,
2025-01-15,,-0.0030012697679786537,85.6257142857143,84.80904761904762,3.486233725141773,1.7194676716523416,2.78471974294896,0.8166666666666771,Volatile Breakout,160,DEXINUS,86.37,,
2025-01-16,,0.0023156188491373353,85.70285714285714,84.84873015873016,3.52171797529864,1.90700412007061,2.9737123825383627,0.8541269841269781,Volatile Breakout,160,DEXINUS,86.57,,
2025-01-17,,-0.0002310269146355015,85.77238095238096,84.88825396825396,3.531724029201433,1.7158302973322215,2.962169878658094,0.8841269841269934,Volatile Breakout,160,DEXINUS,86.55,,
2025-01-20,,0.0,85.8452380952381,84.92777777777778,3.4950304939896903,1.7995765702187638,2.962169878658094,0.9174603174603249,Volatile Breakout,160,DEXINUS,86.55,,
2025-01-21,,0.00034662045060662727,85.91571428571429,84.96793650793651,3.4991857037784015,1.7391304347826209,3.010113027959549,0.9477777777777732,Volatile Breakout,160,DEXINUS,86.58,,
2025-01-22,,-0.002772002772002735,85.97285714285715,85.00412698412698,3.7140980318283208,1.4094432699083947,2.712348322626701,0.9687301587301675,Trending,80,DEXINUS,86.34,,
2025-01-23,,0.0009265693768820693,86.03380952380952,85.04174603174603,3.7069218718667147,1.5034061545689426,2.819750148721001,0.9920634920634939,Volatile Breakout,160,DEXINUS,86.42,,
2025-01-24,,-0.002545707012265641,86.07904761904761,85.07603174603175,3.8664047629387395,1.1143695014662836,2.570204664445508,1.003015873015869,Trending,80,DEXINUS,86.2,,
2025-01-27,,0.0016241299303945134,86.11761904761904,85.1120634920635,3.758683006151853,0.9470361276745054,2.700130843344839,1.0055555555555458,Trending,80,DEXINUS,86.34,,
2025-01-28,,0.0020847810979847115,86.16761904761904,85.1511111111111,3.774870973257026,1.228501228501222,2.926481084939314,1.016507936507935,Volatile Breakout,160,DEXINUS,86.52,,
2025-01-29,,0.0010402219140084323,86.21809523809523,85.19206349206348,3.7762668763886746,1.2390414962010654,3.070332024277045,1.026031746031748,Volatile Breakout,160,DEXINUS,86.61,,
2025-01-30,,-0.0006927606511950568,86.26571428571428,85.23079365079364,3.7974532119528823,1.1689070718877925,2.9009630246106255,1.0349206349206383,Volatile Breakout,160,DEXINUS,86.55,,
2025-01-31,,-0.00011554015020209807,86.30333333333334,85.2695238095238,3.7471976233251727,0.9212827988338335,2.9013079667063124,1.0338095238095377,Volatile Breakout,160,DEXINUS,86.54,,
2025-02-03,,0.007510977582620759,86.37190476190476,85.3152380952381,4.4698445294081175,1.6793002915451938,3.4159648914719343,1.0566666666666578,Volatile Breakout,160,DEXINUS,87.19,,
2025-02-04,,-0.0014909966739304892,86.43666666666667,85.3579365079365,4.515994167356691,1.586931155192528,3.188337086642168,1.078730158730167,Volatile Breakout,160,DEXINUS,87.06,,
2025-02-05,,0.0002297266253157293,86.50047619047619,85.40142857142857,4.518638534532904,1.5628644739911435,3.248755039127338,1.0990476190476244,Volatile Breakout,160,DEXINUS,87.08,,
2025-02-06,,0.00562700964630225,86.58047619047618,85.45269841269842,4.817281354978709,1.9559902200488866,3.8297367797011983,1.1277777777777516,Volatile Breakout,160,DEXINUS,87.57,,
2025-02-07,,-0.0015987210231812599,86.6547619047619,85.5011111111111,4.881533445022612,1.8166996622801967,3.6146006162598,1.1536507936507974,Volatile Breakout,160,DEXINUS,87.43,,
2025-02-10,,0.00022875443211711755,86.72571428571429,85.54968253968254,4.885851191162371,1.7333643555142109,3.6260220405261334,1.1760317460317538,Volatile Breakout,160,DEXINUS,87.45,,
2025-02-11,,-0.007890222984562545,86.72904761904762,85.58682539682539,4.941329898294076,0.08074749106010692,2.771855010660995,1.1422222222222302,Volatile Breakout,160,DEXINUS,86.76,,
2025-02-12,,0.0016136468418626038,86.74190476190476,85.6263492063492,4.962615793095393,0.3116703220593431,2.9498874540931252,1.1155555555555594,Volatile Breakout,160,DEXINUS,86.9,,
2025-02-13,,-0.00011507479861916359,86.76666666666667,85.6663492063492,4.830436164991633,0.6020609007757249,2.9868436648097685,1.10031746031747,Volatile Breakout,160,DEXINUS,86.89,,
2025-02-14,,-0.0008056162964669156,86.77857142857142,85.70539682539683,4.786349174767591,0.2887836432944546,2.916073968705546,1.0731746031745928,Volatile Breakout,160,DEXINUS,86.82,,
2025-02-17,,0.0,86.79142857142858,85.7436507936508,4.784751415689783,0.31195840554592014,2.855111953560008,1.0477777777777817,Volatile Breakout,160,DEXINUS,86.82,,
2025-02-18,,0.0016125316747293006,86.81095238095239,85.78301587301587,4.8108048969022175,0.47371461582899066,2.9356060606060552,1.0279365079365164,Volatile Breakout,160,DEXINUS,86.96,,
2025-02-19,,0.0,86.82904761904761,85.82301587301588,4.811239558345607,0.43890043890042474,2.984367598294635,1.0060317460317378,Volatile Breakout,160,DEXINUS,86.96,,
2025-02-20,,-0.0035648574057036697,86.84380952380953,85.86126984126983,4.880558335518629,0.3590456335418102,2.8608736942070445,0.982539682539695,Volatile Breakout,160,DEXINUS,86.65,,
2025-02-21,,0.0005770340450086398,86.85714285714286,85.89984126984127,4.87527705926966,0.3239990742883503,2.8835884656461364,0.9573015873015862,Volatile Breakout,160,DEXINUS,86.7,,
2025-02-24,,0.000230680507496972,86.88190476190476,85.93650793650794,4.77507078563809,0.603248259860778,2.736642577893611,0.945396825396827,Trending,80,DEXINUS,86.72,,
2025-02-25,,0.005535055350553542,86.92285714285714,85.98079365079364,5.094198713640034,0.9960620801482412,3.3052955810922935,0.9420634920634967,Volatile Breakout,160,DEXINUS,87.2,,
2025-02-26,,0.0,86.95523809523809,86.02396825396826,5.062384525515107,0.7859454461396354,3.2196969696969724,0.9312698412698239,Volatile Breakout,160,DEXINUS,87.2,,
2025-02-27,,-0.00034403669724769603,86.98190476190477,86.0625396825397,5.06226930951362,0.6465766077820234,2.867594996459766,0.9193650793650789,Volatile Breakout,160,DEXINUS,87.17,,
2025-02-28,,0.00378570609154516,87.02714285714286,86.10730158730159,5.1864883033268026,1.0976314269208531,3.330184222957011,0.919841269841271,Volatile Breakout,160,DEXINUS,87.5,,
2025-03-03,,-0.0017142857142857792,87.06571428571428,86.14952380952381,5.240654823817695,0.9359833602958112,3.140866690282196,0.9161904761904651,Volatile Breakout,160,DEXINUS,87.35,,
2025-03-04,,-0.0010303377218087162,87.06904761904762,86.19047619047619,4.584593383010559,0.08028443628858017,3.0467642890883218,0.8785714285714334,Trending,80,DEXINUS,87.26,,
2025-03-05,,-0.0035526014210406354,87.06380952380952,86.22666666666666,4.724939175336193,-0.12634964392372883,2.6928073697885857,0.8371428571428652,Trending,80,DEXINUS,86.95,,
2025-03-06,,0.001840138010350767,87.06523809523809,86.26460317460318,4.769927489862889,0.034451079467157086,2.821057601510857,0.8006349206349057,Trending,80,DEXINUS,87.11,,
2025-03-07,,-0.002640339800252578,87.03238095238096,86.29698412698413,4.390225230650825,-0.7879410757108518,2.4045261669023876,0.7353968253968333,Stable,40,DEXINUS,86.88,,
2025-03-10,,0.0044889502762430755,87.0247619047619,86.33619047619048,4.6734187969582806,-0.18300354569370514,2.9127358490566024,0.6885714285714215,Trending,80,DEXINUS,87.27,,
2025-03-11,,-0.001260456055918402,87.01095238095238,86.37301587301587,4.689343658818944,-0.33161806746713207,2.7345591702027328,0.6379365079365016,Trending,80,DEXINUS,87.16,,
2025-03-12,,0.0,87.03,86.41079365079365,3.7521212935621695,0.4610419548178868,2.8072658645907023,0.6192063492063511,Stable,40,DEXINUS,87.16,,
2025-03-13,,-0.0018357044515832088,87.03476190476191,86.44428571428571,3.781040090986438,0.11507479861909697,2.4855695606078365,0.5904761904761955,Stable,40,DEXINUS,87.0,,
2025-03-14,,0.0,87.03999999999999,86.47746031746031,3.780588545545924,0.12659684658764547,2.46142974914616,0.5625396825396791,Stable,40,DEXINUS,87.0,,
2025-03-17,,-0.0024137931034482474,87.03857142857143,86.50666666666667,3.8671942798641092,-0.03455425017275804,2.1659799882283837,0.5319047619047552,Stable,40,DEXINUS,86.79,,
2025-03-18,,-0.003341398778661242,87.02333333333333,86.52904761904762,4.035282484056247,-0.368578668509556,1.6570689857797527,0.49428571428570933,Stable,40,DEXINUS,86.5,,
2025-03-19,,-0.0008092485549132666,86.99809523809525,86.55142857142857,3.987200896561865,-0.6094756209751417,1.6584333098094595,0.44666666666667254,Stable,40,DEXINUS,86.43,,
2025-03-20,,-0.0013884068031934094,86.96714285714286,86.57063492063493,4.003536171493513,-0.7474701011959461,1.4218566392479426,0.3965079365079305,Stable,40,DEXINUS,86.31,,
2025-03-21,,-0.003475842891901282,86.93666666666667,86.58444444444444,3.994650425408819,-0.7386035776110744,1.0218463706835879,0.352222222222224,Stable,40,DEXINUS,86.01,,
2025-03-24,,-0.0052319497732822295,86.88238095238096,86.5911111111111,4.318515141028575,-1.314878892733562,0.49330514446794815,0.2912698412698518,Stable,40,DEXINUS,85.56,,
2025-03-25,,0.0024544179523140475,86.83714285714285,86.59936507936507,4.441098850045252,-1.0954797047970533,0.6099706744868039,0.23777777777777942,Stable,40,DEXINUS,85.77,,
2025-03-26,,-0.0006995452955579351,86.76619047619049,86.60222222222221,3.8566197988692483,-1.7087155963302902,0.2104524728165469,0.16396825396827808,Trending,80,DEXINUS,85.71,,
2025-03-27,,0.0009333800023336725,86.69904761904762,86.60730158730158,3.8949145695969865,-1.6169724770642158,0.3744003744003743,0.09174603174604101,Trending,80,DEXINUS,85.79,,
2025-03-28,,-0.003263783657769026,86.62,86.60666666666667,3.984676483233044,-1.904324882413666,-0.04675628287550415,0.013333333333335418,Trending,80,DEXINUS,85.51,,
2025-03-31,,-0.0009355630920360181,86.52142857142857,86.60476190476192,3.600440924746856,-2.365714285714282,-0.14026884862652356,-0.08333333333334281,Trending,80,DEXINUS,85.43,,
2025-04-01,,0.000351164696242412,86.43142857142857,86.60015873015874,3.6296853917853,-2.163709215798515,-0.3381924198250785,-0.1687301587301704,Trending,80,DEXINUS,85.46,,
2025-04-02,,0.0007020828457757755,86.34857142857143,86.59650793650793,3.6794542381835376,-1.9940407976163255,-0.2682215743440297,-0.24793650793650102,Trending,80,DEXINUS,85.52,,
2025-04-03,,-0.00093545369504211,86.27666666666667,86.59238095238096,3.5563863279059795,-1.7366302472685557,-0.30338389731622284,-0.31571428571429294,Trending,80,DEXINUS,85.44,,
2025-04-04,,-0.002340823970037431,86.18761904761904,86.58444444444444,3.454084542882914,-2.1467110549879487,-0.5831583858175837,-0.3968253968254061,Trending,80,DEXINUS,85.24,,
2025-04-07,,0.007156264664476719,86.13857142857144,86.58380952380953,4.4128727052763725,-1.1855432780847108,-0.04657119571546131,-0.4452380952380963,Trending,80,DEXINUS,85.85,,
2025-04-08,,0.004542807221898704,86.08952380952381,86.58968253968254,4.420675635740551,-1.180245215996334,0.43088389425876006,-0.5001587301587307,Trending,80,DEXINUS,86.24,,
2025-04-09,,0.004638218923933346,86.0647619047619,86.60047619047619,4.762220863003186,-0.5966039467645623,0.7910656119125337,-0.5357142857142918,Stable,40,DEXINUS,86.64,,
2025-04-10,,0.0005771006463526351,86.04238095238095,86.60047619047619,4.770694335951614,-0.5392381826525905,0.0,-0.558095238095234,Trending,80,DEXINUS,86.69,,
2025-04-11,,-0.007267274195408846,85.99761904761905,86.59142857142857,5.335343795163767,-1.0804597701149388,-0.6579706799030305,-0.5938095238095116,Trending,80,DEXINUS,86.06,,
2025-04-14,,-0.0004647920055775856,85.95095238095239,86.58587301587302,5.332154551543527,-1.126436781609197,-0.40523329859906143,-0.6349206349206327,Volatile Breakout,160,DEXINUS,86.02,,
2025-04-15,,-0.0030225528946755675,85.90190476190476,86.57301587301588,5.363275909652381,-1.186772669662406,-0.935659004273981,-0.6711111111111165,Volatile Breakout,160,DEXINUS,85.76,,
2025-04-16,,-0.001049440298507509,85.86238095238096,86.55904761904762,5.271652318859828,-0.959537572254332,-1.0167533217793179,-0.6966666666666583,Volatile Breakout,160,DEXINUS,85.67,,
2025-04-17,,-0.003501809268121825,85.81190476190476,86.54031746031745,5.3760118191728195,-1.2264260094874468,-1.3633737723859007,-0.7284126984126971,Volatile Breakout,160,DEXINUS,85.37,,
2025-04-18,,0.0007028230057397611,85.77,86.52206349206348,5.385287261301334,-1.0195805816243686,-1.3282513282513175,-0.7520634920634848,Volatile Breakout,160,DEXINUS,85.43,,
2025-04-21,,-0.0029263724686877657,85.73047619047618,86.50365079365079,5.3500521908156236,-0.9650040692942619,-1.3435255964790338,-0.7731746031746098,Volatile Breakout,160,DEXINUS,85.18,,
2025-04-22,,0.0001173984503404224,85.71285714285715,86.48412698412699,5.0615311903545415,-0.4324450677886893,-1.4232816477667276,-0.7712698412698415,Volatile Breakout,160,DEXINUS,85.19,,
2025-04-23,,0.002699847399929567,85.69619047619047,86.47174603174602,5.078443738781864,-0.4080680890754307,-0.9048723897911892,-0.775555555555556,Volatile Breakout,160,DEXINUS,85.42,,
2025-04-24,,-0.0014048232264107785,85.67666666666666,86.45523809523809,5.0932183801593585,-0.47835725119589334,-1.2045401899467345,-0.7785714285714249,Volatile Breakout,160,DEXINUS,85.3,,
2025-04-25,,0.001524032825322541,85.6595238095238,86.43793650793651,5.114188081910989,-0.41962932742743986,-1.25982431807673,-0.7784126984127084,Volatile Breakout,160,DEXINUS,85.43,,
2025-04-28,,-0.004799250848648184,85.63619047619048,86.41269841269842,5.255963990374514,-0.5730323938720749,-1.8358157256667895,-0.7765079365079401,Volatile Breakout,160,DEXINUS,85.02,,
2025-04-29,,0.0029404845918608036,85.62857142857142,86.39238095238096,5.364358932377717,-0.18728783799603077,-1.4789139225880987,-0.7638095238095417,Volatile Breakout,160,DEXINUS,85.27,,
2025-04-30,,-0.009147414096399631,85.58238095238094,86.35984126984127,6.209822239456834,-1.1350339340042148,-2.3688467760573317,-0.7774603174603243,Volatile Breakout,160,DEXINUS,84.49,,
2025-05-01,,0.0010652148183216692,85.53761904761905,86.31841269841269,6.220211001707454,-1.099158091674457,-2.9934625530450787,-0.7807936507936404,Volatile Breakout,160,DEXINUS,84.58,,
2025-05-02,,-0.0009458500827618233,85.49285714285715,86.27777777777777,6.220299778637565,-1.100187265917596,-2.940500804043189,-0.7849206349206241,Volatile Breakout,160,DEXINUS,84.5,,
2025-05-05,,-0.002721893491124283,85.44666666666667,86.23317460317462,6.2357414090065015,-1.1379633974659797,-3.22691777675701,-0.7865079365079453,Volatile Breakout,160,DEXINUS,84.27,,
2025-05-06,,0.0021359914560341586,85.38,86.18365079365078,5.672337399055332,-1.6307513104251492,-3.5628639945186613,-0.8036507936507888,Volatile Breakout,160,DEXINUS,84.45,,
2025-05-07,,0.004381290704558838,85.31238095238095,86.14222222222222,5.653497389294891,-1.6465677179962945,-2.9852453391284617,-0.8298412698412676,Volatile Breakout,160,DEXINUS,84.82,,
2025-05-08,,0.0100212214100448,85.26619047619049,86.11396825396824,6.541780816476192,-1.1195752539242876,-2.0354488279016647,-0.8477777777777504,Volatile Breakout,160,DEXINUS,85.67,,
2025-05-09,,-0.0033850822925178825,85.20380952380953,86.09206349206349,6.601170003416912,-1.5111316184104329,-1.5905947441217316,-0.888253968253963,Volatile Breakout,160,DEXINUS,85.38,,
2025-05-12,,0.0,85.17142857142856,86.06793650793651,6.157630255756287,-0.7901464094817623,-1.749136939010365,-0.8965079365079447,Volatile Breakout,160,DEXINUS,85.38,,
2025-05-13,,-0.00035137034434296055,85.13952380952381,86.04349206349208,6.157536818663097,-0.7788886305510334,-1.772355852226959,-0.903968253968273,Volatile Breakout,160,DEXINUS,85.35,,
2025-05-14,,-0.0007029876977151517,85.11714285714285,86.01920634920636,6.083383611969069,-0.5480410447761153,-1.762266758811315,-0.9020634920635047,Volatile Breakout,160,DEXINUS,85.29,,
2025-05-15,,0.002696681908781695,85.11,85.99857142857142,6.159649589139074,-0.17509046340610235,-1.4973508408200886,-0.8885714285714243,Volatile Breakout,160,DEXINUS,85.52,,
2025-05-16,,-0.00035079513564084674,85.11571428571429,85.97523809523808,6.034292735710499,0.14056460114793,-1.6904323827046874,-0.8595238095237931,Volatile Breakout,160,DEXINUS,85.49,,
2025-05-19,,-0.0014036729442038487,85.11285714285715,85.95,6.050722490827542,-0.0702329392485157,-1.8284268629254696,-0.837142857142851,Volatile Breakout,160,DEXINUS,85.37,,
2025-05-20,,0.0030455663582054093,85.13428571428571,85.93380952380953,6.043747921673646,0.528293026532034,-1.1771494518176717,-0.7995238095238193,Trending,80,DEXINUS,85.63,,
2025-05-21,,0.00023356300362031845,85.15619047619047,85.91714285714285,6.0435417682056345,0.5399694799859134,-1.211072664359858,-0.760952380952375,Trending,80,DEXINUS,85.65,,
2025-05-22,,0.003736135434909471,85.18238095238095,85.9052380952381,6.106515972718085,0.6438773121048902,-0.8648523985239853,-0.7228571428571513,Trending,80,DEXINUS,85.97,,
2025-05-23,,-0.009305571711061944,85.17619047619047,85.87301587301587,6.94260456690305,-0.1524032825322319,-2.327981651376143,-0.6968253968254032,Volatile Breakout,160,DEXINUS,85.17,,
2025-05-26,,0.0,85.16380952380953,85.84079365079364,6.918726298266469,-0.30434273674353474,-2.327981651376143,-0.6769841269841095,Volatile Breakout,160,DEXINUS,85.17,,
2025-05-27,,0.0015263590466125798,85.17714285714285,85.8111111111111,6.725848215363929,0.32933427428840645,-2.14523345187565,-0.6339682539682485,Volatile Breakout,160,DEXINUS,85.3,,
2025-05-28,,0.001055099648300084,85.18285714285715,85.77761904761904,6.659202685559111,0.14072944763692252,-2.4114285714285755,-0.5947619047618957,Volatile Breakout,160,DEXINUS,85.39,,
2025-05-29,,0.0011710973181870976,85.2304761904762,85.74809523809525,5.756729571727442,1.1835720203574374,-2.1293646250715503,-0.5176190476190499,Trending,80,DEXINUS,85.49,,
2025-05-30,,0.00011697274535049651,85.27428571428571,85.72015873015873,5.755754920340399,1.087727595176169,-2.016960806784329,-0.4458730158730191,Trending,80,DEXINUS,85.5,,
2025-06-02,,-0.001988304093567317,85.31380952380952,85.69444444444444,5.800397071325967,0.9822485207100495,-1.8631397354801682,-0.3806349206349182,Trending,80,DEXINUS,85.33,,
2025-06-03,,0.003046994023204075,85.37666666666667,85.67031746031745,5.744142917937943,1.5663937344250645,-1.744920215819079,-0.2936507936507837,Trending,80,DEXINUS,85.59,,
2025-06-04,,0.003037738053510708,85.44333333333333,85.65396825396826,5.780006456187594,1.65778567199526,-1.1855432780847108,-0.21063492063493072,Trending,80,DEXINUS,85.85,,
2025-06-05,,-0.0005824111822946287,85.49,85.63063492063492,5.645560979578736,1.1553878802169404,-1.6844276383636947,-0.14063492063492333,Trending,80,DEXINUS,85.8,,
2025-06-06,,-0.0016317016317016764,85.4895238095238,85.60682539682539,4.512653970074995,-0.011672697560416445,-1.720972923359343,-0.1173015873015828,Stable,40,DEXINUS,85.66,,
2025-06-09,,-0.0002334812047629642,85.50190476190475,85.58269841269842,4.343830362160724,0.30452096509721027,-1.7439192290041206,-0.08079365079366596,Stable,40,DEXINUS,85.64,,
2025-06-10,,-0.0008173750583839734,85.51095238095238,85.56,4.35655791590379,0.22253455141718614,-1.6436781609195483,-0.04904761904762722,Stable,40,DEXINUS,85.57,,
2025-06-11,,-0.0007011803202054967,85.51857142857142,85.5363492063492,4.362900820288903,0.1874633860574182,-1.712643678160919,-0.017777777777780557,Trending,80,DEXINUS,85.51,,
2025-06-12,,0.000467781546017898,85.53095238095239,85.51666666666667,4.3548368931921,0.30484230273184476,-1.4287360294964913,0.014285714285719564,Trending,80,DEXINUS,85.55,,
2025-06-13,,0.006195207481005216,85.55761904761906,85.51,4.762339126252975,0.654817586529477,-0.4855491329479822,0.047619047619051,Trending,80,DEXINUS,86.08,,
2025-06-16,,-0.0003485130111524626,85.58428571428571,85.50396825396825,4.762298982631027,0.6550473739618701,-0.4396621543445667,0.08031746031745968,Trending,80,DEXINUS,86.05,,
2025-06-17,,0.0027890761185358492,85.62809523809523,85.5036507936508,4.792996881553507,1.0776619421342337,-0.023172285946004845,0.12444444444442126,Trending,80,DEXINUS,86.29,,
2025-06-18,,0.002317765673890193,85.66904761904762,85.51126984126984,4.751025666223672,1.0043209155669697,0.5580746424834304,0.15777777777778113,Trending,80,DEXINUS,86.49,,
2025-06-19,,0.0,85.70904761904761,85.52603174603173,4.7532421104392855,0.9807355516637362,1.086956521739113,0.18301587301587574,Trending,80,DEXINUS,86.49,,
2025-06-20,,0.0010405827263266776,85.73809523809523,85.53888888888889,4.609340587422304,0.709549842968471,0.9443861490031402,0.19920634920633518,Trending,80,DEXINUS,86.58,,
2025-06-23,,0.0017325017325018344,85.81238095238095,85.55507936507937,3.005744807861346,1.8316308559351846,1.1900595029751715,0.25730158730158337,Stable,40,DEXINUS,86.73,,
2025-06-24,,-0.0093393289519198,85.84809523809524,85.55714285714286,4.641156125968525,0.8805917576611533,0.15153281268212027,0.2909523809523762,Trending,80,DEXINUS,85.92,,
2025-06-25,,0.0013966480446927498,85.88333333333333,85.56555555555556,4.637482045547481,0.8675263774912123,0.6198105484738647,0.3177777777777635,Trending,80,DEXINUS,86.04,,
2025-06-26,,-0.0044165504416551205,85.89619047619047,85.56920634920634,4.921074770631723,0.3161962759105297,0.26922626711927133,0.3269841269841294,Trending,80,DEXINUS,85.66,,
2025-06-27,,-0.0024515526500116236,85.89428571428572,85.56904761904761,4.986395543571346,-0.04678909814012089,-0.01170138076291849,0.325238095238106,Volatile Breakout,160,DEXINUS,85.45,,
2025-06-30,,0.0033937975424223055,85.90571428571428,85.5725396825397,5.124817705182847,0.280701754385948,0.25724976613656914,0.3331746031745837,Trending,80,DEXINUS,85.74,,
2025-07-01,,-0.001866106834616188,85.91761904761904,85.5747619047619,5.118599160529806,0.29298019453884994,0.1638576779026124,0.34285714285714164,Volatile Breakout,160,DEXINUS,85.58,,
2025-07-02,,0.0014021967749475728,85.92285714285715,85.5820634920635,5.032053039588744,0.1285196868793026,0.5396527451900557,0.34079365079365687,Trending,80,DEXINUS,85.7,,
2025-07-03,,-0.004667444574095736,85.89666666666666,85.57333333333334,5.164843957403973,-0.6406523005241693,-0.6406523005241693,0.3233333333333235,Volatile Breakout,160,DEXINUS,85.3,,
2025-07-04,,0.0,85.87285714285714,85.5584126984127,5.164785476407514,-0.5827505827505797,-1.0899814471242997,0.3144444444444474,Volatile Breakout,160,DEXINUS,85.3,,
2025-07-07,,0.006565064478311955,85.88238095238096,85.54603174603176,5.650786867753234,0.2334812047630308,-0.9002770083102463,0.3363492063491975,Trending,80,DEXINUS,85.86,,
2025-07-08,,-0.0012811553692056998,85.88761904761905,85.53111111111112,5.6705965235940985,0.12844465203176725,-1.0843234513784772,0.35650793650793844,Trending,80,DEXINUS,85.75,,
2025-07-09,,-0.0006997084548104882,85.89333333333333,85.5252380952381,5.668429824557506,0.14023606404114375,-0.42993260515920007,0.36809523809523625,Trending,80,DEXINUS,85.69,,
2025-07-10,,-0.0004667989263623662,85.9,85.51936507936509,5.664977809396843,0.1637235411062976,-0.4301325273192158,0.3806349206349182,Trending,80,DEXINUS,85.65,,
2025-07-11,,0.0017513134851137035,85.91190476190475,85.52,5.693312789745281,0.29222676797193703,0.046641791044765846,0.39190476190475465,Trending,80,DEXINUS,85.8,,
2025-07-14,,0.002214452214452267,85.90761904761905,85.52507936507936,5.314716144700506,-0.10455390334572767,0.3735263219329932,0.3825396825396865,Trending,80,DEXINUS,85.99,,
2025-07-15,,-0.001976974066752013,85.89666666666666,85.53222222222222,5.356230660112616,-0.2672864613596837,0.5271172543047875,0.36444444444444457,Trending,80,DEXINUS,85.82,,
2025-07-16,,0.0016313213703098572,85.88095238095238,85.54063492063493,5.291571851548231,-0.38243133619192404,0.6203909633617943,0.3403174603174506,Trending,80,DEXINUS,85.96,,
2025-07-17,,0.0013959981386693077,85.86142857142856,85.55492063492063,5.246252061858321,-0.47404324199329384,1.0565860530640903,0.30650793650792707,Trending,80,DEXINUS,86.08,,
2025-07-18,,0.00023234200743482702,85.84285714285714,85.56936507936508,5.2481025426649195,-0.45091918140826026,1.0682004930156141,0.273492063492057,Trending,80,DEXINUS,86.1,,
2025-07-21,,0.0023228803716608404,85.8295238095238,85.58333333333333,5.3050916695954164,-0.32340032340032465,1.0302036993678154,0.24619047619047763,Trending,80,DEXINUS,86.3,,
2025-07-22,,0.0008111239860950636,85.81238095238095,85.60031746031746,5.273426818947169,-0.41508128675198375,1.2543962485345839,0.21206349206349273,Trending,80,DEXINUS,86.37,,
2025-07-23,,0.00046312376982737824,85.83571428571429,85.61587301587302,4.092143848278498,0.5702979515828543,1.1471380077256121,0.21984126984126817,Trending,80,DEXINUS,86.41,,
2025-07-24,,-0.00023145469274388208,85.85238095238095,85.63761904761905,4.074693211427948,0.40678754067875467,1.611385556339684,0.21476190476190027,Trending,80,DEXINUS,86.39,,
2025-07-25,,0.0010417872438939213,85.89142857142858,85.6568253968254,3.719290825907672,0.9572729395283863,1.4190219303389373,0.2346031746031798,Trending,80,DEXINUS,86.48,,
2025-07-28,,0.002197039777983356,85.9495238095238,85.69142857142857,3.608290041910501,1.4277355178466955,2.5801870043792308,0.2580952380952226,Trending,80,DEXINUS,86.67,,
2025-07-29,,0.0018460828429676113,86.00142857142858,85.72714285714287,3.499697759461493,1.271285281082335,2.6602033577677986,0.27428571428571047,Trending,80,DEXINUS,86.83,,
2025-07-30,,0.007025221697569917,86.08999999999999,85.77380952380952,4.024909646092269,2.1734050011684936,3.4792899408284006,0.3161904761904708,Volatile Breakout,160,DEXINUS,87.44,,
2025-07-31,,0.0018298261665141702,86.18047619047618,85.82666666666667,4.032644984462985,2.2170361726954413,3.9515841936632157,0.3538095238095167,Volatile Breakout,160,DEXINUS,87.6,,
2025-08-01,,-0.000684931506849229,86.28714285714285,85.87571428571428,3.5255754350973874,2.6260257913247376,3.6589698046181285,0.4114285714285728,Volatile Breakout,160,DEXINUS,87.54,,
2025-08-04,,0.0010281014393418442,86.39809523809524,85.92031746031746,3.4979879198577946,2.731535756154746,3.3128979014383386,0.4777777777777743,Volatile Breakout,160,DEXINUS,87.63,,
2025-08-05,,0.001939974894442642,86.49047619047619,85.95412698412699,2.9411741732330285,2.259492196599111,2.4862845803665268,0.5363492063492004,Trending,80,DEXINUS,87.8,,
2025-08-06,,-0.0010250569476082383,86.5838095238095,85.99111111111111,2.9166568230463,2.2857142857142687,2.7289763410634826,0.5926984126983967,Trending,80,DEXINUS,87.71,,
2025-08-07,,0.0,86.67999999999999,86.02809523809523,2.8726497405976503,2.3573345781304766,2.7289763410634826,0.6519047619047598,Trending,80,DEXINUS,87.71,,
2025-08-08,,-0.00045604834112411563,86.77619047619048,86.06492063492063,2.8719077382339577,2.358435493286626,2.7182190978324527,0.7112698412698535,Trending,80,DEXINUS,87.67,,
2025-08-11,,-0.0004562564161059157,86.86333333333333,86.10206349206348,2.9115480633588082,2.1328671328671334,2.7435807245866917,0.7612698412698506,Trending,80,DEXINUS,87.63,,
2025-08-12,,0.000912929362090642,86.9452380952381,86.1368253968254,2.8782611222107923,2.000232585184314,2.560804490177726,0.8084126984126954,Trending,80,DEXINUS,87.71,,
2025-08-13,,-0.002622277961463748,87.02428571428571,86.16841269841271,2.968085966340543,1.9342810533675259,2.3277576324716387,0.8558730158730015,Trending,80,DEXINUS,87.48,,
2025-08-14,,0.0009144947416552807,87.10047619047619,86.20317460317459,2.9566339758628915,1.8613308515588844,2.5653039709499836,0.8973015873015981,Trending,80,DEXINUS,87.56,,
2025-08-15,,0.0,87.17095238095239,86.23380952380953,2.9654847972549647,1.719330855018586,2.253882984935185,0.9371428571428595,Trending,80,DEXINUS,87.56,,
2025-08-18,,-0.0029693924166286356,87.22809523809524,86.26,3.239342504605082,1.3937282229965264,1.9264448336252071,0.9680952380952306,Trending,80,DEXINUS,87.3,,
2025-08-19,,-0.0032073310423825774,87.26238095238095,86.27666666666666,3.4420516020945784,0.8342989571263004,1.2213562870768913,0.9857142857142946,Trending,80,DEXINUS,87.02,,
2025-08-20,,0.0,87.29333333333332,86.30603174603176,3.441252075465759,0.7525761259696617,2.172126335564162,0.9873015873015589,Trending,80,DEXINUS,87.02,,
2025-08-21,,0.0033325672259252315,87.33619047619047,86.34,3.5923971299330386,1.041546117347525,2.512621815193139,0.9961904761904634,Trending,80,DEXINUS,87.31,,
2025-08-22,,0.002519757187034788,87.39047619047618,86.37539682539682,3.6481903451149087,1.3195971755990188,2.614302461899176,1.0150793650793588,Trending,80,DEXINUS,87.53,,
2025-08-25,,0.00022849308808403634,87.44142857142857,86.40968253968254,3.647417001720114,1.2372802960221918,2.529570207284215,1.0317460317460387,Trending,80,DEXINUS,87.55,,
2025-08-26,,0.0014848657909767304,87.4895238095238,86.44444444444444,3.6160458078589968,1.165339794623299,2.561703123172321,1.04507936507936,Trending,80,DEXINUS,87.68,,
2025-08-27,,0.0006843065693429295,87.53285714285714,86.47999999999999,3.586024543003864,1.048024876194864,2.6198830409356555,1.0528571428571496,Trending,80,DEXINUS,87.74,,
2025-08-28,,-0.0012537041258262605,87.54190476190476,86.51650793650794,2.732925759298422,0.21729185727354938,2.695417789757415,1.0253968253968253,Trending,80,DEXINUS,87.63,,
2025-08-29,,0.006276389364373136,87.56952380952382,86.55761904761906,3.431397702927004,0.6621004566210287,3.0260544456128136,1.0119047619047592,Trending,80,DEXINUS,88.18,,
2025-09-01,,0.0,87.6,86.59460317460317,3.4143715356538538,0.7310943568654249,2.714036109493323,1.0053968253968293,Trending,80,DEXINUS,88.18,,
2025-09-02,,-0.00034021320027222135,87.62476190476191,86.63190476190476,3.4129882504670714,0.5934040853589062,2.7389277389277433,0.9928571428571473,Trending,80,DEXINUS,88.15,,
2025-09-03,,-0.0010209869540556138,87.63714285714285,86.66999999999999,3.3859888043232957,0.2961275626423676,2.801774457156214,0.9671428571428606,Trending,80,DEXINUS,88.06,,
2025-09-04,,0.001249148307971737,87.65904761904763,86.71015873015872,3.378780975207945,0.524455592292794,2.9542269967304913,0.9488888888889022,Trending,80,DEXINUS,88.17,,
2025-09-05,,0.0009073380968582789,87.68476190476191,86.75269841269841,3.384892747115381,0.6156652605176172,3.1319387635853735,0.9320634920635058,Trending,80,DEXINUS,88.25,,
2025-09-08,,0.0,87.71238095238095,86.79619047619047,3.3758262201308704,0.661571803353489,3.2043035902233674,0.9161904761904793,Trending,80,DEXINUS,88.25,,
2025-09-09,,-0.0014730878186968166,87.7357142857143,86.83698412698412,3.4231872164123924,0.5591692342804988,3.004091174751622,0.8987301587301744,Trending,80,DEXINUS,88.12,,
2025-09-10,,-0.0003404448479346067,87.75380952380954,86.86888888888889,3.42095782896041,0.4332459240679709,2.3350371747211884,0.8849206349206469,Trending,80,DEXINUS,88.09,,
2025-09-11,,0.003973209217845275,87.7995238095238,86.9068253968254,3.495533558487445,1.0973936899862702,2.777454968041826,0.8926984126984081,Trending,80,DEXINUS,88.44,,
2025-09-12,,-0.0018091361374943382,87.83380952380953,86.93841269841269,3.583246486297561,0.8222932846048359,2.306176845520902,0.8953968253968441,Trending,80,DEXINUS,88.28,,
2025-09-15,,-0.0006796556411418075,87.86523809523808,86.96587301587302,3.600320270454492,0.7537688442210921,2.0002312406058653,0.8993650793650687,Trending,80,DEXINUS,88.22,,
2025-09-16,,-0.001927000680117863,87.90095238095239,86.99063492063493,3.4954392161785766,0.8591065292096189,1.8036767256330188,0.910317460317458,Trending,80,DEXINUS,88.05,,
2025-09-17,,-0.0031800113571833766,87.93666666666667,87.00952380952381,3.491888162753179,0.8618708342909676,1.3744513744513798,0.9271428571428544,Trending,80,DEXINUS,87.77,,
2025-09-18,,0.004557365842543071,87.99142857142857,87.03238095238095,3.770089102668761,1.3215352792461665,1.6603251470079572,0.9590476190476238,Trending,80,DEXINUS,88.17,,
2025-09-19,,-0.001247589883180189,88.02714285714286,87.06634920634922,3.689087705969838,0.8590081319436393,2.4906890130353743,0.9607936507936472,Trending,80,DEXINUS,88.06,,
2025-09-22,,0.0026118555530321164,88.06333333333335,87.1020634920635,3.695856047122381,0.868273734719538,2.6150627615062705,0.9612698412698535,Trending,80,DEXINUS,88.29,,
2025-09-23,,0.005323366179635247,88.12095238095237,87.15126984126984,4.0664074225718485,1.3820673900628355,3.6189586738267776,0.9696825396825375,Trending,80,DEXINUS,88.76,,
2025-09-24,,-0.00033799008562418464,88.17095238095239,87.20333333333333,4.068672513783562,1.197536496350371,3.838502047981285,0.9676190476190527,Trending,80,DEXINUS,88.73,,
2025-09-25,,-0.0003381043615462431,88.21666666666667,87.25031746031745,4.0804562073301405,1.0941417825393263,3.4522976440401365,0.9663492063492214,Trending,80,DEXINUS,88.7,,
2025-09-26,,-0.0005636978579480756,88.26523809523809,87.29904761904761,4.049516863969473,1.1639849366655408,3.5872867492404925,0.9661904761904765,Trending,80,DEXINUS,88.65,,
2025-09-29,,0.0012408347433727762,88.29285714285713,87.34761904761905,3.490032996706205,0.6577455205261984,3.5705950991832047,0.9452380952380821,Trending,80,DEXINUS,88.76,,
2025-09-30,,0.0002253267237493084,88.32142857142857,87.40285714285713,3.4883467487438735,0.6804264005443317,4.079718640093799,0.9185714285714397,Trending,80,DEXINUS,88.78,,
2025-10-01,,-0.0010137418337463622,88.34714285714286,87.45666666666668,3.5122572107312586,0.6125921724333461,3.9742086752637684,0.8904761904761784,Trending,80,DEXINUS,88.69,,
2025-10-02,,0.000563761416168651,88.37952380952382,87.50238095238095,3.480301228172442,0.7722007722007707,3.3542976939203273,0.8771428571428714,Trending,80,DEXINUS,88.74,,
2025-10-03,,0.0004507550146495287,88.40857142857142,87.55047619047618,3.465809778789828,0.6918452988544876,3.533527696793004,0.8580952380952453,Trending,80,DEXINUS,88.78,,
2025-10-06,,0.00011263798152749693,88.4342857142857,87.59968253968253,3.460076626888562,0.61189801699717,3.617691679309143,0.8346031746031741,Trending,80,DEXINUS,88.79,,
2025-10-07,,-0.0007883770694898651,88.45666666666666,87.64841269841268,3.479207431141985,0.5325779036827072,3.584354932866307,0.8082539682539789,Trending,80,DEXINUS,88.72,,
2025-10-08,,0.0005635707844904303,88.48761904761905,87.69555555555557,3.4228047763978657,0.7376305038583553,3.4615384615384492,0.7920634920634768,Trending,80,DEXINUS,88.77,,
2025-10-09,,0.0007885546919004227,88.52333333333334,87.74079365079365,3.4163542662294932,0.8514019752525748,3.314338876613565,0.7825396825396922,Trending,80,DEXINUS,88.84,,
2025-10-10,,-0.0013507429085998224,88.53666666666668,87.78682539682539,3.2073216363979538,0.3165988240615203,3.37916569564205,0.7498412698412835,Trending,80,DEXINUS,88.72,,
2025-10-13,,0.0,88.55761904761906,87.83063492063492,3.128156922518347,0.49841413683733293,3.2107957189390524,0.7269841269841351,Trending,80,DEXINUS,88.72,,
2025-10-14,,0.00045085662759247747,88.58333333333334,87.8731746031746,3.110807717936685,0.612106098390397,3.1133828996282586,0.7101587301587386,Trending,80,DEXINUS,88.76,,
2025-10-15,,-0.008787742226228024,88.58,87.90301587301586,4.377526232120131,-0.07950028392957886,2.18350754936123,0.6769841269841379,Trending,80,DEXINUS,87.98,,
2025-10-16,,-0.0019322573312116065,88.58190476190477,87.92698412698414,4.284906800360064,0.04557365842543515,1.7497103128621072,0.6549206349206287,Trending,80,DEXINUS,87.81,,
2025-10-17,,0.0020498804236419588,88.57333333333334,87.95269841269842,4.031264547473339,-0.20415107179313496,1.8756512678013149,0.6206349206349131,Trending,80,DEXINUS,87.99,,
2025-10-20,,-0.0007955449482894839,88.56666666666666,87.97666666666666,4.017988292039822,-0.15898251192368873,1.7474829302164263,0.5900000000000034,Trending,80,DEXINUS,87.92,,
2025-10-21,,0.0005686988171065277,88.55142857142857,88.00174603174604,3.9067831214792563,-0.36244195265602297,1.8289153837249605,0.5496825396825358,Trending,80,DEXINUS,87.97,,
2025-10-22,,-0.0005683755825849346,88.51142857142857,88.02460317460317,3.357434633714107,-0.9463722397476393,1.6651248843663202,0.4868253968253953,Trending,80,DEXINUS,87.92,,
2025-10-23,,-0.0007961783439491832,88.4695238095238,88.04333333333332,3.3592502636879393,-0.9917727938690502,1.36148609668858,0.42619047619048445,Trending,80,DEXINUS,87.85,,
2025-10-24,,-0.00022766078542968415,88.42809523809524,88.05920634920635,3.360024266684271,-0.980834272829767,1.1516756881262191,0.3688888888888897,Trending,80,DEXINUS,87.83,,
2025-10-27,,0.004668108846635599,88.40857142857143,88.07190476190478,3.800926807679947,-0.46249294980260647,0.9149130832570851,0.3366666666666589,Trending,80,DEXINUS,88.24,,
2025-10-28,,-0.00033998186763373184,88.38238095238096,88.08158730158729,3.7637453967912253,-0.6196484903109645,0.6963470319634624,0.3007936507936648,Trending,80,DEXINUS,88.21,,
2025-10-29,,-0.00011336583153831459,88.3547619047619,88.09206349206349,3.7596919175904477,-0.6533002928587495,0.7539410555174708,0.26269841269841265,Trending,80,DEXINUS,88.2,,
2025-10-30,,0.0049886621315191615,88.35238095238095,88.10809523809523,4.1705318301032035,-0.056376141616865105,1.152573319639405,0.24428571428572354,Trending,80,DEXINUS,88.64,,
2025-10-31,,0.001240974729241895,88.35285714285715,88.12317460317459,4.1891049979111274,0.011268875366243769,1.0820045558086688,0.2296825396825568,Trending,80,DEXINUS,88.75,,
2025-11-03,,0.00033802816901418176,88.35285714285715,88.14015873015875,4.187787927759266,0.0,1.2199293125071398,0.21269841269840128,Trending,80,DEXINUS,88.78,,
2025-11-04,,-0.001239017796801023,88.34714285714287,88.15539682539683,4.209461885425511,-0.1351503547696864,1.0945160186979885,0.19174603174603533,Trending,80,DEXINUS,88.67,,
2025-11-05,,-0.0001127777151235243,88.34428571428572,88.17111111111112,4.201251263139175,-0.06762849413887162,1.129234629861986,0.17317460317460132,Trending,80,DEXINUS,88.66,,
2025-11-06,,-0.00011279043537093525,88.33857142857144,88.18730158730159,4.195763361956049,-0.13518080432577406,1.1639849366655408,0.1512698412698512,Trending,80,DEXINUS,88.65,,
2025-11-07,,0.00033840947546526223,88.33095238095238,88.20269841269842,4.1871668531579616,-0.18009905447996521,1.1059172272261053,0.12825396825395785,Trending,80,DEXINUS,88.68,,
2025-11-10,,0.00022552999548941521,88.33,88.22206349206348,4.162542032102552,-0.02254283137961277,1.394604481024242,0.10793650793651466,Trending,80,DEXINUS,88.7,,
2025-11-11,,0.0,88.32904761904763,88.24015873015873,4.162542032102552,-0.02254283137961277,1.3019643672909975,0.08888888888890278,Trending,80,DEXINUS,88.7,,
2025-11-12,,-0.0013528748590755368,88.32047619047619,88.2563492063492,4.184357652886092,-0.20279405137449968,1.1649154865235323,0.06412698412698603,Trending,80,DEXINUS,88.58,,
2025-11-13,,0.0009031384059607905,88.35285714285713,88.2779365079365,2.7469671293169817,0.7729029324846426,1.557846506300109,0.07492063492063039,Trending,80,DEXINUS,88.66,,
2025-11-14,,0.0009023234829685922,88.39714285714285,88.3052380952381,2.6204607868499648,1.0591048855483454,1.9765571133072868,0.09190476190475749,Trending,80,DEXINUS,88.74,,
2025-11-17,,-0.0018030200585981149,88.42523809523809,88.33,2.6732719351021563,0.6705307421297935,1.792691335325225,0.0952380952380878,Trending,80,DEXINUS,88.58,,
2025-11-18,,0.00022578460149014212,88.45761904761905,88.35047619047619,2.64282758356579,0.7734303912647844,1.477493986943057,0.1071428571428612,Trending,80,DEXINUS,88.6,,
2025-11-19,,-0.00022573363431144244,88.48666666666666,88.36714285714285,2.6495559293371285,0.6934182107536602,1.199588712441435,0.11952380952381247,Trending,80,DEXINUS,88.58,,
2025-11-20,,0.0012418153081958927,88.52333333333334,88.38523809523811,2.6463846638725403,0.8757961783439461,1.3021130782409962,0.13809523809523228,Trending,80,DEXINUS,88.69,,
2025-11-21,,0.009583944074867512,88.60380952380953,88.4147619047619,4.0939606590909134,1.9237336368810531,2.1213503649635035,0.1890476190476278,Trending,80,DEXINUS,89.54,,
2025-11-24,,-0.003462139825776256,88.6704761904762,88.43841269841269,4.352469141880293,1.5939883866560534,1.6981992249829103,0.23206349206350296,Trending,80,DEXINUS,89.23,,
2025-11-25,,-0.0007844895214614844,88.71428571428571,88.46269841269842,4.139743896598483,1.042611060743437,1.745977404998289,0.2515873015872927,Trending,80,DEXINUS,89.16,,
2025-11-26,,0.0012337371018393828,88.76476190476191,88.47999999999999,4.135533853714247,1.2016778143067786,1.2361079609888748,0.28476190476192187,Trending,80,DEXINUS,89.27,,
2025-11-27,,0.0,88.8157142857143,88.4973015873016,4.133351809684733,1.213151927437628,1.2361079609888748,0.31841269841268627,Trending,80,DEXINUS,89.27,,
2025-11-28,,0.0017923154475187886,88.85333333333332,88.51761904761904,3.841558254049679,0.8912454873646336,1.4520703346568409,0.33571428571428896,Trending,80,DEXINUS,89.43,,
2025-12-01,,0.0017891088001789068,88.89333333333333,88.54190476190476,3.860865278128366,0.9464788732394425,1.737451737451745,0.35142857142857054,Trending,80,DEXINUS,89.59,,
2025-12-02,,0.0036834468132604936,88.94761904761906,88.56968253968255,4.019159897022803,1.2840729894120217,1.9848020868776128,0.3779365079365107,Trending,80,DEXINUS,89.92,,
2025-12-03,,0.0025578291814947196,89.01809523809523,88.59984126984126,4.0141823953092866,1.6691101838276712,2.1529745042492943,0.4182539682539641,Trending,80,DEXINUS,90.15,,
2025-12-04,,-0.00199667221297839,89.08047619047619,88.62714285714286,4.119331486397445,1.4775547033611502,1.949008498583571,0.45333333333333314,Trending,80,DEXINUS,89.97,,
2025-12-05,,0.0,89.14333333333333,88.65650793650795,4.1167053231727495,1.4890016920473759,2.0994098955969154,0.48682539682538106,Trending,80,DEXINUS,89.97,,
2025-12-08,,0.0016672224074691933,89.21190476190475,88.68873015873017,4.127425164647387,1.6238159675236785,2.304461346350317,0.5231746031745814,Trending,80,DEXINUS,90.12,,
2025-12-09,,-0.0024411895250776583,89.26904761904763,88.71190476190475,4.272617142721094,1.3528748590755368,1.6508367254636003,0.5571428571428783,Trending,80,DEXINUS,89.9,,
2025-12-10,,0.0008898776418242438,89.33,88.7388888888889,4.266845158497699,1.4430665163472467,1.925690983235162,0.591111111111104,Trending,80,DEXINUS,89.98,,
2025-12-11,,0.004112024894420863,89.41428571428571,88.7726984126984,4.356838340910369,1.9981937231880798,2.4144184992065165,0.6415873015873075,Trending,80,DEXINUS,90.35,,
2025-12-12,,0.0006640841173215506,89.49761904761905,88.81015873015873,4.357922618779383,1.9738326189939093,2.6802952867688745,0.6874603174603209,Trending,80,DEXINUS,90.41,,
2025-12-15,,0.003207609777679421,89.59095238095239,88.85666666666667,4.428358496470495,2.208699571782735,3.3382704796627527,0.7342857142857184,Trending,80,DEXINUS,90.7,,
2025-12-16,,0.00363836824696806,89.70761904761905,88.90206349206349,4.388476996809181,2.765861368254696,3.2437336962685803,0.8055555555555571,Trending,80,DEXINUS,91.03,,
2025-12-17,,-0.006920795342194808,89.79333333333332,88.93920634920634,5.227691367869335,2.031602708803626,2.6572791278673735,0.8541269841269781,Trending,80,DEXINUS,90.4,,
2025-12-18,,-0.0016592920353982743,89.87285714285714,88.97031746031745,5.291968677820272,1.8853014224429865,2.21995696001811,0.9025396825396967,Trending,80,DEXINUS,90.25,,
2025-12-19,,-0.007867036011080297,89.91333333333334,88.98269841269843,6.096357933903587,0.9583944074867512,0.8787742226228135,0.9306349206349154,Trending,80,DEXINUS,89.54,,
2025-12-22,,0.0011168192986374947,89.91809523809523,88.99714285714285,5.128701999478002,0.11168192986374947,1.0255832300236634,0.9209523809523859,Stable,40,DEXINUS,89.64,,
2025-12-23,,0.00033467202141901353,89.93904761904761,89.01253968253968,4.966416328931544,0.4931076992042982,1.0935738444193932,0.9265079365079316,Trending,80,DEXINUS,89.67,,
2025-12-24,,0.0015612802498048417,89.97,89.0309523809524,4.9719841377336085,0.7290264692687343,1.308516638465873,0.9390476190475994,Trending,80,DEXINUS,89.81,,
2025-12-25,,0.0,89.99571428571429,89.04761904761905,4.962733346548597,0.6049064635375911,1.1829652996845352,0.9480952380952345,Trending,80,DEXINUS,89.81,,
2025-12-26,,-0.0003340385257766254,90.02000000000001,89.06349206349208,4.966556417038908,0.5713005488966028,1.1263798152737037,0.9565079365079328,Trending,80,DEXINUS,89.78,,
2025-12-29,,0.0021162842503898993,90.04571428571428,89.08380952380952,4.9802681613307636,0.6038242200603783,1.4432292253918177,0.961904761904762,Stable,40,DEXINUS,89.97,,
2025-12-30,,-0.0021118150494608967,90.0547619047619,89.10031746031747,5.0156603199985375,0.21207724076348633,1.1719630380887969,0.9544444444444338,Stable,40,DEXINUS,89.78,,
2025-12-31,,0.0006683002895968571,90.05095238095238,89.11714285714285,4.850702216806653,-0.0889679715302516,1.1939626041901352,0.9338095238095292,Stable,40,DEXINUS,89.84,,
2026-01-01,,0.0,90.03619047619047,89.13380952380953,4.758282946859261,-0.3438713255685011,1.1825656042347088,0.9023809523809376,Stable,40,DEXINUS,89.84,,
2026-01-02,,0.003895814781834206,90.04666666666667,89.15714285714287,4.907151381419938,0.24452595309547576,1.6568981064021715,0.8895238095237943,Stable,40,DEXINUS,90.19,,
2026-01-05,,0.0009978933362901898,90.06142857142856,89.18111111111111,4.916221667192737,0.3445592975436229,1.7010251210994864,0.8803174603174568,Stable,40,DEXINUS,90.28,,
2026-01-06,,-0.0011076650420912548,90.06428571428572,89.20238095238095,4.903584508307472,0.06657789613848664,1.5083295812696962,0.8619047619047677,Stable,40,DEXINUS,90.18,,
2026-01-07,,-0.003104901308494168,90.06428571428572,89.22111111111111,4.950996593993814,0.0,1.3300270513976642,0.843174603174603,Stable,40,DEXINUS,89.9,,
2026-01-08,,0.0013348164627362546,90.06619047619049,89.24174603174603,4.963404113928762,0.04445432318291864,1.4652840396753852,0.8244444444444525,Trending,80,DEXINUS,90.02,,
2026-01-09,,0.0015552099533437946,90.05714285714286,89.26396825396826,4.7735783450169755,-0.21029330381847622,1.577287066246047,0.7931746031746059,Trending,80,DEXINUS,90.16,,
2026-01-12,,-0.00044365572315874235,90.04333333333334,89.29793650793651,4.766775042037348,-0.3207609777679421,2.4323709934075843,0.7453968253968242,Trending,80,DEXINUS,90.12,,
2026-01-13,,0.0007767421216156034,90.01904761904763,89.33571428571427,4.623337681240742,-0.5622932745314224,2.7103974490376936,0.6833333333333513,Trending,80,DEXINUS,90.19,,
2026-01-14,,0.0005543851868277105,89.98142857142857,89.37142857142857,4.414006505701109,-0.8678457651323801,2.5571087623593503,0.6099999999999994,Trending,80,DEXINUS,90.24,,
2026-01-15,,0.00022163120567397776,89.97476190476192,89.40857142857142,3.7267615521314448,-0.15486725663717005,2.6615104640582476,0.5661904761904992,Trending,80,DEXINUS,90.26,,
2026-01-16,,0.006758253933082159,90.00428571428571,89.45460317460316,4.3614906833240665,0.6869806094182973,3.2965783789928427,0.54968253968255,Trending,80,DEXINUS,90.87,,
2026-01-19,,0.0,90.06761904761905,89.50142857142858,3.1936697022153147,1.4853696671878414,3.3553230209281137,0.5661904761904708,Trending,80,DEXINUS,90.87,,
2026-01-20,,0.0015406624848683936,90.13285714285715,89.5515873015873,3.2039265408491375,1.5283355644801544,3.5970404097894315,0.5812698412698438,Trending,80,DEXINUS,91.01,,
2026-01-21,,0.007361828370508805,90.22857142857143,89.61269841269842,3.937078258177367,2.24155235864838,4.383468063304119,0.6158730158730066,Trending,80,DEXINUS,91.68,,
2026-01-22,,-0.0006544502617801262,90.31476190476191,89.6663492063492,3.9760934666803047,2.0153657721857288,3.8304623753399936,0.648412698412713,Trending,80,DEXINUS,91.62,,
2026-01-23,,0.003601833660772824,90.41666666666667,89.72571428571429,4.062089425360347,2.382808150540039,4.239882099535208,0.6909523809523819,Trending,80,DEXINUS,91.95,,
2026-01-26,,0.0,90.52,89.78523809523809,4.048596454302279,2.417019380708396,4.251700680272119,0.7347619047619105,Trending,80,DEXINUS,91.95,,
2026-01-27,,-0.00250135943447527,90.60333333333334,89.83412698412698,4.220778691059627,1.9450928087140218,3.4747292418772613,0.7692063492063568,Trending,80,DEXINUS,91.72,,
2026-01-28,,0.0006541648495421715,90.69857142857143,89.88222222222223,4.0766423132288745,2.2276676319893163,3.4140845070422587,0.8163492063492015,Trending,80,DEXINUS,91.78,,
2026-01-29,,0.001852255393332003,90.79904761904761,89.93253968253968,4.08319659565186,2.348619768477289,3.570624014417656,0.8665079365079293,Trending,80,DEXINUS,91.95,,
2026-01-30,,0.00032626427406201586,90.90095238095239,89.98507936507936,4.073582005831565,2.3820124666072973,3.7329423705875664,0.9158730158730322,Trending,80,DEXINUS,91.98,,
2026-02-02,,-0.005109806479669521,90.96380952380953,90.03031746031746,4.476328070268638,1.4635768932254267,3.2145274080757957,0.9334920634920678,Trending,80,DEXINUS,91.51,,
2026-02-03,,-0.013222598623101378,90.9647619047619,90.05650793650794,6.5743457605070805,0.022153300841831758,1.8612521150592087,0.908253968253959,Trending,80,DEXINUS,90.3,,
2026-02-04,,0.0006644518272425071,90.97333333333333,90.0831746031746,6.564742635109898,0.19960079840317668,1.8944519621109546,0.8901587301587313,Trending,80,DEXINUS,90.36,,
2026-02-05,,-0.00033200531208499307,90.99380952380952,90.10904761904762,6.463500973381772,0.4783092324805338,1.837655016910933,0.884761904761902,Trending,80,DEXINUS,90.33,,
2026-02-06,,0.0035425661463523994,91.02380952380952,90.14000000000001,6.5554201975073445,0.6998444790046854,2.19842164599775,0.8838095238095036,Trending,80,DEXINUS,90.65,,
2026-02-09,,0.0013237727523440768,91.05285714285715,90.17476190476191,6.550504221897192,0.6765749778172125,2.472341386317445,0.8780952380952414,Trending,80,DEXINUS,90.77,,
2026-02-10,,-0.002203371157871614,91.07428571428571,90.20507936507937,6.604805491850699,0.49933422103860536,2.1542973155876277,0.8692063492063369,Trending,80,DEXINUS,90.57,,
2026-02-11,,0.0013249420337859696,91.09809523809524,90.23603174603174,6.613086221506816,0.5543851868277994,2.1974306964164914,0.8620634920634984,Trending,80,DEXINUS,90.69,,
2026-02-12,,-0.0006615944426067166,91.11666666666667,90.26857142857143,6.619946114232364,0.43218085106382365,2.314292165274323,0.8480952380952402,Trending,80,DEXINUS,90.63,,
2026-02-13,,0.00011033873993171461,91.13476190476192,90.30095238095238,6.620041547835095,0.4210059827165935,2.3024830699774235,0.8338095238095349,Trending,80,DEXINUS,90.64,,
2026-02-16,,0.0,91.12380952380951,90.3336507936508,6.176640194138958,-0.2531088367998313,2.3255813953488413,0.7901587301587085,Trending,80,DEXINUS,90.64,,
2026-02-17,,-0.00011032656663734208,91.11238095238096,90.36444444444444,6.1765031375512685,-0.2641135688346119,2.1873942947344682,0.7479365079365152,Trending,80,DEXINUS,90.63,,
2026-02-18,,0.0007723711795211141,91.09761904761905,90.38285714285715,6.156196705354014,-0.34062190968026096,1.2955103864194628,0.7147619047619003,Trending,80,DEXINUS,90.7,,
2026-02-19,,-0.00022050716648291946,91.05000000000001,90.40587301587303,5.516745930330856,-1.0907504363001697,1.6250140087414655,0.6441269841269843,Trending,80,DEXINUS,90.68,,
2026-02-20,,0.0033083370092632514,91.0195238095238,90.4347619047619,5.672830311496824,-0.698537437240776,2.0412741139524515,0.5847619047619048,Trending,80,DEXINUS,90.98,,
2026-02-23,,-0.0010991426687184669,90.96857142857142,90.46031746031746,5.493439658429235,-1.1636759108211048,1.8035174190657477,0.5082539682539675,Trending,80,DEXINUS,90.88,,
2026-02-24,,0.0007702464788732488,90.92095238095239,90.48698412698411,5.509638628806349,-1.087547580206638,1.8819312198947058,0.4339682539682741,Trending,80,DEXINUS,90.95,,
2026-02-25,,0.0,90.88428571428572,90.51111111111112,5.463947908475294,-0.8395115569123424,1.6996533601699504,0.37317460317460416,Trending,80,DEXINUS,90.95,,
2026-02-26,,-0.00032985156679499195,90.84333333333333,90.53222222222222,5.450741674420118,-0.9370233166267172,1.4845406853443377,0.3111111111111171,Trending,80,DEXINUS,90.92,,
2026-02-27,,0.0012098548174219736,90.7995238095238,90.54984126984128,5.421126353661938,-1.000543773790108,1.2344306049822062,0.2496825396825244,Trending,80,DEXINUS,91.03,,
2026-03-02,,0.004833571350104426,90.7752380952381,90.57079365079365,5.721408206868599,-0.5544683626875435,1.4642262895174563,0.20444444444444798,Trending,80,DEXINUS,91.47,,
2026-03-03,,0.0,90.77333333333334,90.59460317460318,5.442504402899946,-0.04371106982844486,1.6672224074691488,0.1787301587301613,Trending,80,DEXINUS,91.47,,
2026-03-04,,0.00666885317590471,90.85809523809523,90.62809523809523,3.3010852711237817,1.9712070874861487,2.3452261865066104,0.23000000000000398,Trending,80,DEXINUS,92.08,,
2026-03-05,,-0.0054300608166811815,90.91619047619048,90.65126984126984,3.9705511235925264,1.3501549358122977,1.6200621393697157,0.26492063492064233,Trending,80,DEXINUS,91.58,,
2026-03-06,,0.0016379122079057673,90.98285714285714,90.68031746031747,3.968315130515337,1.5498726890291303,2.0355951056729715,0.302539682539674,Trending,80,DEXINUS,91.73,,
2026-03-09,,0.006322904175297017,91.06190476190476,90.71730158730158,4.31761918639437,1.8312189740761209,2.5894643254056326,0.34460317460317924,Trending,80,DEXINUS,92.31,,
2026-03-10,,-0.004983208753114643,91.11333333333333,90.74111111111112,4.76348921790444,1.1898204252506206,1.6602102933038099,0.3722222222222058,Trending,80,DEXINUS,91.85,,
2026-03-11,,0.0019597169297769224,91.18285714285715,90.76682539682538,4.675840207027402,1.6120128077730111,1.79183718615199,0.41603174603176285,Trending,80,DEXINUS,92.03,,
2026-03-12,,0.0016299032924047552,91.25380952380952,90.79031746031745,4.681623932961227,1.6429595324732649,1.6317530319735374,0.46349206349206895,Trending,80,DEXINUS,92.18,,
2026-03-13,,0.003146018659144989,91.34142857142858,90.81317460317462,4.719501084915667,2.030232814741262,1.581896078215972,0.5282539682539635,Trending,80,DEXINUS,92.47,,
2026-03-16,,-0.0005407159078619772,91.42619047619048,90.8452380952381,4.739645978771448,1.9638128861429793,2.2345132743362806,0.5809523809523824,Trending,80,DEXINUS,92.42,,
2026-03-17,,-0.000649210127678046,91.50809523809524,90.87873015873015,4.760997104114091,1.8976169461606407,2.3379501385041523,0.6293650793650869,Trending,80,DEXINUS,92.36,,
2026-03-18,,0.0055218709398008325,91.6147619047619,90.9315873015873,5.003993027455586,2.471587774467632,3.7190082644628086,0.6831746031746064,Trending,80,DEXINUS,92.87,,
2026-03-19,,-0.00269193496285125,91.70619047619047,90.97888888888889,5.179337616580465,2.116868798235938,3.3244087460954974,0.7273015873015822,Trending,80,DEXINUS,92.62,,
2026-03-20,,0.01198445260202985,91.85142857142857,91.04333333333334,6.398246291462595,3.3634759594177277,4.527712724434041,0.808095238095234,Trending,80,DEXINUS,93.73,,
2026-03-23,,0.002453856822788758,91.99333333333334,91.10920634920635,6.376043347193237,3.2754451527808204,4.620866273243496,0.8841269841269934,Trending,80,DEXINUS,93.96,,
2026-03-24,,-0.001064282673478023,92.1352380952381,91.17349206349206,6.37423399916051,3.2790492957746498,4.509520097984621,0.9617460317460313,Trending,80,DEXINUS,93.86,,
2026-03-25,,0.0011719582356701785,92.27904761904762,91.24,6.369597381086242,3.3205057724024156,4.6669636890176,1.039047619047622,Trending,80,DEXINUS,93.97,,
2026-03-26,,0.0,92.42285714285714,91.30349206349206,6.369597381086242,3.3205057724024156,4.445926419917745,1.1193650793650818,Trending,80,DEXINUS,93.97,,
2026-03-27,,0.00915185697563059,92.60904761904762,91.3836507936508,6.843543650310896,4.300483941926969,5.624860770772999,1.225396825396814,Trending,80,DEXINUS,94.83,,
2026-03-30,,-0.004428978171464704,92.77000000000001,91.45619047619049,7.196874431832017,3.7130616280347084,5.086821015138021,1.3138095238095246,Trending,80,DEXINUS,94.41,,
2026-03-31,,-0.006143417010909813,92.88238095238096,91.51952380952382,7.597185219419515,2.580080900841808,4.441228851291168,1.3628571428571377,Trending,80,DEXINUS,93.83,,
2026-04-01,,-0.006607694767132077,92.96523809523809,91.56746031746032,8.061998462355687,1.9022630370613358,3.3484865284399534,1.397777777777776,Stable,40,DEXINUS,93.21,,
2026-04-02,,-0.001287415513356871,93.01333333333335,91.6120634920635,7.81317360594635,1.0968722849695967,3.112538768276485,1.4012698412698512,Trending,80,DEXINUS,93.09,,
2026-04-03,,0.0,93.0852380952381,91.65825396825396,7.5117784525645686,1.6488316226250355,3.2268795741849488,1.426984126984138,Stable,40,DEXINUS,93.09,,
2026-04-06,,-0.00032226877215602023,93.14857142857143,91.7084126984127,7.514579328296117,1.4499073367491455,3.515016685205774,1.4401587301587284,Trending,80,DEXINUS,93.06,,
2026-04-07,,-0.0010745755426607717,93.17952380952381,91.75507936507935,7.248917711260708,0.7041490629400737,3.265940902021769,1.424444444444461,Trending,80,DEXINUS,92.96,,
2026-04-08,,-0.00763769363166944,93.19857142857143,91.78825396825397,7.546916926198747,0.4354926510615087,2.318101153504881,1.410317460317458,Trending,80,DEXINUS,92.25,,
2026-04-09,,0.00476964769647692,93.22999999999999,91.82904761904761,7.69005692791416,0.7171574486580345,2.8517532179316296,1.4009523809523756,Trending,80,DEXINUS,92.69,,
2026-04-10,,0.00032365951019519557,93.25571428571429,91.86920634920635,7.675995699713201,0.5858103710132179,2.8051890453486994,1.3865079365079396,Trending,80,DEXINUS,92.72,,
2026-04-13,,0.0072260569456428225,93.2995238095238,91.91920634920636,7.990977099259357,0.9949172704661002,3.490691489361719,1.3803174603174426,Trending,80,DEXINUS,93.39,,
2026-04-14,,-0.00021415569118743427,93.34476190476191,91.96857142857144,7.986502329350801,1.0279160354901506,3.44560159539109,1.376190476190473,Trending,80,DEXINUS,93.37,,
2026-04-15,,0.0,93.39285714285714,92.00825396825398,7.977902402943579,1.093546990038985,2.751183008693747,1.384603174603157,Trending,80,DEXINUS,93.37,,
2026-04-16,,-0.0018207132912070323,93.40857142857142,92.04523809523809,7.802564984952411,0.35533541509635835,2.564102564102555,1.3633333333333297,Trending,80,DEXINUS,93.2,,
2026-04-17,,-0.0032188841201716833,93.42190476190477,92.0752380952381,7.829097132134058,0.30231051608724524,2.07669486869575,1.346666666666664,Trending,80,DEXINUS,92.9,,
2026-04-20,,0.002475780409041839,93.39333333333333,92.09825396825396,6.618135187738041,-0.6401365624666644,1.5815881326352477,1.2950793650793742,Trending,80,DEXINUS,93.13,,
2026-04-21,,0.003972941050145007,93.37142857142857,92.12809523809523,6.717876735698626,-0.4895700297999128,2.0519537218947725,1.2433333333333394,Trending,80,DEXINUS,93.5,,
2026-04-22,,0.003101604278074932,93.36809523809524,92.15730158730159,6.806724507250403,-0.07457916045172652,2.001087547580216,1.2107936507936472,Trending,80,DEXINUS,93.79,,
2026-04-23,,0.0034118775988911665,93.37476190476191,92.1915873015873,6.900014796159086,0.148983718207929,2.3491027732463365,1.1831746031746064,Trending,80,DEXINUS,94.11,,
2026-04-24,,0.0014876208691956272,93.38809523809525,92.23174603174604,6.917067152850357,0.2979674364158802,2.7583951155691233,1.156349206349205,Trending,80,DEXINUS,94.25,,
2024-05-27,,0.0,16.803485714285713,16.78771111111111,6.741234670495986,-2.6966331458970094,-2.389172362138381,0.01577460317460222,Trending,80,DEXMXUS,,16.6813,
2024-05-28,,0.0013548104764018465,16.788733333333333,16.782090476190476,6.393082301334271,-1.8208855216678255,-2.0758588345644258,0.006642857142857395,Trending,80,DEXMXUS,,16.7039,
2024-05-29,,0.013954824921126319,16.782676190476188,16.781003174603175,8.122459760009496,-0.7454202365185458,-0.4028108553115195,0.0016730158730133837,Stable,40,DEXMXUS,,16.937,
2024-05-30,,-0.0008147842002715899,16.77804761904762,16.7803746031746,8.084629551520674,-0.5710794105896255,-0.2334520244299254,-0.0023269841269808467,Stable,40,DEXMXUS,,16.9232,
2024-05-31,,0.004183605937411183,16.781161904761905,16.78141111111111,7.998701802637134,0.38632846189290415,0.3857354669880131,-0.00024920634920633233,Stable,40,DEXMXUS,,16.994,
2024-06-03,,0.03436507002471467,16.807161904761905,16.79279206349206,14.208972375745754,3.2057303898543887,4.2524168198802,0.01436984126984342,Trending,80,DEXMXUS,,17.578,
2024-06-04,,0.01592900216179327,16.852704761904764,16.80849365079365,14.62810565700977,5.6586358687934935,5.8640804325144735,0.044211111111113865,Trending,80,DEXMXUS,,17.858,
2024-06-05,,-0.01814312912980187,16.882514285714286,16.820014285714286,16.303889799385036,3.7023894014667436,4.318130436334644,0.0625,Trending,80,DEXMXUS,,17.534,
2024-06-06,,-0.0007300102657692431,16.91190952380952,16.831249206349206,16.312391313127396,3.651819994202521,4.209737471302644,0.08066031746031399,Trending,80,DEXMXUS,,17.5212,
2024-06-07,,0.04251991872702798,16.978919047619048,16.854076190476192,21.4647080969434,8.34687703897028,8.54582513771609,0.12484285714285548,Trending,80,DEXMXUS,,18.2662,
2024-06-10,,0.007543988350067199,17.056966666666668,16.88064761904762,21.213824139086313,9.776319713689219,10.005977286312007,0.17631904761904948,Trending,80,DEXMXUS,,18.404,
2024-06-11,,0.0016844164312106447,17.134490476190475,16.90828253968254,21.22562266509251,9.686440173737143,10.428896609560322,0.22620793650793658,Trending,80,DEXMXUS,,18.435,
2024-06-12,,0.016490371575806906,17.224909523809522,16.94082380952381,21.600674046302952,11.27540052968492,12.284212860044708,0.2840857142857125,Trending,80,DEXMXUS,,18.739,
2024-06-13,,-0.009493569560809045,17.314338095238092,16.96903174603175,21.614690930339652,11.25690069591383,10.588060057197346,0.34530634920634284,Trending,80,DEXMXUS,,18.5611,
2024-06-14,,-0.005883272004353235,17.39852857142857,16.994585714285712,21.88803864361902,10.59704265789172,9.558840992756213,0.4039428571428587,Trending,80,DEXMXUS,,18.4519,
2024-06-17,,0.0020485695240057833,17.487742857142855,17.021861904761902,21.67443415721834,11.275141127333566,10.246075140269383,0.46588095238095306,Trending,80,DEXMXUS,,18.4897,
2024-06-18,,-0.005294839829742992,17.57487142857143,17.04809682539683,21.78574111838545,11.047512090858035,9.873947069717426,0.5267746031746015,Trending,80,DEXMXUS,,18.3918,
2024-06-19,,0.0,17.660452380952382,17.074555555555555,21.83180190316108,10.830029045593136,9.96657678072812,0.5858968253968264,Trending,80,DEXMXUS,,18.3918,
2024-06-20,,0.00017399058275979762,17.74494761904762,17.10130634920635,21.86468338561355,10.675908210293251,10.085758571368707,0.6436412698412681,Trending,80,DEXMXUS,,18.395,
2024-06-21,,-0.010627888013046927,17.816042857142858,17.125314285714285,22.51803094024492,8.93664142698951,9.063941990771252,0.690728571428572,Trending,80,DEXMXUS,,18.1995,
2024-06-24,,-0.010747548009560681,17.879023809523808,17.148598412698412,23.033589001318173,7.928638655260678,8.870411803833832,0.730425396825396,Trending,80,DEXMXUS,,18.0039,
2024-06-25,,0.006726320408355857,17.94777142857143,17.172598412698413,23.01386849066506,8.654601260093632,9.101306205983262,0.7751730158730155,Trending,80,DEXMXUS,,18.125,
2024-06-26,,0.0022510344827586515,18.017385714285712,17.19812857142857,23.002690774548757,8.751848370739769,9.714085544831907,0.8192571428571434,Trending,80,DEXMXUS,,18.1658,
2024-06-27,,0.008378381353972841,18.08314761904762,17.224509523809523,22.78177286675513,8.153746236051251,9.97838616714699,0.8586380952380956,Trending,80,DEXMXUS,,18.318,
2024-06-28,,-0.0031116934163119003,18.146852380952378,17.251307936507935,22.85463502509653,7.905124326368518,10.187235634507342,0.8955444444444431,Trending,80,DEXMXUS,,18.261,
2024-07-01,,0.0068451892010295,18.213138095238097,17.280466666666666,22.879921682048707,8.19112627986347,11.100368602332455,0.9326714285714317,Trending,80,DEXMXUS,,18.386,
2024-07-02,,-0.008762101599042671,18.243942857142855,17.307725396825397,20.37362016766727,3.6801683923085804,10.403087062928606,0.936217460317458,Trending,80,DEXMXUS,,18.2249,
2024-07-03,,-0.006079594401066757,18.256138095238093,17.333649206349204,19.870763538829927,1.4340911636241405,9.909652992251662,0.9224888888888891,Trending,80,DEXMXUS,,18.1141,
2024-07-04,,0.0,18.283761904761906,17.36204761904762,18.65365778671465,3.308429337287566,10.959264931087297,0.9217142857142875,Volatile Breakout,160,DEXMXUS,,18.1141,
2024-07-05,,-0.001496072120613312,18.310704761904763,17.389493650793654,18.667678556092635,3.229230874597633,10.570427744392607,0.9212111111111092,Volatile Breakout,160,DEXMXUS,,18.087,
2024-07-08,,-0.005169458727262599,18.297719047619047,17.413084126984124,11.374646447023501,-1.4929213520053497,9.003289453756814,0.8846349206349231,Trending,80,DEXMXUS,,17.9935,
2024-07-09,,-0.0027454358518355093,18.275819047619045,17.437046031746032,10.987851732472608,-2.498913279721804,9.185554778058336,0.8387730158730129,Trending,80,DEXMXUS,,17.9441,
2024-07-10,,-0.006185877252132821,18.24715714285714,17.455703174603176,11.067144873831774,-3.2649850827230598,7.056196233573675,0.7914539682539647,Trending,80,DEXMXUS,,17.8331,
2024-07-11,,-7.289815006927824e-05,18.203957142857146,17.47463650793651,8.948558033026169,-4.841240194247288,7.168700042069842,0.7293206349206365,Trending,80,DEXMXUS,,17.8318,
2024-07-12,,-0.01002703036148922,18.160714285714285,17.485090476190475,9.003989482828288,-4.8924902080156984,3.875394247516839,0.6756238095238096,Trending,80,DEXMXUS,,17.653,
2024-07-15,,0.006401178269982433,18.12805238095238,17.497606349206347,9.397142596226045,-3.7172323717340805,4.644382270652336,0.6304460317460325,Trending,80,DEXMXUS,,17.766,
2024-07-16,,-0.006022740065293242,18.088495238095238,17.50621111111111,9.398159639496665,-4.4927716512436655,3.1670454346289123,0.5822841269841277,Trending,80,DEXMXUS,,17.659,
2024-07-17,,0.005079562829152229,18.057871428571428,17.51482222222222,9.64733153968289,-3.4966669928990113,3.1529332449930836,0.5430492063492061,Trending,80,DEXMXUS,,17.7487,
2024-07-18,,0.0054370179224392245,18.031842857142856,17.52636507936508,9.945575113627253,-2.9719766417642735,4.248159831756038,0.5054777777777772,Trending,80,DEXMXUS,,17.8452,
2024-07-19,,0.005239504180395871,18.010114285714288,17.541111111111114,10.199236682327989,-2.4805653710247233,5.461589563601965,0.46900317460317353,Trending,80,DEXMXUS,,17.9387,
2024-07-22,,-0.0007079665750585606,17.997090476190476,17.55420634920635,9.602306639416962,-1.50278853814666,4.824279281913335,0.4428841269841257,Trending,80,DEXMXUS,,17.926,
2024-07-23,,0.00824500725203614,18.000419047619047,17.568314285714287,9.349735140571285,0.3882492126705772,5.171952283968584,0.43210476190476044,Trending,80,DEXMXUS,,18.0738,
2024-07-24,,0.016880788766059363,18.012509523809523,17.587922222222222,10.792997034649195,1.4008275862068986,7.2056044238083095,0.4245873015873016,Trending,80,DEXMXUS,,18.3789,
2024-07-25,,-0.0016214245683909834,18.021238095238097,17.609119047619046,10.805539622047524,1.0090389633266916,7.84896877222474,0.4121190476190506,Trending,80,DEXMXUS,,18.3491,
2024-07-26,,0.0025559836722237605,18.02495238095238,17.630258730158726,10.453158270247481,0.42581067802160977,7.804643639901077,0.3946936507936556,Trending,80,DEXMXUS,,18.396,
2024-07-29,,0.014302022178734441,18.043909523809525,17.656269841269843,11.446560572491531,2.180055856743879,9.627858334704232,0.38763968253968173,Trending,80,DEXMXUS,,18.6591,
2024-07-30,,0.007460166889078357,18.063542857142856,17.685947619047617,11.487684778321855,2.2424670945284664,11.044622709497553,0.377595238095239,Trending,80,DEXMXUS,,18.7983,
2024-07-31,,-0.010681816972811453,18.081285714285713,17.710796825396823,11.712008392598497,2.0444556623081533,9.191521841240014,0.37048888888888953,Trending,80,DEXMXUS,,18.5975,
2024-08-01,,0.002382040596854429,18.106414285714283,17.73841904761905,11.431895599578052,2.9132002141977864,10.296066644578028,0.36799523809523293,Trending,80,DEXMXUS,,18.6418,
2024-08-02,,0.019166604083296512,18.14855714285714,17.771611111111113,12.963148440053915,4.885696777648341,12.367518334516191,0.3769460317460265,Volatile Breakout,160,DEXMXUS,,18.9991,
2024-08-05,,0.02346953276734176,18.213223809523807,17.811946031746032,14.795909553175001,7.508155028473484,15.032625607108429,0.40127777777777496,Volatile Breakout,160,DEXMXUS,,19.445,
2024-08-06,,-0.006495242993057371,18.27632857142857,17.85098888888889,14.90048577217907,7.36488176285881,14.58983332344741,0.4253396825396827,Volatile Breakout,160,DEXMXUS,,19.3187,
2024-08-07,,-0.007484975697122476,18.3349,17.88922857142857,15.234744216734498,6.8546207388501035,14.369818073367124,0.44567142857142983,Volatile Breakout,160,DEXMXUS,,19.1741,
2024-08-08,,-0.003186590244131371,18.395847619047622,17.925831746031747,15.035909767936358,7.17710325181824,13.720473612185401,0.4700158730158748,Volatile Breakout,160,DEXMXUS,,19.113,
2024-08-09,,-0.015094438340396588,18.443119047619046,17.957328571428572,16.312807239858603,5.567020715799864,11.783114214795564,0.48579047619047344,Volatile Breakout,160,DEXMXUS,,18.8245,
2024-08-12,,0.00900422321974026,18.50697619047619,17.994009523809524,15.77508870424625,7.596442531014569,13.851742182208348,0.5129666666666672,Volatile Breakout,160,DEXMXUS,,18.994,
2024-08-13,,0.0029430346425187714,18.568114285714284,18.031565079365077,15.741493404261004,7.226725205448625,14.181336498060993,0.536549206349207,Volatile Breakout,160,DEXMXUS,,19.0499,
2024-08-14,,-0.011847831222211114,18.6236,18.066612698412698,16.299117969103353,6.598335126564381,13.288236780972795,0.5569873015873021,Volatile Breakout,160,DEXMXUS,,18.8242,
2024-08-15,,-0.00904686520542708,18.666704761904764,18.09981587301587,16.80927444754878,5.100091837712051,12.630040876458892,0.5668888888888937,Volatile Breakout,160,DEXMXUS,,18.6539,
2024-08-16,,-0.0019834994290737207,18.70345238095238,18.131915873015874,16.838243914901746,4.324412166857217,12.186494401793357,0.5715365079365071,Volatile Breakout,160,DEXMXUS,,18.6169,
2024-08-19,,0.006746558234722144,18.74172857142857,18.165596825396825,16.882008153951507,4.480815220723899,12.766687123208541,0.576131746031745,Volatile Breakout,160,DEXMXUS,,18.7425,
2024-08-20,,0.007992530345471538,18.787742857142856,18.200292063492064,16.965700088512325,5.390494254155986,13.083530362433793,0.5874507936507918,Volatile Breakout,160,DEXMXUS,,18.8923,
2024-08-21,,0.015810674190013918,18.840942857142856,18.24012857142857,17.479912958022943,6.181323241377035,15.044990498342447,0.6008142857142857,Volatile Breakout,160,DEXMXUS,,19.191,
2024-08-22,,0.01281850867594203,18.891328571428573,18.283869841269837,17.12406675015144,5.757145422196097,16.519695707169113,0.6074587301587364,Volatile Breakout,160,DEXMXUS,,19.437,
2024-08-23,,-0.017646756186654344,18.9268,18.321807936507934,18.482437681160736,4.059599653389001,14.308634510503527,0.604992063492066,Volatile Breakout,160,DEXMXUS,,19.094,
2024-08-26,,0.016287839111762903,18.97484761904762,18.36098253968254,19.138615184845044,5.484888019134604,14.571647871523874,0.6138650793650804,Trending,80,DEXMXUS,,19.405,
2024-08-27,,0.012553465601648828,19.021966666666668,18.404242857142858,19.013252603691328,5.303042483292342,16.10451923986005,0.6177238095238096,Trending,80,DEXMXUS,,19.6486,
2024-08-28,,-0.006097126512830342,19.056752380952382,18.444477777777777,19.149993099363897,3.8859896905571123,14.915852653877849,0.6122746031746047,Trending,80,DEXMXUS,,19.5288,
2024-08-29,,0.013272704928106283,19.113442857142857,18.479557142857143,18.966109093778957,6.401398037370609,12.572533849129597,0.6338857142857144,Volatile Breakout,160,DEXMXUS,,19.788,
2024-08-30,,-0.006589852435819776,19.161814285714286,18.508122222222223,19.25696229098993,5.449044620154697,10.077276290738023,0.6536920634920627,Trending,80,DEXMXUS,,19.6576,
2024-09-02,,0.0,19.19317142857143,18.541830158730157,18.300149729307435,3.465953650436071,12.111326565529822,0.6513412698412715,Trending,80,DEXMXUS,,19.6576,
2024-09-03,,0.00877014488035166,19.211504761904763,18.578477777777778,16.737265937555765,1.9799434301877028,13.177179645229774,0.6330269841269853,Trending,80,DEXMXUS,,19.83,
2024-09-04,,-0.0007009581442258828,19.235190476190475,18.603079365079363,16.529963205511155,2.5747074078483534,8.48507078647993,0.6321111111111115,Trending,80,DEXMXUS,,19.8161,
2024-09-05,,0.008906898935713947,19.274166666666666,18.628295238095237,16.411813519930277,4.268779238660492,8.631819169745715,0.6458714285714287,Trending,80,DEXMXUS,,19.9926,
2024-09-06,,0.0023658753738884375,19.318304761904763,18.653769841269842,16.301202707804542,4.849578820697964,8.70572280987254,0.6645349206349209,Trending,80,DEXMXUS,,20.0399,
2024-09-09,,-0.0077545297132221025,19.368780952380952,18.671952380952384,15.492121612156543,5.630959653642842,6.112919579486631,0.6968285714285685,Trending,80,DEXMXUS,,19.8845,
2024-09-10,,0.009987678845331915,19.42064285714286,18.696111111111108,15.546537778131619,5.733915973465309,8.199945046360412,0.7245317460317509,Trending,80,DEXMXUS,,20.0831,
2024-09-11,,-0.012219229103076712,19.45815714285714,18.718107936507938,16.38199128814561,4.135454779290182,7.510337688801716,0.7400492063492017,Trending,80,DEXMXUS,,19.8377,
2024-09-12,,-0.011836049542033544,19.495238095238097,18.735777777777777,16.38073850851189,4.136696380191451,6.020649334494355,0.7594603174603201,Trending,80,DEXMXUS,,19.6029,
2024-09-13,,-0.01754842395767975,19.524047619047618,18.74954126984127,17.338730325787076,3.243289606999067,4.714601072216973,0.774506349206348,Trending,80,DEXMXUS,,19.2589,
2024-09-16,,-0.0004101999594992023,19.554242857142857,18.763179365079367,17.306547840106386,3.406045045093431,4.671647147098179,0.7910634920634898,Trending,80,DEXMXUS,,19.251,
2024-09-17,,0.0013453846553426185,19.579690476190475,18.77717777777778,17.207099942366668,2.8512738428704942,4.794237564555592,0.8025126984126949,Trending,80,DEXMXUS,,19.2769,
2024-09-18,,0.0001711893509848128,19.598161904761906,18.794331746031748,17.041795130737647,2.0532174483784527,5.93807522184675,0.8038301587301575,Trending,80,DEXMXUS,,19.2802,
2024-09-19,,-0.001830893870395478,19.600728571428572,18.81403015873016,16.18732447975065,0.280860820176132,6.892950971733902,0.7866984126984136,Trending,80,DEXMXUS,,19.2449,
2024-09-20,,0.004058218021397941,19.595299999999998,18.833046031746033,15.599513263989698,-0.5865102639296182,6.609655172413786,0.7622539682539653,Trending,80,DEXMXUS,,19.323,
2024-09-23,,0.0032862391968122573,19.60922857142857,18.852422222222224,14.285430225400066,1.5318948360741658,6.719770117473489,0.7568063492063466,Trending,80,DEXMXUS,,19.3865,
2024-09-24,,-0.00221803832563916,19.6063,18.8687,13.144154433207014,-0.3169286266426319,5.5983185937329205,0.7376000000000005,Trending,80,DEXMXUS,,19.3435,
2024-09-25,,0.011786905161940808,19.602628571428575,18.889501587301588,13.05340699585297,-0.3923943690644527,7.176496358359352,0.7131269841269869,Trending,80,DEXMXUS,,19.5715,
2024-09-26,,-0.00012773676008492885,19.604542857142853,18.908279365079366,12.873567558710791,0.20584982180162914,6.434243446100285,0.6962634920634869,Trending,80,DEXMXUS,,19.569,
2024-09-27,,0.0037712708876285195,19.597628571428572,18.930785714285715,12.045412136978896,-0.7337780473013922,7.7800152538559875,0.6668428571428571,Trending,80,DEXMXUS,,19.6428,
2024-09-30,,0.0024181888529128948,19.599185714285714,18.955804761904766,11.857645035620717,0.16634787563081233,8.70150876941167,0.643380952380948,Trending,80,DEXMXUS,,19.6903,
2024-10-01,,0.0007110099896903144,19.601409523809526,18.981046031746033,11.859403534810598,0.23756714960116998,8.77879662804113,0.6203634920634933,Trending,80,DEXMXUS,,19.7043,
2024-10-02,,-0.016793288774531456,19.579666666666668,19.001465079365076,12.78541037540211,-2.3025718608169377,7.112290595455306,0.5782015873015922,Trending,80,DEXMXUS,,19.3734,
2024-10-03,,0.005714020254576013,19.56385714285714,19.0251253968254,13.000534230442351,-1.675405352213588,8.284102592602881,0.5387317460317433,Trending,80,DEXMXUS,,19.4841,
2024-10-04,,-0.016885563100168866,19.52397619047619,19.044347619047617,13.635724839212482,-4.189049948480927,6.748736353453233,0.47962857142857374,Trending,80,DEXMXUS,,19.1551,
2024-10-07,,0.010054763483354323,19.491014285714286,19.06838888888889,14.194623165065448,-3.4541090524403795,8.49319523806853,0.4226253968253957,Trending,80,DEXMXUS,,19.3477,
2024-10-08,,0.0014678747344645249,19.46680476190476,19.092901587301586,14.052395761078834,-2.556765319721377,8.66037079823685,0.3739031746031749,Trending,80,DEXMXUS,,19.3761,
2024-10-09,,0.0013676642874469458,19.4344,19.120673015873017,13.494247205699605,-3.3884211102867656,9.911063275363974,0.3137269841269834,Trending,80,DEXMXUS,,19.4026,
2024-10-10,,0.004071619267520976,19.417442857142856,19.147904761904762,13.052565796490367,-1.7950669684489662,9.65664752898796,0.2695380952380937,Trending,80,DEXMXUS,,19.4816,
2024-10-11,,-0.0025870565045992278,19.409266666666667,19.17603492063492,12.449175428988735,-0.8758908120737319,10.035675859335203,0.23323174603174834,Trending,80,DEXMXUS,,19.4312,
2024-10-14,,0.0,19.417471428571428,19.20274126984127,10.772874791484204,0.8946513040724025,9.479567517621025,0.2147301587301591,Trending,80,DEXMXUS,,19.4312,
2024-10-15,,0.007220346658981525,19.432733333333335,19.23014285714286,11.01793833706135,1.6648485792945866,9.673749803868837,0.2025904761904762,Trending,80,DEXMXUS,,19.5715,
2024-10-16,,0.015941547658585353,19.46161904761905,19.2610126984127,12.203744193245896,3.146771524467118,10.841365316327266,0.20060634920634968,Trending,80,DEXMXUS,,19.8835,
2024-10-17,,0.00012573239117852353,19.49046666666667,19.29212380952381,12.204380182345737,3.142083588344513,10.933839116367295,0.19834285714285826,Trending,80,DEXMXUS,,19.886,
2024-10-18,,-0.003515035703510083,19.517666666666667,19.319779365079363,12.27607294907265,2.968059070195217,9.639920769290367,0.19788730158730417,Stable,40,DEXMXUS,,19.8161,
2024-10-21,,0.011773255080464784,19.552257142857144,19.346295238095237,12.76594183948633,3.759250633959521,9.089227320459848,0.20596190476190657,Stable,40,DEXMXUS,,20.0494,
2024-10-22,,-0.00749149600486787,19.576671428571427,19.3709,13.14700871680913,2.6446238361746532,8.447825778921047,0.2057714285714276,Stable,40,DEXMXUS,,19.8992,
2024-10-23,,0.0014673956741979577,19.60452380952381,19.39522380952381,13.085422099504148,3.0237547496575035,8.330071754729286,0.20929999999999893,Stable,40,DEXMXUS,,19.9284,
2024-10-24,,-0.0038337247345496817,19.617880952380954,19.414158730158732,12.642244426902899,1.4332064481516582,6.393127214067129,0.20372222222222192,Stable,40,DEXMXUS,,19.852,
2024-10-25,,0.0030525891597823485,19.63424285714286,19.431846031746034,12.663734830867252,1.7558383157034285,5.927663671715,0.2023968253968249,Stable,40,DEXMXUS,,19.9126,
2024-10-28,,0.006618924700942941,19.653366666666667,19.4548126984127,12.784081230028264,2.044515038589201,7.780077967468735,0.1985539682539681,Stable,40,DEXMXUS,,20.0444,
2024-10-29,,-0.002215082516812683,19.668114285714285,19.476371428571426,12.819801625122274,1.5728556700507434,7.2857771245266045,0.19174285714285944,Trending,80,DEXMXUS,,20.0,
2024-10-30,,0.008599999999999941,19.690385714285714,19.494988888888887,13.103027866322408,2.3735935810965225,6.173450321331031,0.195396825396827,Stable,40,DEXMXUS,,20.172,
2024-10-31,,-0.006970057505453098,19.721719047619047,19.504296825396825,11.783485230487763,3.3964095099466407,3.0156852661352485,0.21742222222222196,Stable,40,DEXMXUS,,20.0314,
2024-11-01,,-0.00020467865451245792,19.747585714285716,19.515544444444444,11.702348475245277,2.7879142480278674,3.66794867149447,0.2320412698412717,Stable,40,DEXMXUS,,20.0273,
2024-11-04,,0.003030862872179574,19.792009523809526,19.530050793650794,9.648367805168181,4.870243433863575,4.766325407711447,0.2619587301587316,Trending,80,DEXMXUS,,20.088,
2024-11-05,,0.0076513341298287685,19.834580952380954,19.547966666666667,9.438116065448286,4.62070426975818,5.90540469837284,0.28661428571428615,Trending,80,DEXMXUS,,20.2417,
2024-11-06,,0.000410044610877458,19.87619523809524,19.57059365079365,9.455131345685018,4.510195550188123,7.572578288931964,0.30560158730158804,Trending,80,DEXMXUS,,20.25,
2024-11-07,,-0.01807901234567899,19.899114285714283,19.58471904761905,11.767149518129791,2.480595384123774,4.685163735916609,0.3143952380952335,Trending,80,DEXMXUS,,19.8839,
2024-11-08,,0.017053998461066477,19.93441904761905,19.603339682539684,12.965576820302434,3.8056422470433615,6.158037575000375,0.33107936507936486,Trending,80,DEXMXUS,,20.223,
2024-11-11,,0.0,19.972123809523808,19.625542857142857,12.885708287815131,4.074889867841391,7.430860275602669,0.34658095238095044,Trending,80,DEXMXUS,,20.223,
2024-11-12,,0.018216881768283733,20.027371428571428,19.656296825396826,14.034981688811222,5.970809831611024,10.386567956298688,0.37107460317460195,Trending,80,DEXMXUS,,20.5914,
2024-11-13,,-2.9138378157766986e-05,20.075909523809525,19.687628571428572,13.97199333632598,5.20808318217818,10.60273192636798,0.3882809523809527,Trending,80,DEXMXUS,,20.5908,
2024-11-14,,-0.0039046564485110125,20.105761904761906,19.715690476190478,13.230399035783838,3.152865441194952,9.4325730292117,0.39007142857142796,Trending,80,DEXMXUS,,20.5104,
2024-11-15,,-0.00842499414930975,20.127266666666667,19.738631746031746,13.667662025157457,2.270944382983009,7.650206697966899,0.3886349206349209,Trending,80,DEXMXUS,,20.3376,
2024-11-18,,-0.003569742742506432,20.148642857142857,19.755679365079367,13.670005068564507,2.2653297066526745,5.59637329998437,0.39296349206349035,Trending,80,DEXMXUS,,20.265,
2024-11-19,,-0.005847520355292457,20.153266666666667,19.766941269841272,13.294558662105056,0.48430376968886524,3.650254668930386,0.386325396825395,Trending,80,DEXMXUS,,20.1465,
2024-11-20,,0.008110589928771672,20.172823809523813,19.78624126984127,13.246360931686588,2.0639020664147134,6.367968995495965,0.38658253968254286,Trending,80,DEXMXUS,,20.3099,
2024-11-21,,0.006558377933914006,20.197333333333333,19.80271904761905,13.385353847830888,2.5827462315088034,5.349652151507334,0.39461428571428314,Trending,80,DEXMXUS,,20.4431,
2024-11-22,,0.0020251331745184675,20.227452380952382,19.815987301587302,13.258311606303627,3.186076969574847,4.254247121932364,0.4114650793650796,Trending,80,DEXMXUS,,20.4845,
2024-11-25,,-0.007444653274427004,20.24742380952381,19.828736507936508,13.600454136651043,2.106204111969312,4.1128999221662355,0.41868730158730116,Trending,80,DEXMXUS,,20.332,
2024-11-26,,0.01987015542002757,20.28035714285714,19.843784126984126,14.990457597497123,3.4503402446568687,4.790782292298368,0.4365730158730159,Trending,80,DEXMXUS,,20.736,
2024-11-27,,-0.004205246913580263,20.31125238095238,19.85951746031746,15.070899682515279,3.2440000000000024,5.04232459710241,0.4517349206349195,Trending,80,DEXMXUS,,20.6488,
2024-11-28,,0.0,20.333957142857145,19.875250793650796,14.85796680443679,2.3636724172119816,5.04232459710241,0.45870634920634856,Trending,80,DEXMXUS,,20.6488,
2024-11-29,,-0.01620433148657563,20.34742380952381,19.88293650793651,15.80817174306762,1.4117834999051393,2.441754916792749,0.464487301587301,Trending,80,DEXMXUS,,20.3142,
2024-12-02,,0.005951501905071321,20.366842857142856,19.892761904761908,15.906586324706176,2.036220558937041,3.1237226295789844,0.47408095238094816,Trending,80,DEXMXUS,,20.4351,
2024-12-03,,-0.005485659478054794,20.378033333333335,19.898006349206348,16.043129184245988,1.1698526483472582,1.652611466242515,0.48002698412698663,Trending,80,DEXMXUS,,20.323,
2024-12-04,,-0.003218028834325648,20.378790476190474,19.901461904761906,15.882440511855672,0.07855071461388974,1.0863327661315703,0.47732857142856844,Trending,80,DEXMXUS,,20.2576,
2024-12-05,,-0.003238290814311706,20.37602857142857,19.906342857142857,15.923261667295527,-0.28641975308641987,1.5464306369282754,0.4696857142857134,Trending,80,DEXMXUS,,20.192,
2024-12-06,,0.002193938193343792,20.392809523809525,19.908774603174606,14.524504279671566,1.7722881326097895,0.7628304395237651,0.4840349206349188,Stable,40,DEXMXUS,,20.2363,
2024-12-09,,-0.002436216106699307,20.391095238095236,19.91431904761905,13.307498998816742,-0.17801513128614666,1.7607888011210937,0.4767761904761869,Trending,80,DEXMXUS,,20.187,
2024-12-10,,0.0026254520235793333,20.39190476190476,19.924431746031747,13.339819157025302,0.08406270088512358,3.2500293323946883,0.46747301587301493,Trending,80,DEXMXUS,,20.24,
2024-12-11,,-0.005227272727272636,20.370133333333335,19.938325396825395,11.692579757772501,-2.220344415629827,4.5449117031606034,0.4318079365079406,Trending,80,DEXMXUS,,20.1342,
2024-12-12,,0.0004867340147609589,20.348857142857145,19.9525,11.699578766985303,-2.1699011208889507,4.638720066490043,0.39635714285714485,Trending,80,DEXMXUS,,20.144,
2024-12-13,,-0.00024324861000790676,20.331176190476192,19.966185714285714,11.654428464997439,-1.8103011155316429,4.472710861186169,0.36499047619047786,Trending,80,DEXMXUS,,20.1391,
2024-12-16,,0.00010427476898189347,20.321823809523806,19.979852380952384,11.325239062369736,-0.9656990008653721,4.4657213099449145,0.3419714285714228,Trending,80,DEXMXUS,,20.1412,
2024-12-17,,0.006146604968919389,20.32182380952381,19.996044444444443,11.485701359117625,0.0,5.300625100676015,0.32577936507936656,Trending,80,DEXMXUS,,20.265,
2024-12-18,,-0.00524056254626204,20.322409523809522,20.009311111111113,11.448464586550461,0.061052788325510754,4.325415308181957,0.3130984126984089,Trending,80,DEXMXUS,,20.1588,
2024-12-19,,0.01264460186122185,20.32735238095238,20.02561587301587,11.947371992054338,0.5110808029581637,5.2985324839450065,0.30173650793651063,Trending,80,DEXMXUS,,20.4137,
2024-12-20,,-0.017013084350215646,20.309414285714286,20.03709047619048,13.117104626914788,-1.8426755237708536,3.7371726936697325,0.2723238095238081,Trending,80,DEXMXUS,,20.0664,
2024-12-23,,0.00670773033528671,20.295914285714286,20.04708253968254,13.34487200327279,-1.3839732480656064,3.2164116189356884,0.2488317460317475,Trending,80,DEXMXUS,,20.201,
2024-12-24,,-0.0019800999950496667,20.28777142857143,20.056479365079365,13.125716910793415,-0.8410387566397781,3.0251929071490657,0.231292063492063,Trending,80,DEXMXUS,,20.161,
2024-12-25,,0.0,20.260390476190477,20.06470476190476,10.87737282100238,-2.7729552469135776,2.638116765430598,0.19568571428571602,Volatile Breakout,160,DEXMXUS,,20.161,
2024-12-26,,0.0006944099995038755,20.237828571428572,20.072398412698412,10.845753166239833,-2.2945643330363086,2.461618157163681,0.16543015873016031,Volatile Breakout,160,DEXMXUS,,20.175,
2024-12-27,,0.0023296158612144957,20.217504761904763,20.080615873015873,10.904911013675726,-2.0669482003796813,2.6273453002644054,0.1368888888888904,Volatile Breakout,160,DEXMXUS,,20.222,
2024-12-30,,0.01602215408960528,20.228542857142855,20.099228571428572,10.94695657770292,1.1410737316753794,6.052628862254417,0.12931428571428327,Trending,80,DEXMXUS,,20.546,
2024-12-31,,0.015073493624063072,20.24857142857143,20.121000000000002,11.925089151659275,2.058223350999011,7.039586124070385,0.12757142857142867,Trending,80,DEXMXUS,,20.8557,
2025-01-01,,0.0,20.273938095238094,20.14799365079365,11.698575944341405,2.6211681346257842,8.878053364378147,0.12594444444444264,Trending,80,DEXMXUS,,20.8557,
2025-01-02,,-0.011061724132970796,20.291433333333334,20.168268253968254,12.37288211126741,1.8136403127714917,6.6018183039844525,0.12316507936508003,Trending,80,DEXMXUS,,20.625,
2025-01-03,,0.0011636363636364777,20.31319523809524,20.18847301587302,12.281667416326043,2.26327258320127,6.569433477325148,0.12472222222222129,Trending,80,DEXMXUS,,20.649,
2025-01-06,,-0.01801055741198121,20.315138095238094,20.202353968253966,13.936626762728055,0.2016178846923733,4.507127910692388,0.11278412698412765,Trending,80,DEXMXUS,,20.2771,
2025-01-07,,0.0023869290973561608,20.321733333333334,20.21574920634921,13.924754668990735,0.686085104275036,4.331779730617624,0.10598412698412574,Trending,80,DEXMXUS,,20.3255,
2025-01-08,,0.0022877665986076323,20.328019047619048,20.23068253968254,13.918329379816335,0.6521739130434856,4.841697887932805,0.09733650793650739,Trending,80,DEXMXUS,,20.372,
2025-01-09,,0.006484390339682067,20.345633333333335,20.2477126984127,13.918695416418284,1.837172572041612,5.521532380913174,0.09792063492063718,Trending,80,DEXMXUS,,20.5041,
2025-01-10,,0.010158943820991695,20.3727,20.265822222222223,14.280733347030564,2.8216838760921403,5.829394783230701,0.1068777777777754,Stable,40,DEXMXUS,,20.7124,
2025-01-13,,0.003751375987331329,20.4037,20.280212698412697,14.291106260005943,3.2325178384337017,4.559559433701299,0.12348730158730348,Stable,40,DEXMXUS,,20.7901,
2025-01-14,,-0.013261119475134864,20.421471428571426,20.290187301587302,15.1841071303406,1.8529183961233597,3.1600120687921063,0.13128412698412362,Stable,40,DEXMXUS,,20.5144,
2025-01-15,,-0.002164333346332259,20.431233333333335,20.300566666666665,15.096218036748354,1.011596348383903,3.2998420476279433,0.13066666666667004,Stable,40,DEXMXUS,,20.47,
2025-01-16,,0.01591597459697125,20.461566666666666,20.312414285714286,15.839253494547062,3.1599103121217498,3.7228046724590236,0.14915238095237981,Stable,40,DEXMXUS,,20.7958,
2025-01-17,,-0.004558612796814687,20.475247619047618,20.325141269841268,15.43411513099647,1.4073881755879647,4.0293077108627395,0.15010634920635013,Stable,40,DEXMXUS,,20.701,
2025-01-20,,0.0,20.505466666666667,20.33740476190476,14.034163160407257,3.1625004983454774,3.876879227634933,0.16806190476190608,Stable,40,DEXMXUS,,20.701,
2025-01-21,,-0.0069513550070046115,20.522423809523808,20.34859682539682,14.194817744415555,1.7627840205930223,3.551783195647773,0.17382698412698616,Trending,80,DEXMXUS,,20.5571,
2025-01-22,,-0.0035656780382447018,20.53779523809524,20.35766349206349,14.2454746147492,1.6011110559991826,2.8685355001355717,0.18013174603174775,Trending,80,DEXMXUS,,20.4838,
2025-01-23,,-0.006019390933322932,20.547295238095238,20.362680952380952,14.439094924837734,0.989534249293178,1.5769990620821739,0.18461428571428584,Trending,80,DEXMXUS,,20.3605,
2025-01-24,,-0.006325974313007965,20.54999523809524,20.36635873015873,14.631221415529616,0.2810408921932961,1.1584999999999956,0.18363650793650876,Trending,80,DEXMXUS,,20.2317,
2025-01-27,,0.024174933396600373,20.57374761904762,20.37506984126984,16.828698523503206,2.4666205123133222,2.7206028157842566,0.19867777777777818,Trending,80,DEXMXUS,,20.7208,
2025-01-28,,-0.00807883865487824,20.5741,20.383355555555553,16.216455591887282,0.036016742918332234,2.6059087233043954,0.19074444444444794,Trending,80,DEXMXUS,,20.5534,
2025-01-29,,0.0008173830120563608,20.560504761904763,20.391973015873013,15.279044031237202,-1.368930316412298,2.710799758329885,0.16853174603174992,Trending,80,DEXMXUS,,20.5702,
2025-01-30,,-0.006878883044404094,20.540171428571426,20.397380952380953,15.429395016832023,-2.0474019093101647,1.6960374352847474,0.14279047619047347,Trending,80,DEXMXUS,,20.4287,
2025-01-31,,0.009804833396153567,20.5403619047619,20.40352857142857,15.397753183438393,0.019393939393941295,1.9133768408779783,0.1368333333333318,Trending,80,DEXMXUS,,20.629,
2025-02-03,,-0.004750593824228155,20.534742857142856,20.407988888888887,15.480122996423077,-0.5714562448544847,1.3876543209876413,0.12675396825396845,Trending,80,DEXMXUS,,20.531,
2025-02-04,,-0.004369002971116864,20.542561904761904,20.41683650793651,14.171584386754448,0.8097804912931217,2.8032729997636174,0.12572539682539485,Trending,80,DEXMXUS,,20.4413,
2025-02-05,,0.006917368269141466,20.55480952380952,20.42254603174603,14.336675634459889,1.2654055250793217,1.7786678534342126,0.13226349206349042,Trending,80,DEXMXUS,,20.5827,
2025-02-06,,-0.003911051514135733,20.561009523809524,20.426977777777775,14.407413030499422,0.6391125073630377,1.3806062404193131,0.1340317460317486,Trending,80,DEXMXUS,,20.5022,
2025-02-07,,0.004228814468691278,20.56504761904762,20.426938095238093,14.307093532156554,0.41357582142107496,-0.012140990899123238,0.13810952380952557,Trending,80,DEXMXUS,,20.5889,
2025-02-10,,0.004327574566878267,20.563409523809522,20.428322222222224,13.93521472238837,-0.16608408489598991,0.42349010237581197,0.13508730158729776,Trending,80,DEXMXUS,,20.678,
2025-02-11,,-0.006199825901924694,20.551966666666665,20.42894761904762,14.019949327973949,-1.1558385962549322,0.19209766752477098,0.12301904761904581,Trending,80,DEXMXUS,,20.5498,
2025-02-12,,-0.0032701048185383996,20.550452380952382,20.43124920634921,13.283448118123905,-0.15501306399405834,0.7129651482967736,0.11920317460317165,Trending,80,DEXMXUS,,20.4826,
2025-02-13,,0.0010008495015281227,20.55202857142857,20.43502857142857,13.264931693768862,0.16170004885198708,1.1749321490254205,0.11699999999999733,Trending,80,DEXMXUS,,20.5031,
2025-02-14,,-0.00943271993015693,20.528880952380952,20.437619047619048,12.332808385244864,-2.337491224189503,0.8100662646117085,0.09126190476190388,Trending,80,DEXMXUS,,20.3097,
2025-02-17,,0.0,20.510247619047618,20.437615873015872,12.272548940656208,-1.8902468479783607,-0.0009847414315200531,0.07263174603174605,Trending,80,DEXMXUS,,20.3097,
2025-02-18,,-0.0029887196758199286,20.48872380952381,20.43453492063492,12.289203100378472,-2.1834693976136466,-0.9494646115315253,0.05418888888888773,Trending,80,DEXMXUS,,20.249,
2025-02-19,,0.009570843004592877,20.483280952380955,20.433873015873015,12.613354495876901,-0.5560122779964094,-0.2035685518318786,0.049407936507940065,Trending,80,DEXMXUS,,20.4428,
2025-02-20,,-0.0037959575009293145,20.47763333333333,20.434400000000004,12.621264568301354,-0.5789941319481628,0.16328939602596737,0.04323333333332613,Trending,80,DEXMXUS,,20.3652,
2025-02-21,,-0.0006432541786970392,20.47723333333333,20.428306349206352,12.447640461467405,-0.04125635421525775,-1.85136959876544,0.04892698412697882,Trending,80,DEXMXUS,,20.3521,
2025-02-24,,0.004323878125598979,20.487157142857143,20.42499365079365,12.3106213884833,1.0300666775406864,-1.0107124869241813,0.06216349206349392,Trending,80,DEXMXUS,,20.4401,
2025-02-25,,0.004373755510002297,20.47804761904762,20.423099999999998,8.974903811952109,-0.9232269024362028,-0.57775754523266,0.05494761904762058,Trending,80,DEXMXUS,,20.5295,
2025-02-26,,-0.004983073138654093,20.472038095238094,20.424893650793653,8.702241269398439,-0.6140103340566583,0.5562611375294013,0.04714444444444155,Trending,80,DEXMXUS,,20.4272,
2025-02-27,,0.00267290671261855,20.46782857142857,20.42563492063492,8.75527237727014,-0.42974788772107697,0.22852836541049637,0.04219365079364934,Trending,80,DEXMXUS,,20.4818,
2025-02-28,,0.002128719155543024,20.47243333333333,20.428847619047623,8.438563705469067,0.47335366420770963,0.9959159572897835,0.04358571428570812,Trending,80,DEXMXUS,,20.5254,
2025-03-03,,-0.0034055365547078775,20.46417142857143,20.431988888888885,7.765568555925342,-0.8410490086771083,0.9769173051101809,0.032182539682544586,Trending,80,DEXMXUS,,20.4555,
2025-03-04,,0.01816137469140333,20.478266666666666,20.44206825396825,9.905854054884337,1.4417222736350155,3.1448098256735335,0.03619841269841473,Trending,80,DEXMXUS,,20.827,
2025-03-05,,-0.021174437028856907,20.47563333333333,20.444444444444443,12.388910749309428,-0.27053073923869464,0.7397597386874066,0.031188888888888044,Stable,40,DEXMXUS,,20.386,
2025-03-06,,-0.0035710781909154,20.462799999999998,20.446447619047618,12.171222695493286,-1.3093520286454163,0.6251548025957065,0.01635238095238023,Stable,40,DEXMXUS,,20.3132,
2025-03-07,,-0.002323612232440042,20.451552380952382,20.446860317460317,12.129149813448567,-1.1520714850113634,0.12845849802372022,0.0046920634920653015,Trending,80,DEXMXUS,,20.266,
2025-03-10,,0.000986874568242424,20.43712857142857,20.449269841269842,12.020597562631126,-1.4711810732967678,0.753941055517493,-0.012141269841272617,Trending,80,DEXMXUS,,20.286,
2025-03-11,,0.0031055900621117516,20.4214619047619,20.45252380952381,11.963798988245472,-1.5910629654705466,1.0176727561556964,-0.031061904761909176,Trending,80,DEXMXUS,,20.349,
2025-03-12,,-0.008904614477369899,20.403271428571426,20.45297936507936,12.15460110834331,-1.858898870061998,0.14250885094171384,-0.04970793650793581,Trending,80,DEXMXUS,,20.1678,
2025-03-13,,-0.0037931752595721235,20.384638095238095,20.4521873015873,12.168983749549957,-1.9104019997461363,-0.247750878795705,-0.0675492063492058,Trending,80,DEXMXUS,,20.0913,
2025-03-14,,-0.011786196015190598,20.353752380952383,20.445671428571426,12.712671837277338,-3.163424067580012,-2.025660004934615,-0.09191904761904368,Trending,80,DEXMXUS,,19.8545,
2025-03-17,,0.0018786673046411462,20.33385238095238,20.441433333333332,12.42380048900505,-2.0576374835669653,-1.324483600214299,-0.10758095238095322,Trending,80,DEXMXUS,,19.8918,
2025-03-18,,0.004725565308318025,20.318428571428573,20.43464126984127,12.576730217110368,-1.594804453044596,-2.0961413168607224,-0.11621269841269566,Trending,80,DEXMXUS,,19.9858,
2025-03-19,,0.0035625293958709836,20.309285714285714,20.434492063492062,12.633456257125728,-0.9481949725912431,-0.04684447633857003,-0.12520634920634777,Trending,80,DEXMXUS,,20.057,
2025-03-20,,0.0038490302637483875,20.294590476190475,20.433431746031747,12.211565300795979,-1.509577944312901,-0.33067669917331566,-0.1388412698412722,Trending,80,DEXMXUS,,20.1342,
2025-03-21,,0.002970070824765747,20.286438095238097,20.433955555555556,12.220063572153148,-0.8406497358238729,0.16368235702592937,-0.14751746031745938,Trending,80,DEXMXUS,,20.194,
2025-03-24,,-0.004852926611864872,20.274242857142855,20.43292380952381,12.318382727738681,-1.2583468045066604,-0.3224046426268612,-0.15868095238095492,Trending,80,DEXMXUS,,20.096,
2025-03-25,,-0.0012291003184713434,20.25668095238095,20.431277777777776,12.189703047609758,-1.8042964564752628,-0.5140024783147457,-0.17459682539682575,Trending,80,DEXMXUS,,20.0713,
2025-03-26,,0.001928126229989946,20.23670476190476,20.4295,12.086946767625731,-2.043400959594721,-0.5538522401345114,-0.1927952380952398,Trending,80,DEXMXUS,,20.11,
2025-03-27,,0.008368970661362551,20.229614285714284,20.425250793650793,12.407018168328454,-0.7289300540455734,-1.3029300107076702,-0.19563650793650922,Trending,80,DEXMXUS,,20.2783,
2025-03-28,,0.0069779024868947825,20.226661904761905,20.418331746031743,12.625530609298007,-0.3027077698249281,-2.09007609430516,-0.19166984126983877,Trending,80,DEXMXUS,,20.4198,
2025-03-31,,0.00188052772309244,20.223461904761905,20.412022222222223,12.620266882317418,-0.3273992224268496,-1.9059537680346295,-0.18856031746031832,Trending,80,DEXMXUS,,20.4582,
2025-04-01,,-0.00631531610796654,20.217438095238094,20.407323809523813,12.755075111097097,-0.6184155850504802,-1.4351515151515115,-0.18988571428571888,Trending,80,DEXMXUS,,20.329,
2025-04-02,,0.008411628707757357,20.201866666666668,20.404958730158732,11.350223215314598,-1.5700773035002724,-0.7215845803670962,-0.20309206349206477,Trending,80,DEXMXUS,,20.5,
2025-04-03,,-0.026790243902439004,20.18114285714286,20.399779365079365,12.710088691984653,-2.1347983910526724,-1.6092044720398824,-0.21863650793650535,Trending,80,DEXMXUS,,19.9508,
2025-04-04,,0.027076608456803708,20.189609523809526,20.40240634920635,15.9491036809737,0.8752929129826947,0.8142481119775447,-0.212796825396822,Trending,80,DEXMXUS,,20.491,
2025-04-07,,0.010882826606802842,20.210942857142857,20.407834920634922,16.310382699696962,2.2105990328629144,1.678774788925974,-0.196892063492065,Trending,80,DEXMXUS,,20.714,
2025-04-08,,-0.00024621029255567084,20.231080952380953,20.411085714285715,16.316976739599063,2.0846889480429676,0.9988246253188393,-0.18000476190476178,Trending,80,DEXMXUS,,20.7089,
2025-04-09,,0.01135743569190062,20.259419047619048,20.41476349206349,16.695030529172687,2.9244680328271544,1.118653560186167,-0.15534444444444162,Trending,80,DEXMXUS,,20.9441,
2025-04-10,,-0.02106559842628708,20.27537619047619,20.41020476190476,18.11437410691212,1.6615595156635798,-1.3814267367641242,-0.13482857142857085,Trending,80,DEXMXUS,,20.5029,
2025-04-11,,-0.006482009862019522,20.28864761904762,20.407912698412698,18.22477383587836,1.387167579997306,-0.7038958000233908,-0.11926507936507846,Trending,80,DEXMXUS,,20.37,
2025-04-14,,-0.012002945508100216,20.30155238095238,20.402444444444445,18.243658412609516,1.3649298647661512,-1.682950659501714,-0.10089206349206492,Trending,80,DEXMXUS,,20.1255,
2025-04-15,,-0.007706640828799127,20.305295238095237,20.389342857142857,18.4670171211545,0.3951376949295815,-3.969070677733,-0.08404761904762026,Trending,80,DEXMXUS,,19.9704,
2025-04-16,,-0.0002804150142211581,20.30429523809524,20.377657142857142,18.39551473365949,-0.10507460296811377,-3.556349934785763,-0.07336190476190296,Trending,80,DEXMXUS,,19.9648,
2025-04-17,,-0.007858831543516631,20.29243333333333,20.363480952380954,18.542798549863527,-1.2419604128234507,-4.3142843340901464,-0.07104761904762213,Trending,80,DEXMXUS,,19.8079,
2025-04-18,,-0.004563835641335001,20.272590476190476,20.35015396825397,18.521476676571684,-2.0696128974580508,-4.084233671091731,-0.07756349206349356,Trending,80,DEXMXUS,,19.7175,
2025-04-21,,-0.0027741853683276307,20.247295238095237,20.337122222222224,18.47588781559942,-2.630484302267988,-4.008045382204461,-0.08982698412698653,Trending,80,DEXMXUS,,19.6628,
2025-04-22,,-0.004007567589560002,20.22291428571429,20.324796825396827,18.457162734225697,-2.547770700636942,-3.813757029542486,-0.10188253968253846,Trending,80,DEXMXUS,,19.584,
2025-04-23,,0.002486723856209183,20.202028571428574,20.31528888888889,18.500339196929,-2.1852097273221016,-2.9607002871731014,-0.11326031746031617,Trending,80,DEXMXUS,,19.6327,
2025-04-24,,-0.002195316996643326,20.17724761904762,20.297333333333334,18.47360143183957,-2.587767279960207,-5.459248677657236,-0.12008571428571457,Stable,40,DEXMXUS,,19.5896,
2025-04-25,,-0.0015875770817169732,20.14297142857143,20.28154126984127,18.143954954904878,-3.5496072155950076,-4.84056165889829,-0.13856984126984173,Stable,40,DEXMXUS,,19.5585,
2025-04-28,,-0.0003988035892322772,20.101585714285715,20.265358730158734,17.879619210266224,-4.256163135779978,-4.956198772982279,-0.1637730158730193,Stable,40,DEXMXUS,,19.5507,
2025-04-29,,0.0017595277918438512,20.060009523809523,20.251968253968254,17.8763518103093,-4.267726388440829,-4.129484499747893,-0.19195873015873133,Stable,40,DEXMXUS,,19.5851,
2025-04-30,,0.0003216731086386204,20.024885714285716,20.235498412698416,17.822917935743458,-3.6283142309016747,-5.029812400019395,-0.21061269841269947,Stable,40,DEXMXUS,,19.5914,
2025-05-01,,0.002276509080514799,19.983742857142857,20.221292063492065,17.508362289915755,-4.214634146341467,-4.359261604403097,-0.2375492063492075,Stable,40,DEXMXUS,,19.636,
2025-05-02,,0.0016551232430230822,19.9703,20.209025396825396,15.028923274477732,-1.414980852898129,-3.780581469867361,-0.2387253968253944,Trending,80,DEXMXUS,,19.6685,
2025-05-05,,-0.0018760962961081873,19.92937619047619,20.19392857142857,11.147512764901471,-4.194036406227131,-4.620870925583132,-0.2645523809523809,Trending,80,DEXMXUS,,19.6316,
2025-05-06,,0.002821980887956377,19.88047142857143,20.180988888888887,10.289090159876167,-4.9579994206816576,-3.976158656144202,-0.3005174603174581,Trending,80,DEXMXUS,,19.687,
2025-05-07,,-0.005277594351602577,19.826861904761905,20.16502380952381,10.304093132348896,-5.43630999232213,-4.88515656494517,-0.338161904761904,Trending,80,DEXMXUS,,19.5831,
2025-05-08,,9.702243260756305e-05,19.762142857142855,20.147674603174604,9.037484044246465,-6.489178336619849,-5.285811006867203,-0.38553174603174867,Trending,80,DEXMXUS,,19.585,
2025-05-09,,-0.005187643604799619,19.713595238095238,20.13074761904762,6.351497104924494,-4.9724673095025596,-5.189344908466264,-0.41715238095238405,Trending,80,DEXMXUS,,19.4834,
2025-05-12,,0.006651816418078882,19.67754761904762,20.116944444444442,6.898616399953866,-3.716249386352488,-4.245554763555415,-0.43939682539682323,Trending,80,DEXMXUS,,19.613,
2025-05-13,,-0.00993728649365222,19.643861904761906,20.099722222222223,6.541257374439774,-3.5149437281061346,-5.291882690910155,-0.4558603174603171,Trending,80,DEXMXUS,,19.4181,
2025-05-14,,-0.00350188741431956,19.61432380952381,20.084490476190478,6.207981564339529,-3.1060970235949226,-4.724835915843162,-0.4701666666666675,Trending,80,DEXMXUS,,19.3501,
2025-05-15,,0.0070232195182453605,19.591523809523807,20.071415873015873,6.868337524566376,-2.398220868728962,-4.055697523843282,-0.47989206349206626,Trending,80,DEXMXUS,,19.486,
2025-05-16,,0.0020014369290772827,19.578052380952382,20.05992380952381,6.493220964391611,-1.4282180342186757,-3.575485209146134,-0.4818714285714272,Trending,80,DEXMXUS,,19.525,
2025-05-19,,-0.007902688860435325,19.561538095238095,20.042906349206348,6.838873430300621,-1.7588436667934637,-5.244389222611378,-0.48136825396825245,Stable,40,DEXMXUS,,19.3707,
2025-05-20,,-0.005353446184185429,19.542690476190476,20.025474603174604,6.987732497960519,-2.0129381369896504,-5.392532359122438,-0.48278412698412865,Stable,40,DEXMXUS,,19.267,
2025-05-21,,0.0026989152436809327,19.530071428571425,20.00907619047619,7.005198009486387,-1.3531454248365993,-5.076134649495634,-0.4790047619047648,Stable,40,DEXMXUS,,19.319,
2025-05-22,,0.00021740255706825806,19.515333333333334,19.991347619047623,6.92120843011813,-1.5764515323923867,-5.464258981120452,-0.47601428571428883,Stable,40,DEXMXUS,,19.3232,
2025-05-23,,-0.002246004802517132,19.500580952380954,19.971511111111113,6.922566733999924,-1.5814513823661502,-6.087337733505427,-0.47093015873015887,Stable,40,DEXMXUS,,19.2798,
2025-05-26,,0.0,19.48730952380952,19.95329841269841,6.920201056846451,-1.4249559015261704,-5.6170204433304445,-0.46598888888888723,Stable,40,DEXMXUS,,19.2798,
2025-05-27,,-0.0025363333644541353,19.47208095238095,19.933442857142854,6.949040051251985,-1.6357470576501165,-6.1073733753869375,-0.46136190476190464,Stable,40,DEXMXUS,,19.2309,
2025-05-28,,0.009677134195487547,19.46407619047619,19.915849206349204,7.801961201693226,-0.85830554860582,-5.4001383651475665,-0.45177301587301244,Stable,40,DEXMXUS,,19.417,
2025-05-29,,-0.004017098418911402,19.452057142857143,19.898126984126986,7.895678932014673,-1.2883203854752723,-5.458189728923768,-0.4460698412698427,Stable,40,DEXMXUS,,19.339,
2025-05-30,,0.0026423289725425736,19.440347619047618,19.87531904761905,7.9135003279518115,-1.252291709105724,-6.899217362078081,-0.43497142857143345,Stable,40,DEXMXUS,,19.3901,
2025-06-02,,-0.007483200189787542,19.420180952380953,19.857207936507933,8.214547005755398,-2.153189109489795,-5.5969783184538375,-0.43702698412698027,Stable,40,DEXMXUS,,19.245,
2025-06-03,,0.0006339308911404995,19.40235238095238,19.840446031746033,8.227718752040241,-1.9071293221133212,-5.198590079357257,-0.4380936507936539,Stable,40,DEXMXUS,,19.2572,
2025-06-04,,-0.002752217352470776,19.379361904761904,19.823592063492065,8.135753319754993,-2.452379742977606,-5.239317082798767,-0.4442301587301607,Stable,40,DEXMXUS,,19.2042,
2025-06-05,,-0.0013955280615699506,19.360042857142858,19.805995238095235,7.998732707656362,-2.071684258365647,-5.464852607709759,-0.4459523809523773,Stable,40,DEXMXUS,,19.1774,
2025-06-06,,-0.0028575302178606155,19.33802380952381,19.786528571428573,8.01387304254842,-2.3609905539954124,-6.0268317853457205,-0.4485047619047613,Stable,40,DEXMXUS,,19.1226,
2025-06-09,,-0.0037181136456337915,19.31745714285714,19.768809523809526,7.935793169165482,-2.216758881919989,-5.535060839556117,-0.45135238095238606,Stable,40,DEXMXUS,,19.0515,
2025-06-10,,2.0995722121552873e-05,19.290738095238094,19.752311111111112,7.441444802682201,-2.8608575944526593,-5.173383504302864,-0.461573015873018,Stable,40,DEXMXUS,,19.0519,
2025-06-11,,-0.010933292742456246,19.263380952380952,19.736265079365076,7.592383495404177,-2.9585798816568087,-5.091540960487562,-0.4728841269841233,Stable,40,DEXMXUS,,18.8436,
2025-06-12,,0.002350930820013142,19.24137142857143,19.720330158730157,7.6603966893613835,-2.388618146676258,-5.0468032053408995,-0.4789587301587268,Stable,40,DEXMXUS,,18.8879,
2025-06-13,,0.0010906453337851119,19.21387142857143,19.703230158730157,7.1205208685322905,-2.9636662219029053,-5.390327132263916,-0.48935873015872744,Stable,40,DEXMXUS,,18.9085,
2025-06-16,,0.0009572414522569517,19.18537619047619,19.6852873015873,7.066245698532043,-3.0647887323943523,-5.635937577902972,-0.49991111111111053,Stable,40,DEXMXUS,,18.9266,
2025-06-17,,0.0016643242843406014,19.16572857142857,19.666619047619047,6.73875314382235,-2.130021114363434,-5.841304844493445,-0.5008904761904773,Stable,40,DEXMXUS,,18.9581,
2025-06-18,,0.0025688228250719813,19.153338095238094,19.647774603174604,6.654564144340812,-1.3504956661649525,-5.878973952659205,-0.4944365079365092,Stable,40,DEXMXUS,,19.0068,
2025-06-19,,0.0,19.13847142857143,19.63048571428571,6.548831369724782,-1.6160256742067447,-5.419984076433126,-0.49201428571427996,Stable,40,DEXMXUS,,19.0068,
2025-06-20,,0.006844918660690036,19.1296,19.61565396825397,7.057112286762816,-0.9641260246749939,-4.655403486570375,-0.4860539682539695,Stable,40,DEXMXUS,,19.1369,
2025-06-23,,0.0012070920577522681,19.12389523809524,19.600574603174604,7.047866875104402,-0.6213757404122555,-4.724017901541522,-0.47667936507936304,Stable,40,DEXMXUS,,19.16,
2025-06-24,,-0.007254697286012468,19.111571428571427,19.58061746031746,7.4473299038211245,-1.3423375761159373,-6.200223884645162,-0.4690460317460321,Stable,40,DEXMXUS,,19.021,
2025-06-25,,-0.005525471846906105,19.096571428571426,19.556746031746034,7.613720987148032,-1.637988861675732,-7.36491052801691,-0.46017460317460746,Stable,40,DEXMXUS,,18.9159,
2025-06-26,,-0.002209781189369875,19.070719047619047,19.531601587301587,6.6041397889789595,-2.79600350208582,-7.743105454047782,-0.4608825396825402,Stable,40,DEXMXUS,,18.8741,
2025-06-27,,-0.0024266057719308787,19.0464,19.50778095238095,6.545664269871766,-2.640777703087027,-7.3820650302523605,-0.4613809523809529,Stable,40,DEXMXUS,,18.8283,
2025-06-30,,4.78003855899356e-05,19.019690476190476,19.481260317460315,6.41081101222762,-2.892713291834492,-8.150243902439025,-0.4615698412698386,Stable,40,DEXMXUS,,18.8292,
2025-07-01,,-0.00483822998321759,18.99555238095238,19.462011111111114,6.154351536794191,-2.633930891140568,-6.078452994366145,-0.4664587301587346,Stable,40,DEXMXUS,,18.7381,
2025-07-02,,0.0006510798853671673,18.971414285714285,19.434380952380952,6.155020403499308,-2.6322622188064804,-8.494949002000885,-0.4629666666666665,Stable,40,DEXMXUS,,18.7503,
2025-07-03,,-0.005669242625451432,18.944738095238094,19.401523809523805,6.324603414938279,-2.917070224221796,-9.993241286086707,-0.45678571428571146,Stable,40,DEXMXUS,,18.644,
2025-07-04,,0.0,18.919338095238093,19.368747619047618,6.343208455295332,-2.781398938333668,-9.971075238182625,-0.4494095238095248,Stable,40,DEXMXUS,,18.644,
2025-07-07,,0.0011102767646429257,18.89753333333333,19.33256666666667,6.372038417820182,-2.3945488584188324,-10.883255905004274,-0.4350333333333367,Stable,40,DEXMXUS,,18.6647,
2025-07-08,,0.002341318103157297,18.881195238095238,19.304082539682536,6.409444598126679,-1.8009080649817544,-8.752420389310778,-0.4228873015872985,Stable,40,DEXMXUS,,18.7084,
2025-07-09,,-0.007878813794872985,18.857819047619046,19.275368253968256,6.8426226707019895,-2.57664589883424,-8.880706921944038,-0.4175492063492108,Stable,40,DEXMXUS,,18.561,
2025-07-10,,0.00378751144873668,18.847709523809524,19.25165079365079,6.069814539711136,-1.1266424674690523,-7.424411815855503,-0.40394126984126544,Stable,40,DEXMXUS,,18.6313,
2025-07-11,,0.002222067166542274,18.837461904761906,19.23105238095238,6.062260985428167,-1.13935376616775,-6.498117213475951,-0.39359047619047516,Stable,40,DEXMXUS,,18.6727,
2025-07-14,,0.004594943420073383,18.830319047619046,19.211904761904766,6.29788408300689,-0.7932940212073913,-6.042134156114754,-0.38158571428571975,Stable,40,DEXMXUS,,18.7585,
2025-07-15,,0.0018285044113335314,18.82394761904762,19.195792063492064,6.328207743552497,-0.7069415531579915,-5.124722964069894,-0.3718444444444451,Stable,40,DEXMXUS,,18.7928,
2025-07-16,,-0.003331062960282627,18.813095238095237,19.180120634920637,6.36630971378186,-1.2021246854906464,-5.007227082540899,-0.3670253968254009,Stable,40,DEXMXUS,,18.7302,
2025-07-17,,0.0017458436108530595,18.801480952380953,19.165836507936508,6.321440592314491,-1.2832249510701388,-4.576662530260201,-0.3643555555555551,Stable,40,DEXMXUS,,18.7629,
2025-07-18,,-0.003155162581477078,18.787047619047616,19.15186349206349,6.377490169837826,-1.5946924258686157,-4.494995915032673,-0.3648158730158748,Stable,40,DEXMXUS,,18.7037,
2025-07-21,,-0.003753268069954019,18.76307619047619,19.136003174603175,5.817803234749427,-2.630520094686173,-5.089468081313308,-0.372926984126984,Stable,40,DEXMXUS,,18.6335,
2025-07-22,,-0.001996404325542822,18.73623333333333,19.120236507936507,5.75194923167372,-2.9420668058455113,-5.07054763752196,-0.38400317460317623,Stable,40,DEXMXUS,,18.5963,
2025-07-23,,-0.0009625570678039042,18.71515714285714,19.104679365079363,5.34564152074527,-2.326901845328855,-5.011120484699749,-0.3895222222222223,Stable,40,DEXMXUS,,18.5784,
2025-07-24,,-0.0010496059940574565,18.69815714285714,19.088936507936506,5.099544877532971,-1.8873011593421363,-5.072964139391423,-0.3907793650793643,Stable,40,DEXMXUS,,18.5589,
2025-07-25,,0.0004687777831657858,18.683561904761905,19.07278571428571,5.097406350948187,-1.6239184914777383,-5.195276000633142,-0.38922380952380564,Stable,40,DEXMXUS,,18.5676,
2025-07-28,,0.00882181865184517,18.67894761904762,19.059134920634918,6.040157982531986,-0.5146508181832599,-4.389681186643113,-0.3801873015872985,Stable,40,DEXMXUS,,18.7314,
2025-07-29,,0.002028679116350185,18.676099999999998,19.045379365079363,6.09076598973063,-0.3175918254625709,-4.4133224689346,-0.36927936507936465,Stable,40,DEXMXUS,,18.7694,
2025-07-30,,0.0015610514987158819,18.678985714285712,19.031573015873015,5.868752355104299,0.323405254534892,-4.422299616137481,-0.35258730158730245,Stable,40,DEXMXUS,,18.7987,
2025-07-31,,-9.043178517664785e-05,18.681209523809525,19.0183253968254,5.8665596823691235,0.24906268166375867,-4.251309113877621,-0.3371158730158754,Stable,40,DEXMXUS,,18.797,
2025-08-01,,0.004255998297600483,18.69230476190476,19.005468253968257,5.634317134006309,1.2497318172066008,-4.114390206735418,-0.31316349206349514,Stable,40,DEXMXUS,,18.877,
2025-08-04,,-0.0013561476929595528,18.702180952380953,18.99385396825397,5.671900333634432,1.1124222269899287,-3.736384944161042,-0.2916730158730161,Stable,40,DEXMXUS,,18.8514,
2025-08-05,,-0.0042384120012307624,18.70726666666667,18.980941269841267,5.901304750510815,0.5722031428311292,-4.153689047740627,-0.273674603174598,Stable,40,DEXMXUS,,18.7715,
2025-08-06,,-0.007005300588658336,18.704009523809525,18.967553968253966,6.359986245444611,-0.36561116931431714,-4.328813246148,-0.2635444444444417,Stable,40,DEXMXUS,,18.64,
2025-08-07,,0.0025697424892703324,18.710052380952384,18.95286984126984,5.7657600711160475,0.6836916114433489,-4.7167694896242285,-0.24281746031745755,Stable,40,DEXMXUS,,18.6879,
2025-08-08,,-0.0078018396930632505,18.705804761904762,18.93896507936508,6.26627031656936,-0.4787642300859263,-4.511254963152922,-0.2331603174603174,Stable,40,DEXMXUS,,18.5421,
2025-08-11,,0.0056789684016373965,18.7046,18.92781111111111,6.544347809376349,-0.13549192136111943,-3.6315057803318895,-0.22321111111111236,Stable,40,DEXMXUS,,18.6474,
2025-08-12,,-0.004778146014994156,18.69506666666667,18.913085714285714,6.5103257019948,-1.0672495135538695,-4.760853946423083,-0.21801904761904467,Stable,40,DEXMXUS,,18.5583,
2025-08-13,,0.005145945479920089,18.68844761904762,18.89925714285714,6.756771115389981,-0.7396449704141994,-4.461971830985911,-0.2108095238095231,Stable,40,DEXMXUS,,18.6538,
2025-08-14,,0.008695279246051735,18.69253333333333,18.890452380952382,7.34572834925072,0.4580837364256629,-2.8636032771144015,-0.19791904761905244,Stable,40,DEXMXUS,,18.816,
2025-08-15,,-0.004411139455782198,18.691109523809523,18.88197619047619,7.49356247111045,-0.15935702903068227,-2.771578346395387,-0.1908666666666683,Stable,40,DEXMXUS,,18.733,
2025-08-18,,0.002621043079058305,18.694842857142856,18.873453968253965,7.460540740946926,0.4191683998353124,-2.779129354521448,-0.17861111111110972,Stable,40,DEXMXUS,,18.7821,
2025-08-19,,0.0014322147150744868,18.7032,18.86529206349206,7.328559108595807,0.9418520406794251,-2.6610499296182755,-0.16209206349206084,Stable,40,DEXMXUS,,18.809,
2025-08-20,,-0.0013610505609017443,18.712109523809524,18.857412698412695,7.3050300465179046,1.0061141194753764,-2.574715505347569,-0.14530317460317121,Stable,40,DEXMXUS,,18.7834,
2025-08-21,,7.985774673380241e-05,18.721942857142857,18.849557142857144,7.287873751522833,1.1115058347328288,-2.5669353416529317,-0.12761428571428723,Stable,40,DEXMXUS,,18.7849,
2025-08-22,,-0.010263562755191802,18.72352380952381,18.839417460317463,8.184353310572956,0.1788899126564436,-3.321737412185599,-0.11589365079365166,Stable,40,DEXMXUS,,18.5921,
2025-08-25,,0.002124558280129696,18.72657142857143,18.826950793650795,8.213856230810135,0.3446864430513452,-4.044909100272975,-0.10037936507936607,Stable,40,DEXMXUS,,18.6316,
2025-08-26,,0.0018355911462248908,18.72344761904762,18.81626507936508,7.622611250335207,-0.3502140790330621,-3.4810486581519084,-0.09281746031746252,Stable,40,DEXMXUS,,18.6658,
2025-08-27,,0.002041166197001898,18.720328571428574,18.805373015873016,7.623063411555455,-0.348972263364844,-3.538919345439162,-0.08504444444444204,Stable,40,DEXMXUS,,18.7039,
2025-08-28,,-0.0021439378953054256,18.713904761904764,18.79614761904762,7.62598831982303,-0.7176028129604828,-3.0200051961548624,-0.08224285714285529,Stable,40,DEXMXUS,,18.6638,
2025-08-29,,-0.0013769971817099158,18.706338095238095,18.786320634920635,7.633874835522722,-0.845347661860929,-3.214901439461604,-0.07998253968253977,Stable,40,DEXMXUS,,18.6381,
2025-09-01,,0.0,18.694961904761904,18.77733492063492,7.447375462732662,-1.2655612650315118,-2.9477926703533552,-0.08237301587301715,Stable,40,DEXMXUS,,18.6381,
2025-09-02,,0.004195706643917552,18.68852857142857,18.770015873015875,7.622231860688256,-0.7166576487688037,-2.404392670539268,-0.08148730158730544,Stable,40,DEXMXUS,,18.7163,
2025-09-03,,-0.002302805575888356,18.68384761904762,18.76288253968254,7.526107503069429,-0.5236661960951405,-2.350098835932335,-0.07903492063492124,Stable,40,DEXMXUS,,18.6732,
2025-09-04,,0.003679069468543128,18.6887,18.757968253968254,7.219675561794774,0.5466738197424936,-1.6250688922132106,-0.06926825396825365,Stable,40,DEXMXUS,,18.7419,
2025-09-05,,-0.0034628292755805035,18.688180952380954,18.752017460317457,7.27969164835084,-0.058326510736894654,-1.967782740829005,-0.06383650793650375,Stable,40,DEXMXUS,,18.677,
2025-09-08,,-0.002511109921293664,18.69237142857143,18.748628571428572,6.780464092318985,0.47459564989940084,-1.1330106773652537,-0.05625714285714167,Stable,40,DEXMXUS,,18.6301,
2025-09-09,,0.00015566207374084762,18.69168571428572,18.744582539682543,6.485142294808642,-0.07722256185850318,-1.3495412406884788,-0.052896825396825164,Stable,40,DEXMXUS,,18.633,
2025-09-10,,-0.0018783878065797843,18.69357619047619,18.739653968253972,6.292502955233345,0.21392045607626642,-1.6421186238993135,-0.0460777777777821,Stable,40,DEXMXUS,,18.598,
2025-09-11,,-0.004215507043768052,18.687185714285715,18.733193650793652,6.183042400507743,-0.7194244604316502,-2.150412646751132,-0.04600793650793733,Stable,40,DEXMXUS,,18.5196,
2025-09-12,,-0.002024881746906071,18.671285714285716,18.725638095238097,5.255603871358275,-1.774553571428572,-2.5108001329247287,-0.054352380952380486,Stable,40,DEXMXUS,,18.4821,
2025-09-15,,-0.0079428203505012,18.65234761904762,18.714979365079365,5.682439234516792,-2.122991512304495,-3.53294610349979,-0.06263174603174448,Stable,40,DEXMXUS,,18.3353,
2025-09-16,,-0.00341963316662397,18.628085714285714,18.7033253968254,5.579751648142641,-2.7126892094068267,-3.8628280404907622,-0.07523968253968505,Stable,40,DEXMXUS,,18.2726,
2025-09-17,,0.003414949158849767,18.605514285714285,18.690596825396828,5.742120312913307,-2.5200701791695423,-4.190333857625839,-0.08508253968254209,Stable,40,DEXMXUS,,18.335,
2025-09-18,,0.001963457867466545,18.585876190476192,18.678073015873014,5.845542223832201,-2.195555650201786,-4.117954070981222,-0.09219682539682239,Stable,40,DEXMXUS,,18.371,
2025-09-19,,0.00021229111099030362,18.566352380952384,18.667817460317462,5.848946862435509,-2.182604112877895,-3.39677198885443,-0.10146507936507732,Stable,40,DEXMXUS,,18.3749,
2025-09-22,,0.00311838431773781,18.558738095238095,18.660139682539683,4.960649623722613,-0.8600427063107263,-2.5571080413831715,-0.10140158730158788,Stable,40,DEXMXUS,,18.4322,
2025-09-23,,-0.006808736884365563,18.543266666666668,18.651133333333334,5.337268349433325,-1.7438115889134576,-3.0062360589379056,-0.10786666666666633,Stable,40,DEXMXUS,,18.3067,
2025-09-24,,0.00757099859614252,18.532766666666667,18.64505396825397,6.024060740696773,-1.1813048462964382,-2.0341719645427303,-0.11228730158730116,Stable,40,DEXMXUS,,18.4453,
2025-09-25,,-0.00023312171664324755,18.52024761904762,18.63889206349206,5.951459342446495,-1.4055892086677235,-2.0616914154610977,-0.11864444444444189,Stable,40,DEXMXUS,,18.441,
2025-09-26,,-0.0031180521663682903,18.5069,18.63326349206349,5.991348106949785,-1.5018377822308304,-1.8924010438624905,-0.12636349206348996,Stable,40,DEXMXUS,,18.3835,
2025-09-29,,-0.0021432262626812637,18.492900000000002,18.626815873015875,6.007895765510007,-1.5774140067925435,-2.1663653381545855,-0.13391587301587293,Stable,40,DEXMXUS,,18.3441,
2025-09-30,,5.451344028850613e-06,18.47890476190476,18.622057142857145,6.007981810731749,-1.5768774714160827,-1.6080240291782788,-0.14315238095238314,Stable,40,DEXMXUS,,18.3442,
2025-10-01,,0.0007958918895345501,18.46188095238095,18.617530158730162,5.765920735401207,-1.910099752622052,-1.5297146535078299,-0.1556492063492101,Stable,40,DEXMXUS,,18.3588,
2025-10-02,,0.00675970106978685,18.452819047619048,18.614644444444444,6.318568235161427,-1.019107598054969,-0.9740311925720668,-0.16182539682539598,Stable,40,DEXMXUS,,18.4829,
2025-10-03,,-0.005404995969247373,18.435728571428573,18.609479365079366,6.34866833243193,-1.914960596310955,-1.7393256505099375,-0.17375079365079316,Stable,40,DEXMXUS,,18.383,
2025-10-06,,-0.002034488386008726,18.41994761904762,18.606060317460315,6.295435406591891,-1.7743748996091324,-1.1604978180054903,-0.18611269841269618,Stable,40,DEXMXUS,,18.3456,
2025-10-07,,0.001951421594278635,18.408104761904763,18.602093650793652,6.336261262170814,-1.3349364737709424,-1.3412912679201194,-0.19398888888888877,Stable,40,DEXMXUS,,18.3814,
2025-10-08,,-0.001436234454394003,18.394866666666665,18.597050793650794,6.3353181818048085,-1.491976600654743,-1.7014143642858248,-0.2021841269841289,Stable,40,DEXMXUS,,18.355,
2025-10-09,,0.001362026695723051,18.384485714285717,18.591042857142856,6.359288669958557,-1.1721690504355342,-2.0177519524482324,-0.20655714285713955,Stable,40,DEXMXUS,,18.38,
2025-10-10,,0.007589771490750907,18.38448095238095,18.58670476190476,6.802249825412191,-0.000539968465840257,-1.4542803626920842,-0.20222380952380803,Stable,40,DEXMXUS,,18.5195,
2025-10-13,,0.0,18.386261904761902,18.58336031746032,6.762030354369821,0.20235795715854987,-1.1249212501735162,-0.19709841269841633,Stable,40,DEXMXUS,,18.5195,
2025-10-14,,-0.0015713167202138223,18.39364761904762,18.57903492063492,6.1379963454949245,0.8459092570069826,-1.452334127453636,-0.18538730158730132,Stable,40,DEXMXUS,,18.4904,
2025-10-15,,-0.0006003115130014391,18.403490476190477,18.575473015873015,5.992427882086267,1.131201908868995,-1.1997626138143924,-0.17198253968253852,Stable,40,DEXMXUS,,18.4793,
2025-10-16,,-0.0041343557385831176,18.40672380952381,18.5718126984127,6.106041036579503,0.37032997000272516,-1.2375560147047104,-0.16508888888888862,Stable,40,DEXMXUS,,18.4029,
2025-10-17,,0.0014562922148140256,18.409519047619046,18.569168253968254,6.089914605957554,0.31952533884929135,-0.8958771368497986,-0.15964920634920787,Stable,40,DEXMXUS,,18.4297,
2025-10-20,,-0.0022952082779427174,18.410114285714286,18.56613650793651,6.148808319400109,0.06802758110246998,-1.0280756146923253,-0.15602222222222295,Stable,40,DEXMXUS,,18.3874,
2025-10-21,,0.0019361084220714808,18.40967619047619,18.563979365079366,6.08755119838009,-0.04991265285752,-0.732263226807639,-0.1543031746031751,Stable,40,DEXMXUS,,18.423,
2025-10-22,,-0.00027682787819571786,18.414971428571427,18.561603174603174,5.567615308589651,0.6074278815952683,-0.8062431331997688,-0.14663174603174767,Stable,40,DEXMXUS,,18.4179,
2025-10-23,,-0.0010750411284674577,18.412723809523808,18.5563126984127,4.910626696798342,-0.255891744780512,-1.7793651302091762,-0.14358888888889254,Stable,40,DEXMXUS,,18.3981,
2025-10-24,,-0.0002772025372184128,18.410438095238096,18.550338095238097,4.910781263584257,-0.2602895721490084,-2.0053917546645095,-0.1399000000000008,Stable,40,DEXMXUS,,18.393,
2025-10-27,,-5.436850975926166e-05,18.410842857142857,18.54388253968254,4.788227728772637,0.04623711480402637,-2.163447472431612,-0.1330396825396818,Stable,40,DEXMXUS,,18.392,
2025-10-28,,0.0011581122227055651,18.414138095238094,18.537792063492063,4.736036746993814,0.3772330067978169,-2.0412831834867307,-0.12365396825396857,Stable,40,DEXMXUS,,18.4133,
2025-10-29,,0.0003312822796566195,18.417719047619045,18.53052857142857,4.735837927672044,0.40993883625342065,-2.424114001165434,-0.11280952380952414,Stable,40,DEXMXUS,,18.4194,
2025-10-30,,0.006710316296947738,18.426490476190477,18.525633333333335,5.2455076153828655,1.003333551212493,-1.6359527674337349,-0.09914285714285853,Stable,40,DEXMXUS,,18.543,
2025-10-31,,0.00018875047187627558,18.429519047619046,18.522061904761905,4.722220473428206,0.3441018454896305,-1.1986255760061737,-0.0925428571428597,Stable,40,DEXMXUS,,18.5465,
2025-11-03,,-0.0034130428921900213,18.434290476190476,18.519573015873014,4.469689540744323,0.5450688135777648,-0.8412017167382047,-0.08528253968253807,Stable,40,DEXMXUS,,18.4832,
2025-11-04,,0.006936028393351723,18.44694761904762,18.51835873015873,4.943854657731028,1.4488487702773334,-0.40935578636444037,-0.07141111111111087,Stable,40,DEXMXUS,,18.6114,
2025-11-05,,-0.0006501391620189478,18.45732380952381,18.519266666666667,4.942345081466612,1.1854374530775758,0.30848717243461277,-0.06194285714285641,Stable,40,DEXMXUS,,18.5993,
2025-11-06,,0.0011290747501251364,18.469957142857144,18.51883650793651,4.891027889726087,1.4453827295014987,-0.14532857127536047,-0.0488793650793653,Stable,40,DEXMXUS,,18.6203,
2025-11-07,,-0.007867757232697614,18.47442380952381,18.51749523809524,5.707654211885733,0.5103373231773789,-0.4553218775426582,-0.043071428571430204,Stable,40,DEXMXUS,,18.4738,
2025-11-10,,-0.004492849332568438,18.468295238095237,18.513320634920632,5.267207189390005,-0.6949431680121076,-1.4099003956298484,-0.04502539682539464,Stable,40,DEXMXUS,,18.3908,
2025-11-11,,0.0,18.46216666666667,18.50657142857143,5.267207189390005,-0.6949431680121076,-2.259778911564625,-0.044404761904761614,Stable,40,DEXMXUS,,18.3908,
2025-11-12,,-0.004768688692172063,18.45324761904762,18.499747619047618,5.474762220281317,-1.0129580755419032,-2.2948806918272613,-0.04649999999999821,Stable,40,DEXMXUS,,18.3031,
2025-11-13,,-0.0017756554900535404,18.443309523809525,18.49162857142857,5.493151423626532,-1.1293717835632155,-2.723337645950119,-0.04831904761904582,Stable,40,DEXMXUS,,18.2706,
2025-11-14,,0.0032456514838044015,18.439833333333333,18.48402380952381,5.478733812866513,-0.39667661075156735,-2.5471848583125234,-0.04419047619047589,Stable,40,DEXMXUS,,18.3299,
2025-11-17,,0.000801968368621786,18.435780952380952,18.47705873015873,5.458708930503684,-0.4617546677374018,-2.3361052844532937,-0.04127777777777908,Stable,40,DEXMXUS,,18.3446,
2025-11-18,,0.0006759482354479207,18.43433333333333,18.470266666666667,5.412866325761566,-0.16533060682859535,-2.277893414391352,-0.03593333333333604,Stable,40,DEXMXUS,,18.357,
2025-11-19,,-0.0011003976684642591,18.43022857142857,18.466214285714287,5.372895220815594,-0.4678933941268948,-1.3731638706762417,-0.035985714285715176,Stable,40,DEXMXUS,,18.3368,
2025-11-20,,0.003010339863007694,18.42899523809524,18.46241111111111,5.487786795000983,-0.1406240668045733,-1.2859872474720313,-0.033415873015869124,Stable,40,DEXMXUS,,18.392,
2025-11-21,,0.0033710308829926205,18.43165714285714,18.459049206349206,5.599296792988138,0.3038357221669674,-1.1346955394357594,-0.027392063492065688,Stable,40,DEXMXUS,,18.454,
2025-11-24,,0.003202557711065479,18.43737619047619,18.456020634920634,5.694752653411905,0.6529658022073725,-1.0201081057961137,-0.01864444444444402,Stable,40,DEXMXUS,,18.5131,
2025-11-25,,-0.00442929601201314,18.439238095238096,18.452326984126984,5.927515894468675,0.21259243149196472,-1.2467986155016542,-0.013088888888887595,Stable,40,DEXMXUS,,18.4311,
2025-11-26,,-0.004704005729446403,18.43595714285714,18.44766507936508,6.140648050585336,-0.3741860503005956,-1.575804400663161,-0.01170793650793911,Stable,40,DEXMXUS,,18.3444,
2025-11-27,,0.0,18.432385714285715,18.44300317460317,6.138303087666269,-0.40717938695070677,-1.575804400663161,-0.01061746031745514,Stable,40,DEXMXUS,,18.3444,
2025-11-28,,-0.002883713830923895,18.420409523809525,18.436260317460313,5.661116392548044,-1.3563069621959745,-2.269679370388389,-0.01585079365078812,Stable,40,DEXMXUS,,18.2915,
2025-12-01,,-0.0005685701008665278,18.40777142857143,18.43003650793651,5.653152667283031,-1.4309977623810588,-2.0998007840113297,-0.02226507936508071,Stable,40,DEXMXUS,,18.2811,
2025-12-02,,0.00130736115441632,18.399285714285714,18.423101587301584,5.601876282741593,-0.9641187673130158,-2.3311403859800794,-0.02381587301587018,Stable,40,DEXMXUS,,18.305,
2025-12-03,,-0.0013657470636437852,18.383504761904764,18.4168,4.918166752351636,-1.780629076802387,-2.125609037854037,-0.033295238095234936,Stable,40,DEXMXUS,,18.28,
2025-12-04,,-0.00281728665207881,18.365847619047617,18.410425396825396,4.964117665823556,-1.9936234159350086,-2.155651338425446,-0.04457777777777849,Stable,40,DEXMXUS,,18.2285,
2025-12-05,,-0.002183394135556904,18.345295238095236,18.403373015873015,4.921431244347325,-2.3179003560630074,-2.3844791498953355,-0.058077777777779005,Stable,40,DEXMXUS,,18.1887,
2025-12-08,,0.002375101024262305,18.33377619047619,18.397561904761904,4.401283141904024,-1.3094219922268335,-1.9684912356167317,-0.06378571428571433,Stable,40,DEXMXUS,,18.2319,
2025-12-09,,-0.002967326499157985,18.323633333333333,18.39213650793651,4.261827242425055,-1.1581877895469384,-1.8456122162465616,-0.06850317460317612,Stable,40,DEXMXUS,,18.1778,
2025-12-10,,0.0023105106228475947,18.315490476190476,18.387973015873015,4.373178727053244,-0.9298127324531835,-1.4192110203927077,-0.07248253968253948,Stable,40,DEXMXUS,,18.2198,
2025-12-11,,-0.010411749854553731,18.302490476190478,18.38312857142857,5.394442306685757,-1.4915506116450206,-1.6645487120472535,-0.0806380952380934,Stable,40,DEXMXUS,,18.0301,
2025-12-12,,0.0004714338800115847,18.291442857142858,18.379414285714287,5.39466424860859,-1.2697995687060204,-1.2806059345687126,-0.08797142857142859,Stable,40,DEXMXUS,,18.0386,
2025-12-15,,-0.0034980541727184233,18.274566666666665,18.373707936507937,5.293348197899892,-1.9334529921057886,-1.9607308426506709,-0.09914126984127236,Stable,40,DEXMXUS,,17.9755,
2025-12-16,,-0.0018803371255319279,18.255380952380953,18.36689365079365,5.2646250361758,-2.1962866456613828,-2.3368352294376837,-0.11151269841269595,Stable,40,DEXMXUS,,17.9417,
2025-12-17,,0.005027394282593134,18.239900000000002,18.361449206349207,5.6464996940460015,-1.7709865446423612,-1.8666768254521071,-0.1215492063492043,Stable,40,DEXMXUS,,18.0319,
2025-12-18,,-0.003432805195237365,18.22243333333333,18.354112698412703,5.7171838975944915,-2.000349024911663,-2.5075682772539465,-0.13167936507937128,Stable,40,DEXMXUS,,17.97,
2025-12-19,,0.0015414579855315136,18.203657142857143,18.349207936507938,5.610445480382254,-2.143866898651592,-1.6879066134256937,-0.14555079365079493,Stable,40,DEXMXUS,,17.9977,
2025-12-22,,-0.0004278324452569038,18.181561904761907,18.34198095238095,5.385165379237787,-2.5143600303457414,-2.4683794787832225,-0.1604190476190439,Stable,40,DEXMXUS,,17.99,
2025-12-23,,-0.003668704836019998,18.153509523809525,18.333774603174604,5.199168914207718,-3.182071073996262,-2.8035356000216893,-0.1802650793650784,Stable,40,DEXMXUS,,17.924,
2025-12-24,,-0.0001729524659673798,18.129214285714287,18.326431746031748,5.108758306027857,-2.768147316220959,-2.5163869774526115,-0.1972174603174608,Stable,40,DEXMXUS,,17.9209,
2025-12-25,,0.0,18.10904761904762,18.319714285714284,4.975564144873102,-2.308606441202765,-2.3070087930179284,-0.21066666666666478,Stable,40,DEXMXUS,,17.9209,
2025-12-26,,-0.0006751893041085921,18.088304761904762,18.312803174603175,4.962117006013632,-2.374566625237129,-2.373502251392823,-0.22449841269841286,Stable,40,DEXMXUS,,17.9088,
2025-12-29,,0.0029706066291432798,18.072614285714288,18.306504761904762,5.114832874610078,-1.8013831561107585,-2.1613613090180173,-0.23389047619047432,Stable,40,DEXMXUS,,17.962,
2025-12-30,,-0.0008128270793898995,18.05672380952381,18.298004761904764,5.113777328359323,-1.825382498864947,-2.8972726141460625,-0.24128095238095426,Stable,40,DEXMXUS,,17.9474,
2025-12-31,,0.0032483813811472473,18.042471428571428,18.29201587301587,5.260113445468253,-1.6350723845943715,-2.0524397541206496,-0.24954444444444235,Stable,40,DEXMXUS,,18.0057,
2026-01-01,,0.0,18.029409523809523,18.286620634920634,5.262210058438828,-1.500547045951861,-1.8527603349031918,-0.2572111111111113,Stable,40,DEXMXUS,,18.0057,
2026-01-02,,-0.007186613128065011,18.012638095238096,18.278603174603177,5.683057344994004,-1.9321392325205022,-2.7478864504335787,-0.2659650793650812,Stable,40,DEXMXUS,,17.8763,
2026-01-05,,0.0002069779540507799,17.997938095238094,18.271063492063494,5.676556013138698,-1.697207606920792,-2.587850721874152,-0.2731253968253995,Stable,40,DEXMXUS,,17.88,
2026-01-06,,0.004468680089485533,17.984985714285717,18.264395238095236,5.8676203460636716,-1.491890587377065,-2.2856365614798535,-0.27940952380951956,Stable,40,DEXMXUS,,17.9599,
2026-01-07,,-0.00037305330207859644,17.974290476190475,18.25540634920635,5.8103529108446015,-1.2355730616466332,-3.0578579335295286,-0.2811158730158745,Stable,40,DEXMXUS,,17.9532,
2026-01-08,,0.0018436824632934723,17.963171428571428,18.246942857142855,5.783223001221359,-1.2815727944324284,-2.8791274062474725,-0.283771428571427,Stable,40,DEXMXUS,,17.9863,
2026-01-09,,-0.0004225438250223812,17.96072380952381,18.238820634920636,4.554142667992281,-0.2850788403835902,-2.7673819928178967,-0.2780968253968261,Stable,40,DEXMXUS,,17.9787,
2026-01-12,,-0.004065922452680115,17.95439047619048,18.229714285714284,4.745601845780856,-0.73730777333052,-3.104554826210948,-0.27532380952380464,Stable,40,DEXMXUS,,17.9056,
2026-01-13,,-0.002909704226610632,17.948580952380954,18.220993650793652,4.700558160485301,-0.6787015660204121,-2.9853990403686304,-0.27241269841269755,Stable,40,DEXMXUS,,17.8535,
2026-01-14,,-0.002705351891786001,17.94208095238095,18.211080952380954,4.743554777024658,-0.7607974718114918,-3.388552173936643,-0.2690000000000019,Stable,40,DEXMXUS,,17.8052,
2026-01-15,,-0.008115606676701193,17.92440476190476,18.19954603174603,5.038734104011346,-2.0585739716835305,-3.9521628941557863,-0.27514126984127074,Stable,40,DEXMXUS,,17.6607,
2026-01-16,,0.0006398387379888959,17.910214285714286,18.187625396825396,4.986704936435818,-1.6583194212576369,-4.076426206372452,-0.2774111111111104,Stable,40,DEXMXUS,,17.672,
2026-01-19,,0.0,17.894704761904762,18.175785714285713,4.924044575514295,-1.8096756807814196,-4.049864533958802,-0.2810809523809503,Stable,40,DEXMXUS,,17.672,
2026-01-20,,-0.0037007695789950112,17.876447619047617,18.16322222222222,5.017107892366314,-2.131183991106156,-4.302074670754042,-0.286774603174603,Stable,40,DEXMXUS,,17.6066,
2026-01-21,,-0.009888337328047392,17.853042857142857,18.14797619047619,5.82786798764285,-2.7421334523543783,-5.222095362366119,-0.2949333333333328,Stable,40,DEXMXUS,,17.4325,
2026-01-22,,0.0021855729241360144,17.831599999999998,18.133350793650795,5.942335142983331,-2.5127086251248487,-5.009786863853838,-0.3017507936507968,Stable,40,DEXMXUS,,17.4706,
2026-01-23,,-0.0009730633178024473,17.809347619047617,18.11811746031746,5.927026111225356,-2.607569932313658,-5.211993504694967,-0.30876984126984297,Stable,40,DEXMXUS,,17.4536,
2026-01-26,,-0.008450978594673919,17.78064761904762,18.10044603174603,6.42319416415744,-3.3653846153846034,-6.044170819896411,-0.319798412698411,Stable,40,DEXMXUS,,17.3061,
2026-01-27,,-0.004275948942858432,17.745890476190475,18.079638095238096,6.258917546864049,-4.06357866607282,-7.069514102356688,-0.33374761904762096,Stable,40,DEXMXUS,,17.2321,
2026-01-28,,0.0009981371974399078,17.71264761904762,18.059047619047618,6.331974398748303,-3.889699900821275,-6.994311595179681,-0.34639999999999915,Stable,40,DEXMXUS,,17.2493,
2026-01-29,,0.0006203150272765523,17.677138095238096,18.03963174603175,6.125881743887689,-4.141466313445186,-6.617901662049852,-0.3624936507936525,Stable,40,DEXMXUS,,17.26,
2026-01-30,,0.005173812282734502,17.645880952380953,18.01959841269841,6.584278870299443,-3.645512254452765,-6.781327573422747,-0.373717460317458,Stable,40,DEXMXUS,,17.3493,
2026-02-02,,0.0014755638556023243,17.622004761904762,18.00016349206349,6.364598556607504,-2.8048309773275215,-6.583043447871695,-0.37815873015872725,Stable,40,DEXMXUS,,17.3749,
2026-02-03,,-0.008690697500417288,17.590761904761905,17.97799841269841,6.820993528803646,-3.6694630872483147,-7.499342115862795,-0.3872365079365032,Stable,40,DEXMXUS,,17.2239,
2026-02-04,,0.004197655583230153,17.559157142857142,17.959306349206347,6.7903378822556055,-3.695454874470361,-6.3744329807619575,-0.40014920634920514,Stable,40,DEXMXUS,,17.2962,
2026-02-05,,0.0067066754547240315,17.53339523809524,17.943773015873017,7.391778811558904,-3.013390370518909,-5.321138830284711,-0.4103777777777786,Stable,40,DEXMXUS,,17.4122,
2026-02-06,,-0.008195403223027364,17.4992619047619,17.925974603174602,7.6427079322648765,-3.985255444421587,-6.0970702742675575,-0.4267126984127003,Trending,80,DEXMXUS,,17.2695,
2026-02-09,,-0.004626653927444435,17.46168571428571,17.9083,7.677343201632046,-4.389082636675634,-6.08366888669134,-0.44661428571428985,Trending,80,DEXMXUS,,17.1896,
2026-02-10,,0.0017743286638431943,17.429042857142854,17.891625396825397,7.757344370801768,-3.828411223304451,-5.749674340196831,-0.46258253968254337,Stable,40,DEXMXUS,,17.2201,
2026-02-11,,-0.0012601552836510876,17.39784761904762,17.87366507936508,7.749879947372753,-3.669308538941951,-6.172974211534155,-0.4758174603174581,Stable,40,DEXMXUS,,17.1984,
2026-02-12,,0.0018897106707600475,17.3705,17.855987301587298,7.842706512531931,-3.2254622245186826,-6.070996369503845,-0.48548730158729825,Stable,40,DEXMXUS,,17.2309,
2026-02-13,,-0.0037606857447956,17.34694761904762,17.837084126984127,7.521751745296705,-2.8005684938875453,-6.487443482050437,-0.49013650793650854,Stable,40,DEXMXUS,,17.1661,
2026-02-16,,0.0,17.322857142857142,17.818501587301586,7.50376483768299,-2.862720688094167,-6.384429126128877,-0.49564444444444433,Stable,40,DEXMXUS,,17.1661,
2026-02-17,,-0.0008796406871682816,17.29804761904762,17.798803174603176,7.489681255990926,-2.948166591217749,-6.747498912570682,-0.500755555555557,Stable,40,DEXMXUS,,17.151,
2026-02-18,,-0.00032651157366925254,17.276085714285713,17.778031746031743,7.45094526390363,-2.6194722433632966,-7.091145551100042,-0.50194603174603,Stable,40,DEXMXUS,,17.1454,
2026-02-19,,0.007477224211741795,17.268519047619048,17.758357142857143,7.342576657105311,-0.9115158468378182,-6.695259032793011,-0.4898380952380954,Stable,40,DEXMXUS,,17.2736,
2026-02-20,,-0.007039644312708204,17.253347619047616,17.73805396825397,7.619403084340368,-1.823635135599233,-6.939900494273266,-0.4847063492063519,Stable,40,DEXMXUS,,17.152,
2026-02-23,,0.005113106343283436,17.243161904761905,17.72051904761905,7.895227071994651,-1.225535133153055,-6.022001264691134,-0.47735714285714437,Stable,40,DEXMXUS,,17.2397,
2026-02-24,,-0.003845774578443817,17.236842857142857,17.701931746031747,7.465899858445714,-0.7667816550233741,-6.383419463160411,-0.46508888888888933,Stable,40,DEXMXUS,,17.1734,
2026-02-25,,-0.0007977453503674736,17.233395238095238,17.683966666666667,7.331813271027371,-0.4201461226431946,-6.18757346308394,-0.45057142857142907,Stable,40,DEXMXUS,,17.1597,
2026-02-26,,0.004370705781569617,17.232699999999998,17.667357142857142,7.492024634197904,-0.08464111587137557,-5.723944401595082,-0.4346571428571444,Stable,40,DEXMXUS,,17.2347,
2026-02-27,,-0.0008123146907111911,17.23082857142857,17.650146031746033,7.492800032723642,-0.22769409038239097,-5.9235181644359365,-0.41931746031746187,Stable,40,DEXMXUS,,17.2207,
2026-03-02,,0.00847816871555751,17.23165714285714,17.635649206349207,7.863972902138918,0.10029223081047256,-4.996170678336975,-0.4039920634920655,Stable,40,DEXMXUS,,17.3667,
2026-03-03,,0.015437590330920514,17.244033333333334,17.626225396825397,9.498275648561577,1.4958359472572402,-3.2569876841210266,-0.382192063492063,Stable,40,DEXMXUS,,17.6348,
2026-03-04,,-0.0050695216276905875,17.259342857142855,17.616014285714286,9.121363855315625,1.8665923513257798,-3.536811316916544,-0.3566714285714312,Stable,40,DEXMXUS,,17.5454,
2026-03-05,,0.008532150877152977,17.278338095238094,17.60749365079365,9.437129277775739,2.3062869300771283,-2.9442899533235645,-0.3291555555555554,Stable,40,DEXMXUS,,17.6951,
2026-03-06,,0.005815169171126344,17.296709523809525,17.601465079365077,9.375280878398542,2.2156878510469546,-2.089361748946539,-0.3047555555555519,Stable,40,DEXMXUS,,17.798,
2026-03-09,,-0.002050792223845188,17.320138095238093,17.594190476190477,8.837089232678187,2.848953357074624,-2.515395339136528,-0.2740523809523836,Stable,40,DEXMXUS,,17.7615,
2026-03-10,,-0.016045942065703866,17.3338,17.585403174603176,10.533297715937724,1.6690324382184762,-3.0704211291118666,-0.2516031746031757,Stable,40,DEXMXUS,,17.4765,
2026-03-11,,0.009607186793694433,17.35400476190476,17.57914603174603,10.96436335999725,2.4639810454062605,-2.1853137161420344,-0.22514126984127003,Stable,40,DEXMXUS,,17.6444,
2026-03-12,,0.010802294212328034,17.384319047619048,17.57691587301587,11.41282556060198,3.7015071169411273,-0.7816194264415377,-0.19259682539682288,Stable,40,DEXMXUS,,17.835,
2026-03-13,,0.006094757499299108,17.418261904761906,17.57694761904762,11.511525599271737,4.136754319275271,0.011147215704188085,-0.15868571428571343,Stable,40,DEXMXUS,,17.9437,
2026-03-16,,-0.00993663514213905,17.4468,17.57271746031746,12.08268052133485,3.4911832041057744,-1.4779363239592058,-0.12591746031745998,Stable,40,DEXMXUS,,17.7654,
2026-03-17,,-0.002870748758823205,17.472909523809523,17.568660317460317,12.173052326780207,3.194086018373432,-1.4223706176961448,-0.09575079365079375,Stable,40,DEXMXUS,,17.7144,
2026-03-18,,-0.0017161179605292842,17.498290476190476,17.563680952380953,12.197308220368216,3.1076905136726785,-1.7430004945076183,-0.06539047619047622,Stable,40,DEXMXUS,,17.684,
2026-03-19,,0.010308753675638771,17.532619047619047,17.56171746031746,12.54943623854503,4.20462631376346,-0.6876042245692049,-0.02909841269841351,Stable,40,DEXMXUS,,17.8663,
2026-03-20,,0.0011809943860787708,17.56184761904762,17.561136507936506,12.391280075657525,3.5533994071878627,-0.2041954920776634,0.000711111111112217,Stable,40,DEXMXUS,,17.8874,
2026-03-23,,-0.004136990283663211,17.593342857142858,17.55943015873016,12.172391752621882,3.856110074626873,-0.5998582660468932,0.03391269841269917,Stable,40,DEXMXUS,,17.8134,
2026-03-24,,0.0004322588613066003,17.62102857142857,17.557846031746035,12.121274060219596,3.3724484764816154,-0.5568916739672525,0.06318253968253629,Trending,80,DEXMXUS,,17.8211,
2026-03-25,,-0.004208494425147924,17.6483,17.55526349206349,12.142471671855777,3.33480848288632,-0.9084919145894821,0.0930365079365103,Trending,80,DEXMXUS,,17.7461,
2026-03-26,,0.0011326432286531407,17.67718095238095,17.552155555555554,12.112996155284879,3.5344440753626305,-1.0900790557844209,0.12502539682539648,Trending,80,DEXMXUS,,17.7662,
2026-03-27,,0.014510700093435913,17.71476666666667,17.553371428571428,12.881404949550843,4.579714181273831,0.4268027680889963,0.16139523809524192,Trending,80,DEXMXUS,,18.024,
2026-03-30,,0.005265201952951548,17.757538095238097,17.555168253968255,12.876397499693345,5.215815849529926,0.6286898037843436,0.20236984126984225,Trending,80,DEXMXUS,,18.1189,
2026-03-31,,-0.004757463201408574,17.789252380952384,17.555596825396826,12.912594873028974,3.8349254607956462,0.14995251503688856,0.23365555555555773,Trending,80,DEXMXUS,,18.0327,
2026-04-01,,-0.0131427905970819,17.796914285714283,17.55431746031746,12.911816730432498,0.9124004808673813,-0.4508762999054672,0.2425968253968236,Trending,80,DEXMXUS,,17.7957,
2026-04-02,,0.002399456048371329,17.81086666666667,17.553657142857144,12.766908606976532,1.6699533780933917,-0.23266219239372887,0.2572095238095251,Trending,80,DEXMXUS,,17.8384,
2026-04-03,,0.0015472239662750464,17.81900476190476,17.552166666666665,12.460872771161004,0.9658040926584066,-0.5228314188831851,0.26683809523809643,Trending,80,DEXMXUS,,17.866,
2026-04-06,,-0.0043042650845179775,17.81858095238095,17.549561904761905,12.408658216564946,-0.05000561860881714,-0.9140431789318781,0.2690190476190466,Trending,80,DEXMXUS,,17.7891,
2026-04-07,,-0.0014390834837063604,17.81867619047619,17.546025396825396,12.397691474504484,0.011260310221539171,-1.2387205817761315,0.2726507936507936,Trending,80,DEXMXUS,,17.7635,
2026-04-08,,-0.019787767050412408,17.815604761904762,17.537030158730158,13.059315629642409,-0.36906703287272746,-3.152063274875272,0.27857460317460436,Trending,80,DEXMXUS,,17.412,
2026-04-09,,-0.0036469101768893397,17.801514285714287,17.5281873015873,12.61181146397156,-1.6770193375801878,-3.111317129836466,0.2733269841269852,Trending,80,DEXMXUS,,17.3485,
2026-04-10,,-0.0026630544427473923,17.77614761904762,17.519438095238094,11.89668558045688,-2.9868236613400767,-3.087349819363161,0.2567095238095263,Trending,80,DEXMXUS,,17.3023,
2026-04-13,,0.0033868329644037853,17.748395238095238,17.512385714285713,11.716897048108857,-3.2479366017042155,-2.4953384404555856,0.23600952380952478,Trending,80,DEXMXUS,,17.3609,
2026-04-14,,-0.005656388781687727,17.724457142857144,17.506068253968255,11.420717972698556,-2.8296576491382175,-2.2535913072528224,0.21838888888888874,Trending,80,DEXMXUS,,17.2627,
2026-04-15,,0.0011296031327661105,17.70387619047619,17.499880952380952,11.437274802034661,-2.4398229688840756,-2.205749207786334,0.20399523809523856,Trending,80,DEXMXUS,,17.2822,
2026-04-16,,-0.0010704655657265416,17.683861904761905,17.4934,11.435440103603648,-2.3767247229133703,-2.310434585785426,0.1904619047619036,Trending,80,DEXMXUS,,17.2637,
2026-04-17,,-0.0014886727642394737,17.65394285714286,17.48754920634921,10.65334089382068,-3.5166766482147893,-2.0935331069031005,0.16639365079364765,Trending,80,DEXMXUS,,17.238,
2026-04-20,,0.004130409560273884,17.626409523809524,17.485592063492064,10.801172370226189,-3.2324429486677686,-0.7072995841101437,0.14081746031746079,Trending,80,DEXMXUS,,17.3092,
2026-04-21,,0.0014327640792179963,17.603580952380952,17.48342380952381,10.804849746034122,-2.691232442992364,-0.7818849953636464,0.12015714285714196,Trending,80,DEXMXUS,,17.334,
2026-04-22,,-0.0005076727818161819,17.579966666666667,17.481385714285718,10.791021553631866,-2.7826565139076886,-0.7356648485126405,0.09858095238094933,Trending,80,DEXMXUS,,17.3252,
2026-04-23,,0.0014487567243091082,17.561119047619048,17.482087301587303,10.778218946159873,-2.2303492034869477,0.25540127469505514,0.07903174603174534,Trending,80,DEXMXUS,,17.3503,
2026-04-24,,0.002017256185772087,17.54298095238095,17.48451904761905,10.805128279332642,-2.1439587531379867,0.8890384805102292,0.05846190476190216,Trending,80,DEXMXUS,,17.3853,
2024-05-27,,0.0,18.420780952380955,18.72603492063492,9.568432152321412,-2.025094369716629,-4.392782285678698,-0.30525396825396456,Trending,80,DEXSFUS,,,18.4281
2024-05-28,,-0.00823199353161752,18.403985714285714,18.711558730158732,9.427476095111013,-1.8932745006468465,-4.752871526547297,-0.3075730158730181,Trending,80,DEXSFUS,,,18.2764
2024-05-29,,0.006948852071523959,18.38469523809524,18.700238095238095,9.090094031384114,-2.1538134354148197,-3.7307889478254364,-0.3155428571428551,Trending,80,DEXSFUS,,,18.4034
2024-05-30,,0.011345729593444709,18.384309523809524,18.693750793650796,9.433473601125376,-0.043500910296823125,-2.148689073597987,-0.3094412698412725,Trending,80,DEXSFUS,,,18.6122
2024-05-31,,0.012250029550509689,18.395666666666664,18.6917,10.33114763110823,1.2821408795970157,-0.6810969245205523,-0.29603333333333737,Trending,80,DEXSFUS,,,18.8402
2024-06-03,,-0.017972208362968534,18.39562380952381,18.68704603174603,12.03684884590858,-0.004864207539534426,-1.5600059590950677,-0.29142222222222003,Trending,80,DEXSFUS,,,18.5016
2024-06-04,,0.010328836424957855,18.40647142857143,18.687112698412697,12.522490621236784,1.2336920319091726,0.02247371378119034,-0.2806412698412686,Trending,80,DEXSFUS,,,18.6927
2024-06-05,,0.013641689001588908,18.4291619047619,18.690515873015872,13.308935424646423,2.5796916280479865,1.1444860222171283,-0.26135396825397095,Trending,80,DEXSFUS,,,18.9477
2024-06-06,,-0.0021321849089863676,18.445109523809524,18.69462380952381,13.265092486774268,1.8032133703775655,1.387779177949966,-0.24951428571428735,Trending,80,DEXSFUS,,,18.9073
2024-06-07,,-0.001597266664198571,18.463738095238096,18.698079365079366,13.145819779427326,2.116207487869115,1.1667041812705614,-0.2343412698412699,Trending,80,DEXSFUS,,,18.8771
2024-06-10,,-0.007315742354492949,18.477938095238095,18.700960317460318,13.413782229602111,1.6170665047069654,0.9780412232251123,-0.22302222222222312,Trending,80,DEXSFUS,,,18.739
2024-06-11,,-0.005064304391909857,18.492857142857144,18.699544444444445,13.360081358423137,1.7091452637091775,-0.47615743088509355,-0.20668730158730142,Stable,40,DEXSFUS,,,18.6441
2024-06-12,,-0.014926974217044586,18.490257142857143,18.69341904761905,14.331780506983282,-0.2964105014006235,-2.0579467461616763,-0.203161904761906,Trending,80,DEXSFUS,,,18.3658
2024-06-13,,0.005493907153513611,18.49762380952381,18.685549206349204,14.29533573144702,0.8448012232415758,-2.6146341463414546,-0.18792539682539555,Stable,40,DEXSFUS,,,18.4667
2024-06-14,,-0.0035685856162713803,18.507066666666667,18.677415873015875,14.18287892679347,1.0894107952204246,-2.709218958187931,-0.1703492063492078,Stable,40,DEXSFUS,,,18.4008
2024-06-17,,-0.007548584844137229,18.51090476190476,18.668741269841274,14.450249764083365,0.44331263441008684,-2.905616639373887,-0.15783650793651205,Stable,40,DEXSFUS,,,18.2619
2024-06-18,,-0.01055749949348106,18.50522857142857,18.656379365079363,14.926703109810624,-0.6553663618919958,-4.1320253184705,-0.15115079365079254,Stable,40,DEXSFUS,,,18.0691
2024-06-19,,0.0,18.505095238095237,18.642012698412696,14.759306982926319,-0.015493666963628527,-4.770161587840338,-0.13691746031745922,Stable,40,DEXSFUS,,,18.0691
2024-06-20,,-0.0004206075565468259,18.49645238095238,18.628398412698413,14.354882724879097,-0.9949021542509429,-4.533489788151723,-0.1319460317460326,Stable,40,DEXSFUS,,,18.0615
2024-06-21,,-0.005907593499986152,18.473695238095235,18.61188888888889,13.90843443794071,-2.592674974366216,-5.475680314189613,-0.13819365079365298,Trending,80,DEXSFUS,,,17.9548
2024-06-24,,0.010331499097734342,18.459990476190477,18.60014761904762,14.472385840322493,-1.5617453779825374,-3.9179025423728753,-0.14015714285714154,Stable,40,DEXSFUS,,,18.1403
2024-06-25,,0.0035501066685776905,18.44935238095238,18.588519047619044,14.54638201680769,-1.2122790738057776,-3.868555707519028,-0.13916666666666444,Stable,40,DEXSFUS,,,18.2047
2024-06-26,,0.0008019906947107636,18.446633333333335,18.577831746031745,14.278685393211346,-0.3124247663653601,-3.56382922414068,-0.13119841269841004,Stable,40,DEXSFUS,,,18.2193
2024-06-27,,0.01377111085497229,18.449814285714286,18.569301587301588,14.88631638237536,0.362976406533555,-2.8272901365769543,-0.11948730158730214,Stable,40,DEXSFUS,,,18.4702
2024-06-28,,-0.013096772097757392,18.431533333333334,18.56052698412698,14.991045968234552,-2.062625589667,-2.9433845727885877,-0.128993650793646,Stable,40,DEXSFUS,,,18.2283
2024-07-01,,0.004778284316145687,18.40654285714286,18.554800000000004,14.372807654317606,-2.7855330622817087,-1.9318705089900523,-0.14825714285714398,Stable,40,DEXSFUS,,,18.3154
2024-07-02,,0.01618310274413881,18.411790476190475,18.55403015873016,14.251781716478689,0.5956241622346203,-0.25991007647251374,-0.14223968253968522,Stable,40,DEXSFUS,,,18.6118
2024-07-03,,-0.013932021620692181,18.395590476190478,18.5493126984127,14.579427666868058,-1.8199618032707976,-1.5935913178228067,-0.1537222222222212,Stable,40,DEXSFUS,,,18.3525
2024-07-04,,0.0,18.367247619047617,18.545066666666663,13.60616163598679,-3.14127836096203,-1.4366272824919535,-0.177819047619046,Stable,40,DEXSFUS,,,18.3525
2024-07-05,,-0.008663669799754747,18.333257142857143,18.54038253968254,13.831637617541467,-3.7752614069697876,-1.596118689354531,-0.207125396825397,Stable,40,DEXSFUS,,,18.1935
2024-07-08,,-0.004072883172561714,18.29717619047619,18.53014285714286,13.853751955349312,-4.013858060825015,-3.437874710224109,-0.23296666666666965,Stable,40,DEXSFUS,,,18.1194
2024-07-09,,0.001153459827588188,18.268666666666668,18.520592063492064,13.747807003301196,-3.1949410320721516,-3.210436452886567,-0.2519253968253956,Stable,40,DEXSFUS,,,18.1403
2024-07-10,,-0.0007883000832400455,18.243995238095238,18.508757142857142,13.688156731320772,-2.7788952000901146,-3.950910362661353,-0.26476190476190453,Stable,40,DEXSFUS,,,18.126
2024-07-11,,-0.0069458236786936745,18.226580952380953,18.49335873015873,12.946572177431568,-1.9912010367095334,-5.113810081074521,-0.2667777777777758,Stable,40,DEXSFUS,,,18.0001
2024-07-12,,0.0002777762345764767,18.2046,18.47726984126984,12.745210716745092,-2.4996344771940904,-5.329491500470596,-0.27266984126984184,Stable,40,DEXSFUS,,,18.0051
2024-07-15,,0.009986059505362466,18.19431904761905,18.463446031746034,13.27812539898041,-1.1733185513673416,-4.570262072439901,-0.2691269841269843,Stable,40,DEXSFUS,,,18.1849
2024-07-16,,-0.004960159253006635,18.186357142857144,18.44681746031746,13.135203917823974,-0.915567383459559,-5.47269659340831,-0.2604603174603177,Stable,40,DEXSFUS,,,18.0947
2024-07-17,,0.00878157692584014,18.19514285714286,18.433225396825396,12.95907045234259,1.0210801866169295,-4.480923500384626,-0.23808253968253723,Stable,40,DEXSFUS,,,18.2536
2024-07-18,,-0.004327913397904948,18.200166666666668,18.417823809523806,13.067039221009205,0.5838697002064519,-5.068190484149815,-0.21765714285713855,Stable,40,DEXSFUS,,,18.1746
2024-07-19,,0.004209171040903126,18.209195238095237,18.40394603174603,13.132703142720556,1.0497466987791748,-4.5714076568333155,-0.19475079365079395,Stable,40,DEXSFUS,,,18.2511
2024-07-22,,0.0010465122650140657,18.224214285714286,18.38856507936508,12.922448053060112,1.7566333236794573,-5.0365919580855785,-0.16435079365079375,Stable,40,DEXSFUS,,,18.2702
2024-07-23,,0.006053573578833404,18.235666666666663,18.37819206349206,12.60858036572579,1.3257774127219513,-3.4332757180458473,-0.14252539682539833,Stable,40,DEXSFUS,,,18.3808
2024-07-24,,-0.0034873346100278146,18.241,18.37037777777778,12.640780123296755,0.6152257384082205,-2.617364027859004,-0.1293777777777798,Stable,40,DEXSFUS,,,18.3167
2024-07-25,,0.00029481293027666666,18.245895238095237,18.36550476190476,12.639575845046751,0.5642368257836372,-1.6479593753858324,-0.1196095238095225,Stable,40,DEXSFUS,,,18.3221
2024-07-26,,-0.0033620600258703615,18.23590952380952,18.35680634920635,11.69674817446145,-1.1353423352210457,-2.913576308583876,-0.12089682539683011,Stable,40,DEXSFUS,,,18.2605
2024-07-29,,0.011018318227868917,18.24702380952381,18.354288888888888,11.408577238616585,1.280426589424133,-0.8517585645773651,-0.10726507936507801,Stable,40,DEXSFUS,,,18.4617
2024-07-30,,-0.005822865716591741,18.24887142857143,18.35036031746032,11.513524614820327,0.21184358517967183,-1.3305235542988125,-0.10148888888889118,Stable,40,DEXSFUS,,,18.3542
2024-07-31,,-0.007960030946595142,18.22964761904762,18.3456873015873,10.237884207436625,-2.1690540409847414,-1.5911363329279782,-0.11603968253968233,Stable,40,DEXSFUS,,,18.2081
2024-08-01,,-0.0019167293676990438,18.221109523809524,18.341057142857142,9.11342007687867,-0.9769786132679315,-1.5797540197888926,-0.1199476190476183,Stable,40,DEXSFUS,,,18.1732
2024-08-02,,0.0041379613937004844,18.216152380952384,18.337520634920637,9.250957256348572,-0.567225173682051,-1.2062020875741708,-0.12136825396825301,Stable,40,DEXSFUS,,,18.2484
2024-08-05,,0.015809605225663548,18.232504761904764,18.33695714285714,10.27583382033261,1.887487289416545,-0.1911438478602645,-0.10445238095237741,Stable,40,DEXSFUS,,,18.5369
2024-08-06,,-0.003134288904833027,18.24961904761905,18.336844444444445,10.223489117183927,1.9835093877280663,-0.0384076512368936,-0.08722539682539576,Stable,40,DEXSFUS,,,18.4788
2024-08-07,,-0.0059040630343960565,18.26054285714286,18.335715873015875,10.49497546271551,1.2645876859809446,-0.38555811027719544,-0.07517301587301617,Stable,40,DEXSFUS,,,18.3697
2024-08-08,,-0.0008927745145539401,18.27136666666667,18.336073015873016,10.496803277547556,1.2539997793225233,0.12274423374867283,-0.06470634920634666,Stable,40,DEXSFUS,,,18.3533
2024-08-09,,-0.0022611737398723353,18.286209523809525,18.334349206349206,10.192711542924194,1.7316570463497438,-0.589563744544086,-0.048139682539680706,Stable,40,DEXSFUS,,,18.3118
2024-08-12,,-0.004783800609443167,18.29664285714286,18.332955555555557,10.376876239914868,1.2168774402808058,-0.47946701616427,-0.03631269841269713,Stable,40,DEXSFUS,,,18.2242
2024-08-13,,-0.0034295058219291352,18.295538095238093,18.332307936507934,9.875880435305739,-0.12757837546535367,-0.22414503502267147,-0.03676984126984095,Stable,40,DEXSFUS,,,18.1617
2024-08-14,,-0.005082123369508307,18.294333333333334,18.330531746031745,9.883620055341067,-0.13981994727736424,-0.61546754082491,-0.036198412698411175,Stable,40,DEXSFUS,,,18.0694
2024-08-15,,-0.004654277397146744,18.281557142857142,18.327309523809525,9.457921891696612,-1.4698470438707978,-1.1161021095979495,-0.045752380952382765,Stable,40,DEXSFUS,,,17.9853
2024-08-16,,-0.0056212573601773785,18.26772857142857,18.32433015873016,9.530966905354337,-1.5978343402330841,-1.0386290318118108,-0.05660158730158926,Stable,40,DEXSFUS,,,17.8842
2024-08-19,,-0.009505597119244813,18.242161904761904,18.31593650793651,9.811853962469016,-2.941740497833001,-2.89864605602147,-0.0737746031746056,Stable,40,DEXSFUS,,,17.7142
2024-08-20,,0.008196813855550822,18.2226,18.306836507936506,10.335420008437405,-2.24847018642379,-3.110233443825372,-0.08423650793650594,Stable,40,DEXSFUS,,,17.8594
2024-08-21,,-1.119858449893929e-05,18.197761904761904,18.29780634920635,10.017955937955456,-2.8377437325905253,-3.0871332367417126,-0.10004444444444616,Stable,40,DEXSFUS,,,17.8592
2024-08-22,,0.009328525353879069,18.183909523809525,18.291420634920634,10.638119266137313,-1.58816817439823,-2.183079102023544,-0.10751111111110845,Stable,40,DEXSFUS,,,18.0258
2024-08-23,,-0.01640981260193719,18.15571428571429,18.282747619047615,11.928774505842334,-3.231616463178344,-2.989647851874544,-0.12703333333332623,Stable,40,DEXSFUS,,,17.73
2024-08-26,,-0.0016525662718556156,18.129057142857143,18.27159365079365,11.910490400445127,-3.0656334711535838,-3.8183161807057386,-0.14253650793650863,Stable,40,DEXSFUS,,,17.7007
2024-08-27,,0.002237199658770672,18.09470476190476,18.25775396825397,11.113581962816676,-3.9075491422783326,-4.684561739074367,-0.16304920634920705,Trending,80,DEXSFUS,,,17.7403
2024-08-28,,0.0032919398206343597,18.06825238095238,18.241222222222223,11.153859550993582,-3.026555229865635,-5.5280729503933035,-0.17296984126984327,Stable,40,DEXSFUS,,,17.7987
2024-08-29,,-0.002528274536904518,18.046614285714288,18.229350793650795,10.909763319633594,-2.49559262086656,-4.042353093786488,-0.1827365079365073,Stable,40,DEXSFUS,,,17.7537
2024-08-30,,0.0021009705019237046,18.028414285714284,18.215038095238093,10.964228934145302,-2.1030968679153994,-4.823808224601034,-0.18662380952380886,Stable,40,DEXSFUS,,,17.791
2024-09-02,,0.0,18.006633333333333,18.19667777777778,10.813088610262996,-2.506521119659799,-6.104698723327906,-0.19004444444444601,Stable,40,DEXSFUS,,,17.791
2024-09-03,,0.009645326288572731,17.979285714285716,18.181682539682537,9.750987977149471,-3.0981447814898977,-4.996482839961292,-0.20239682539682136,Stable,40,DEXSFUS,,,17.9626
2024-09-04,,-0.005583824167993301,17.949928571428572,18.1655746031746,9.839880755195002,-3.3362556010130495,-5.375825735944595,-0.21564603174602937,Stable,40,DEXSFUS,,,17.8623
2024-09-05,,-0.007854531611270699,17.919085714285714,18.149431746031745,9.969813547450858,-3.525914957783749,-5.427183947916103,-0.23034603174603063,Stable,40,DEXSFUS,,,17.722
2024-09-06,,0.008452770567656032,17.89615714285714,18.137173015873017,10.5713370014993,-2.6235063993941155,-4.142329208704099,-0.24101587301587557,Stable,40,DEXSFUS,,,17.8718
2024-09-09,,-0.0001007173312145282,17.875119047619048,18.129303174603173,10.571636577293756,-2.4126519512008726,-2.6995829204281785,-0.25418412698412496,Stable,40,DEXSFUS,,,17.87
2024-09-10,,0.0040346950195857545,17.861685714285713,18.12097619047619,10.62997937817621,-1.547941747785908,-2.840789096048557,-0.2592904761904755,Stable,40,DEXSFUS,,,17.9421
2024-09-11,,-0.0021625116346468687,17.84938095238095,18.113079365079365,10.598319841871469,-1.4227742997626747,-2.7036867962262456,-0.2636984126984139,Stable,40,DEXSFUS,,,17.9033
2024-09-12,,-0.0028374657186106544,17.83905238095238,18.106580952380952,10.508477932088955,-1.2003718994543444,-2.241825877920711,-0.26752857142857067,Stable,40,DEXSFUS,,,17.8525
2024-09-13,,-0.008273351071278578,17.82569523809524,18.100798412698413,10.758221072579229,-1.5596070123934491,-2.016149116447419,-0.27510317460317424,Stable,40,DEXSFUS,,,17.7048
2024-09-16,,-0.0035753016131218063,17.814138095238096,18.09401111111111,10.663859549342106,-1.3570637769651395,-2.3664709365712633,-0.27987301587301516,Stable,40,DEXSFUS,,,17.6415
2024-09-17,,-6.802142674944278e-05,17.81061904761905,18.0873253968254,10.163408272216584,-0.41717943796503176,-2.332032223237268,-0.27670634920634996,Stable,40,DEXSFUS,,,17.6403
2024-09-18,,-0.004529401427413315,17.79638095238095,18.081065079365082,9.791158694583341,-1.6741883825884374,-2.1966270857932013,-0.28468412698413204,Stable,40,DEXSFUS,,,17.5604
2024-09-19,,-0.004743627707797127,17.778185714285716,18.070538095238096,9.88083405648882,-2.139513528041581,-3.655948358075667,-0.29235238095238003,Stable,40,DEXSFUS,,,17.4771
2024-09-20,,0.000738108725131692,17.75267142857143,18.059193650793652,9.170811012452942,-2.972406217754564,-3.925909243217418,-0.3065222222222239,Stable,40,DEXSFUS,,,17.49
2024-09-23,,-0.01007432818753562,17.73285238095238,18.044820634920637,8.06153768065736,-2.347433728144388,-4.970004336061207,-0.31196825396825645,Stable,40,DEXSFUS,,,17.3138
2024-09-24,,0.0010280816458547726,17.715276190476192,18.026747619047622,8.09257317674668,-2.0852282678086143,-6.164524477266065,-0.31147142857142995,Stable,40,DEXSFUS,,,17.3316
2024-09-25,,-0.005758268134505862,17.691061904761906,18.01093015873016,8.164405420897388,-2.8663551349188077,-5.466774191778723,-0.3198682539682558,Stable,40,DEXSFUS,,,17.2318
2024-09-26,,-0.004375631100639432,17.660476190476192,17.99253333333333,8.043757295695277,-3.6086905223415178,-6.32800812431068,-0.3320571428571384,Stable,40,DEXSFUS,,,17.1564
2024-09-27,,-0.0033340327807699355,17.629309523809525,17.96852380952381,8.058580721271753,-3.686555478576292,-8.127102160994637,-0.33921428571428436,Stable,40,DEXSFUS,,,17.0992
2024-09-30,,0.009509216805464682,17.604109523809523,17.951211111111114,8.874806533235247,-2.974537687594847,-5.943059528674555,-0.3471015873015908,Stable,40,DEXSFUS,,,17.2618
2024-10-01,,0.007032870268453895,17.584690476190477,17.935825396825397,9.339046971781775,-2.2921701984149334,-5.281569268492037,-0.35113492063491947,Stable,40,DEXSFUS,,,17.3832
2024-10-02,,-0.004078650651203386,17.55372380952381,17.921838095238098,8.52654024487412,-3.6202999565764338,-4.843488058922141,-0.36811428571428806,Stable,40,DEXSFUS,,,17.3123
2024-10-03,,0.011512046348549854,17.53702380952381,17.912190476190478,9.550769188692117,-1.9633529836583175,-3.3544157091294324,-0.37516666666666865,Stable,40,DEXSFUS,,,17.5116
2024-10-04,,-0.0022670686858996536,17.525114285714285,17.901580952380954,9.230856674258574,-1.4112402663356227,-3.684613815648019,-0.37646666666666917,Stable,40,DEXSFUS,,,17.4719
2024-10-07,,-0.004258266130186206,17.50252857142857,17.89001746031746,8.683645466457461,-2.653901677503101,-4.0190886020081695,-0.387488888888889,Stable,40,DEXSFUS,,,17.3975
2024-10-08,,0.009219715476361579,17.487666666666666,17.882998412698413,9.410984111606634,-1.7465025181869098,-2.4566530185943347,-0.39533174603174714,Stable,40,DEXSFUS,,,17.5579
2024-10-09,,0.004607612527694149,17.47322380952381,17.877184126984126,9.45024819269777,-1.6904375741970012,-2.034423579985667,-0.40396031746031724,Stable,40,DEXSFUS,,,17.6388
2024-10-10,,-0.006304283738122751,17.455333333333336,17.86675079365079,9.632930319358747,-2.0984958080354055,-3.6145373359215527,-0.4114174603174554,Stable,40,DEXSFUS,,,17.5276
2024-10-11,,-0.007405463383463817,17.433680952380953,17.85568888888889,9.870249585286706,-2.5469822153759925,-3.8514040022769036,-0.422007936507935,Stable,40,DEXSFUS,,,17.3978
2024-10-14,,0.0,17.419061904761904,17.84210476190476,9.5345775734957,-1.733993041435078,-4.688390235350825,-0.42304285714285683,Stable,40,DEXSFUS,,,17.3978
2024-10-15,,0.01276023405258142,17.41802857142857,17.833298412698415,10.562627670590432,-0.12300541337187942,-3.05261188691911,-0.41526984126984345,Stable,40,DEXSFUS,,,17.6198
2024-10-16,,0.001532366996219947,17.418338095238095,17.82370634920635,10.576586173481134,0.036847445905108245,-3.311033307581468,-0.4053682539682555,Trending,80,DEXSFUS,,,17.6468
2024-10-17,,0.0022100324138087935,17.424309523809523,17.814430158730158,10.46692471274132,0.7141067401653656,-3.1986513557596408,-0.39012063492063476,Trending,80,DEXSFUS,,,17.6858
2024-10-18,,-0.005309344219656564,17.42977619047619,17.801907936507934,10.503448472702539,0.6568595476366124,-4.291978586350986,-0.37213174603174437,Trending,80,DEXSFUS,,,17.5919
2024-10-21,,0.003376553982230357,17.43745714285714,17.79134603174603,10.55591795941771,0.9222412807318614,-3.6327504408545264,-0.35388888888888914,Trending,80,DEXSFUS,,,17.6513
2024-10-22,,-0.007058970160837896,17.44759523809524,17.778720634920635,10.223262313154292,1.2296549573172832,-4.34120542950861,-0.33112539682539577,Trending,80,DEXSFUS,,,17.5267
2024-10-23,,0.018451847752286588,17.472285714285714,17.772206349206346,11.95061174997811,2.991645318377989,-2.247474056022558,-0.2999206349206318,Trending,80,DEXSFUS,,,17.8501
2024-10-24,,-0.009182021389235961,17.493923809523807,17.75989682539683,12.264870295574255,2.636985108926515,-4.200588244852865,-0.2659730158730227,Trending,80,DEXSFUS,,,17.6862
2024-10-25,,-0.0013400278182988945,17.51802380952381,17.748917460317458,12.133227839345516,2.9499195635448006,-3.7686197164681468,-0.23089365079364654,Trending,80,DEXSFUS,,,17.6625
2024-10-28,,0.0026440198159942696,17.54707142857143,17.740998412698413,12.014670794403617,3.567418358753627,-2.739989345401239,-0.19392698412698195,Trending,80,DEXSFUS,,,17.7092
2024-10-29,,-0.0015133377001783632,17.5671,17.73320793650794,11.714695528590932,2.436594097950384,-2.7006801223780075,-0.16610793650794164,Trending,80,DEXSFUS,,,17.6824
2024-10-30,,-0.0002262136361580458,17.581157142857144,17.724160317460317,11.525525460290122,1.6981913571724405,-3.1235615177221066,-0.14300317460317302,Stable,40,DEXSFUS,,,17.6784
2024-10-31,,-0.00019232509729383285,17.59842857142857,17.71047936507937,11.394982015823588,2.0950422531957003,-4.649644762608629,-0.1120507936507984,Stable,40,DEXSFUS,,,17.675
2024-11-01,,-0.0054992927864215835,17.601580952380953,17.69617777777778,10.934383147020707,0.3780351309988772,-4.875857739680067,-0.09459682539682746,Stable,40,DEXSFUS,,,17.5778
2024-11-04,,-0.0014336265061610787,17.60542380952381,17.683207936507937,10.91446196902991,0.4618845117016379,-4.4480857063534,-0.07778412698412751,Stable,40,DEXSFUS,,,17.5526
2024-11-05,,-0.007081571960849242,17.60689047619048,17.668525396825398,11.103320693308524,0.17703693059347714,-5.039965564775817,-0.061634920634919155,Stable,40,DEXSFUS,,,17.4283
2024-11-06,,0.011246076783163028,17.610052380952382,17.657612698412702,11.332678215081208,0.3781773446710712,-3.7544097248768504,-0.04756031746032008,Stable,40,DEXSFUS,,,17.6243
2024-11-07,,-0.01720352013980697,17.59492380952381,17.643277777777776,12.700872522455006,-1.8011429348935182,-4.955498732454644,-0.04835396825396643,Stable,40,DEXSFUS,,,17.3211
2024-11-08,,0.014652649081178248,17.59717619047619,17.63396349206349,13.606237268690064,0.26986010634655333,-3.2309750739192955,-0.03678730158729948,Stable,40,DEXSFUS,,,17.5749
2024-11-11,,0.0,17.605609523809523,17.626114285714287,13.32614191700086,1.0179447976180755,-2.7366708357776215,-0.020504761904764024,Stable,40,DEXSFUS,,,17.5749
2024-11-12,,0.03388354983527653,17.642400000000002,17.62905238095238,17.633845612899268,4.440791364425389,1.0291738252906635,0.013347619047621606,Stable,40,DEXSFUS,,,18.1704
2024-11-13,,0.004424778761062065,17.67244761904762,17.63487142857143,17.23251637568024,3.5811984244997097,2.049854061126588,0.037576190476190874,Stable,40,DEXSFUS,,,18.2508
2024-11-14,,-0.0019889539088697727,17.699480952380952,17.642812698412698,17.280773719072485,3.2170138495364764,2.824287859457386,0.05666825396825459,Stable,40,DEXSFUS,,,18.2145
2024-11-15,,0.001427434187048826,17.72589523809524,17.648861904761905,17.279218197310172,3.136414524646902,2.1338902762690903,0.07703333333333617,Stable,40,DEXSFUS,,,18.2405
2024-11-18,,-0.01471450892245274,17.744,17.650653968253966,18.038577387875506,2.1612219260000565,0.6321671743415136,0.09334603174603373,Stable,40,DEXSFUS,,,17.9721
2024-11-19,,0.004490293287929603,17.76311904761905,17.651082539682545,18.060558680208143,2.274619999660099,0.14978530772560283,0.1120365079365051,Stable,40,DEXSFUS,,,18.0528
2024-11-20,,0.0023542054418150826,17.79019523809524,17.656880952380956,17.815306498870473,3.2441931453154327,2.0603496897913187,0.1333142857142846,Stable,40,DEXSFUS,,,18.0953
2024-11-21,,0.0008897337982789466,17.8026380952381,17.6634,16.725180072721184,1.463857345336983,2.3202472218612824,0.13923809523809894,Stable,40,DEXSFUS,,,18.1114
2024-11-22,,-0.0002981547533597029,17.822628571428574,17.669204761904762,16.339500332685255,2.3736020173920958,2.061408206174642,0.15342380952381163,Stable,40,DEXSFUS,,,18.106
2024-11-25,,-0.0008836849663096391,17.842985714285714,17.673828571428572,16.331438362548408,2.420382165605095,1.6366363835561115,0.16915714285714145,Stable,40,DEXSFUS,,,18.09
2024-11-26,,0.005290215588723113,17.86567619047619,17.680685714285715,16.38676774335939,2.6906918437874294,2.433295594721119,0.1849904761904746,Stable,40,DEXSFUS,,,18.1857
2024-11-27,,0.0013912029781639745,17.89084761904762,17.687352380952383,16.354449837608843,2.9894132018277952,2.36074419650385,0.20349523809523618,Stable,40,DEXSFUS,,,18.211
2024-11-28,,0.0,17.916209523809524,17.694019047619047,16.351709504775947,3.0127160829034327,2.36074419650385,0.22219047619047672,Stable,40,DEXSFUS,,,18.211
2024-11-29,,-0.009362473230464907,17.933614285714288,17.69525555555556,16.771944352883743,2.067892503536073,0.4336788660884494,0.23835873015872977,Stable,40,DEXSFUS,,,18.0405
2024-12-02,,0.009079570965327965,17.963447619047617,17.700684126984125,16.81735706351035,3.5641547861507084,1.9146470499319834,0.2627634920634918,Stable,40,DEXSFUS,,,18.2043
2024-12-03,,-0.006564383140246988,17.988790476190474,17.706442857142857,17.031224340514385,3.0320294429315275,2.047173005304148,0.2823476190476164,Stable,40,DEXSFUS,,,18.0848
2024-12-04,,-0.0002930637883749032,18.019800000000004,17.709739682539684,16.761569751869875,3.736451633263127,1.162166094069983,0.31006031746031937,Stable,40,DEXSFUS,,,18.0795
2024-12-05,,-0.0020077988882436504,18.03974761904762,17.71248888888889,16.44638883699996,2.376831987653394,0.9692221600447581,0.3272587301587322,Stable,40,DEXSFUS,,,18.0432
2024-12-06,,-0.002039549525583051,18.072380952380954,17.713509523809524,15.09525238515413,3.9564461841337994,0.3583749951231896,0.3588714285714296,Stable,40,DEXSFUS,,,18.0064
2024-12-09,,-0.013656255553580854,18.081219047619047,17.711242857142857,15.264374750310584,1.0560515280314542,-0.7976183161763517,0.3699761904761907,Stable,40,DEXSFUS,,,17.7605
2024-12-10,,0.004571943357450481,18.093923809523808,17.711071428571426,15.325886562404875,1.5180740715452057,-0.06049572888950916,0.3828523809523823,Stable,40,DEXSFUS,,,17.8417
2024-12-11,,-0.007779527735585767,18.071661904761907,17.711041269841267,9.768826824807334,-2.572865759697096,-0.010731553025167262,0.36062063492063956,Stable,40,DEXSFUS,,,17.7029
2024-12-12,,0.0029543182190487904,18.048061904761905,17.712846031746032,9.674547889777699,-2.715497402853595,0.6445030184508038,0.33521587301587275,Stable,40,DEXSFUS,,,17.7552
2024-12-13,,0.006460079300712129,18.03165238095238,17.716490476190476,10.033944710971552,-1.8918993109884985,1.3015651661252958,0.3151619047619043,Stable,40,DEXSFUS,,,17.8699
2024-12-16,,-0.0019250247623099348,18.01236666666667,17.72085714285714,10.003544072226763,-2.2203338724267496,1.5665930161044006,0.2915095238095269,Stable,40,DEXSFUS,,,17.8355
2024-12-17,,0.016085896106080577,18.019523809523808,17.7311,10.384998927644338,0.8362962592017409,3.6922601575776204,0.2884238095238061,Stable,40,DEXSFUS,,,18.1224
2024-12-18,,-0.0016112656160331973,18.02144761904762,17.740674603174604,10.298187140450368,0.22378799964546392,3.4488279016581025,0.2807730158730166,Stable,40,DEXSFUS,,,18.0932
2024-12-19,,0.018227842504366265,18.03705238095238,17.758280952380954,12.049921561206288,1.810967488795412,6.406450345966785,0.278771428571428,Trending,80,DEXSFUS,,,18.423
2024-12-20,,-0.005623405525701397,18.046957142857142,17.773960317460315,12.258834763269403,1.1484479388672364,5.6994160954557005,0.27299682539682735,Stable,40,DEXSFUS,,,18.3194
2024-12-23,,0.012434905073310132,18.067966666666667,17.794839682539685,12.920601762188817,2.4367612945984662,7.633561206606387,0.2731269841269821,Trending,80,DEXSFUS,,,18.5472
2024-12-24,,0.006685645272601626,18.09564285714286,17.81888412698413,13.033942920933136,3.212824765063571,8.829358140402398,0.2767587301587291,Trending,80,DEXSFUS,,,18.6712
2024-12-25,,0.0,18.118761904761907,17.84383650793651,12.970780676488916,2.669680023315002,9.193412557312609,0.27492539682539885,Trending,80,DEXSFUS,,,18.6712
2024-12-26,,0.010990188097176556,18.15044761904762,17.869465079365078,13.39962251848726,3.653835593871846,9.353601594271744,0.2809825396825403,Trending,80,DEXSFUS,,,18.8764
2024-12-27,,-0.01198321713886119,18.171361904761902,17.88957619047619,14.214379568624727,2.4117291746746705,7.288646509273344,0.28178571428571075,Trending,80,DEXSFUS,,,18.6502
2024-12-30,,0.00885781385722395,18.208261904761905,17.91343492063492,13.910779874523357,4.2953354951359435,8.682266365532021,0.2948269841269848,Trending,80,DEXSFUS,,,18.8154
2024-12-31,,0.00339083941877405,18.2404,17.935142857142857,13.685877165596649,3.707365842136201,7.809680440393785,0.305257142857144,Trending,80,DEXSFUS,,,18.8792
2025-01-01,,0.0,18.27822857142857,17.95748095238095,13.367376581777718,4.392639122356901,8.054647748670728,0.3207476190476193,Stable,40,DEXSFUS,,,18.8792
2025-01-02,,-0.00935950675876096,18.307895238095234,17.97819523809524,13.927642044604063,3.4458917558560787,7.501077741054751,0.32969999999999544,Trending,80,DEXSFUS,,,18.7025
2025-01-03,,0.004635743884507493,18.34341904761905,17.997739682539684,13.897838606196375,4.1345215926221535,7.012797658034287,0.34567936507936636,Trending,80,DEXSFUS,,,18.7892
2025-01-06,,-0.011863198007366127,18.37008095238095,18.012461904761903,14.650941643068322,3.109449973342815,5.258294215025949,0.35761904761904617,Trending,80,DEXSFUS,,,18.5663
2025-01-07,,0.006393303997026978,18.41410476190476,18.030833333333334,13.649650008771836,5.2053714703977905,6.603299938382889,0.38327142857142604,Trending,80,DEXSFUS,,,18.685
2025-01-08,,0.00985282312014979,18.46302857142857,18.0541873015873,13.873622257565138,5.758419881513532,8.4568163790824,0.40884126984126823,Trending,80,DEXSFUS,,,18.8691
2025-01-09,,0.00310030685088325,18.52134761904762,18.078469841269843,13.339181205102177,6.9180755695394724,8.793065789927468,0.4428777777777775,Trending,80,DEXSFUS,,,18.9276
2025-01-10,,0.009900885479405597,18.5861,18.102203174603172,13.537068963309634,7.658601423808231,8.485907899068067,0.4838968253968261,Trending,80,DEXSFUS,,,19.115
2025-01-13,,-0.0025320428982472665,18.643085714285718,18.124739682539683,13.651805961412,6.696735851907398,8.045651336219617,0.5183460317460344,Trending,80,DEXSFUS,,,19.0666
2025-01-14,,-0.007174850261714272,18.695195238095238,18.144485714285715,14.012928292717222,6.135516245689776,7.033891596648156,0.5507095238095232,Trending,80,DEXSFUS,,,18.9298
2025-01-15,,-0.007432725121237382,18.72694285714286,18.16348888888889,13.581230363335878,3.6788725555114254,6.805404760145306,0.5634539682539703,Trending,80,DEXSFUS,,,18.7891
2025-01-16,,0.0012241139809783252,18.76117619047619,18.18191428571429,13.528048646817616,3.9733159419008235,6.576286165891476,0.5792619047618999,Trending,80,DEXSFUS,,,18.8121
2025-01-17,,-0.004380159578143861,18.775780952380952,18.201009523809525,12.299272604998972,1.6647668675025873,6.86381349598042,0.5747714285714274,Trending,80,DEXSFUS,,,18.7297
2025-01-20,,0.0,18.79531904761905,18.21497142857143,12.080679214700977,2.2397021736519696,4.927703486254975,0.5803476190476182,Trending,80,DEXSFUS,,,18.7297
2025-01-21,,-0.012087753674645207,18.79322857142857,18.22794126984127,12.163634200788923,-0.23669340924775684,4.619986203933002,0.5652873015873006,Trending,80,DEXSFUS,,,18.5033
2025-01-22,,-0.0008052617641177706,18.78452380952381,18.241050793650796,11.912469224617022,-0.9790479454989565,4.676008492568995,0.5434730158730154,Trending,80,DEXSFUS,,,18.4884
2025-01-23,,-1.0817593734446795e-05,18.77580952380952,18.253415873015875,11.912419291257457,-0.9801191139294785,4.398843538951502,0.5223936507936457,Trending,80,DEXSFUS,,,18.4882
2025-01-24,,-0.005479170497939112,18.7525,18.264598412698412,11.269757934502268,-2.5931851412345552,3.9841876668325504,0.4879015873015895,Stable,40,DEXSFUS,,,18.3869
2025-01-27,,0.01855668981720693,18.756209523809524,18.281260317460315,12.495764129386114,0.41768989072503704,5.937754547922891,0.47494920634920845,Trending,80,DEXSFUS,,,18.7281
2025-01-28,,-0.0014096464670736442,18.75079523809524,18.297557142857144,12.102301879392964,-0.6042922287062824,5.808769448373408,0.45323809523809544,Trending,80,DEXSFUS,,,18.7017
2025-01-29,,-0.006143826497056359,18.736871428571426,18.313573015873015,12.190182672737295,-1.5487944404423915,5.740195018716787,0.4232984126984114,Stable,40,DEXSFUS,,,18.5868
2025-01-30,,-0.006386252609378751,18.71729523809524,18.32810476190476,12.34277028210422,-2.1775287088436013,5.215751512596412,0.3891904761904783,Stable,40,DEXSFUS,,,18.4681
2025-01-31,,0.009437895614600178,18.714433333333332,18.347376190476187,12.459416612145274,-0.3213474134474148,6.966256031856233,0.36705714285714564,Stable,40,DEXSFUS,,,18.6424
2025-02-03,,0.008689868257306,18.71515714285714,18.366107936507934,12.730754574884045,0.0808975368828957,6.695868772093072,0.349049206349207,Stable,40,DEXSFUS,,,18.8044
2025-02-04,,-0.0069930441811492106,18.720233333333333,18.38756507936508,12.258634407194636,0.5741585560935736,7.804354226925536,0.3326682539682544,Stable,40,DEXSFUS,,,18.6729
2025-02-05,,-0.007786685517514602,18.712733333333333,18.402685714285717,12.354459823947053,-0.8429221300508383,5.420229987083847,0.3100476190476158,Stable,40,DEXSFUS,,,18.5275
2025-02-06,,-0.002472001079476427,18.694285714285716,18.417079365079363,11.793937405192235,-2.0530920923626406,5.15963106475712,0.27720634920635234,Stable,40,DEXSFUS,,,18.4817
2025-02-07,,-0.0033438482390689694,18.670109523809522,18.421039682539682,11.725386158971014,-2.682326338257379,1.37311231453352,0.24906984126984,Stable,40,DEXSFUS,,,18.4199
2025-02-10,,0.002155277715948589,18.6389,18.424353968253964,11.085282286903258,-3.428720899816895,1.1440594384903413,0.21454603174603548,Stable,40,DEXSFUS,,,18.4596
2025-02-11,,0.0006446510216906454,18.6105619047619,18.42843333333333,11.107557716001459,-3.121164759317352,1.4109637925828311,0.18212857142857075,Stable,40,DEXSFUS,,,18.4715
2025-02-12,,0.0020897057629323257,18.590576190476188,18.432712698412697,10.972472879135816,-2.2171391139895746,1.4780296592747044,0.15786349206349115,Stable,40,DEXSFUS,,,18.5101
2025-02-13,,0.002052933263461565,18.5791,18.441855555555556,10.76670756255775,-1.2826585626772968,3.204967699934902,0.13724444444444472,Stable,40,DEXSFUS,,,18.5481
2025-02-14,,-0.0105024234288148,18.557252380952384,18.446625396825393,11.271843689839894,-2.4388558427820395,1.6645617300363291,0.11062698412699135,Stable,40,DEXSFUS,,,18.3533
2025-02-17,,0.0,18.53932857142857,18.450720634920632,11.215728229722494,-2.0096424395478873,1.4257845960000681,0.08860793650793752,Stable,40,DEXSFUS,,,18.3533
2025-02-18,,0.0021249584543376887,18.523261904761902,18.455179365079363,11.262288545152305,-1.8014170008062158,1.5509568559028963,0.06808253968253908,Stable,40,DEXSFUS,,,18.3923
2025-02-19,,0.01010749063466787,18.52682857142857,18.4626746031746,11.092849588749537,0.4047926586068451,2.607975256820927,0.06415396825396869,Stable,40,DEXSFUS,,,18.5782
2025-02-20,,-0.012423162631471252,18.52011428571429,18.466760317460317,11.926316293091608,-0.7626403582786989,1.4228855721392986,0.05335396825397254,Stable,40,DEXSFUS,,,18.3474
2025-02-21,,-0.0016678112430098535,18.511952380952383,18.46884126984127,11.934404370452535,-0.9270778117934642,0.7208960886850635,0.043111111111112876,Stable,40,DEXSFUS,,,18.3168
2025-02-24,,0.0016596785464710884,18.510061904761905,18.471003174603172,11.808389267409785,-0.21591459136668378,0.7478996211081279,0.0390587301587324,Stable,40,DEXSFUS,,,18.3472
2025-02-25,,0.004104168483474169,18.495509523809524,18.47436031746032,9.830556235851153,-1.6317725770366498,1.1613859755093214,0.02114920634920381,Stable,40,DEXSFUS,,,18.4225
2025-02-26,,-0.0024589496539557665,18.48005714285714,18.47970476190476,9.845936088876295,-1.7351363779763318,1.8663562539840806,0.0003523809523819921,Stable,40,DEXSFUS,,,18.3772
2025-02-27,,0.004429401649870712,18.473952380952383,18.483741269841268,9.806057610771013,-0.6897368024619599,1.3969227050751876,-0.009788888888884628,Stable,40,DEXSFUS,,,18.4586
2025-02-28,,0.007725396292243003,18.480290476190476,18.491938095238094,9.922307748515987,0.7207021837655203,2.8554366097496064,-0.011647619047618463,Stable,40,DEXSFUS,,,18.6012
2025-03-03,,-0.0010053114852804912,18.477438095238096,18.49992222222222,9.362209199398345,-0.32131056087199017,2.7821565861887887,-0.02248412698412494,Stable,40,DEXSFUS,,,18.5825
2025-03-04,,-0.0006780573119870015,18.466271428571428,18.50828253968254,8.794600862465796,-1.2470485631022599,2.9191052584907506,-0.04201111111111189,Stable,40,DEXSFUS,,,18.5699
2025-03-05,,-0.011804048487067842,18.45092857142857,18.51374761904762,9.375189102751332,-1.7254952364121223,1.9120979207392974,-0.0628190476190511,Stable,40,DEXSFUS,,,18.3507
2025-03-06,,-0.011579939729819522,18.432390476190477,18.519742857142855,9.812648949129892,-2.1012009175549795,2.1266293178683116,-0.08735238095237818,Stable,40,DEXSFUS,,,18.1382
2025-03-07,,0.00501152264282001,18.420361904761904,18.525892063492066,10.010908345802958,-1.3667573870369099,2.171317755595026,-0.10553015873016136,Stable,40,DEXSFUS,,,18.2291
2025-03-10,,0.003406641030001545,18.414233333333332,18.53523015873016,10.05387421011172,-0.6987008615681911,3.323184337029539,-0.12099682539682988,Stable,40,DEXSFUS,,,18.2912
2025-03-11,,-0.005680327151854403,18.401266666666668,18.542088888888888,10.17697982819628,-1.4751132202214468,2.4336532396143307,-0.1408222222222193,Stable,40,DEXSFUS,,,18.1873
2025-03-12,,0.008286001770466234,18.394909523809524,18.54951904761905,10.636893963620613,-0.7227350242264952,2.619488637317491,-0.1546095238095262,Stable,40,DEXSFUS,,,18.338
2025-03-13,,-0.0015705093248991053,18.385342857142856,18.557038095238095,10.607776214932993,-1.085353401656397,2.6559389980656656,-0.17169523809523923,Stable,40,DEXSFUS,,,18.3092
2025-03-14,,-0.008099753129574117,18.36690476190476,18.557649206349208,10.87966577835357,-2.087545355049847,0.21244426786739545,-0.19074444444444794,Stable,40,DEXSFUS,,,18.1609
2025-03-17,,-0.004564751746884865,18.353795238095238,18.557407936507936,10.409226631543854,-1.5000027243057157,-0.0840094621183618,-0.20361269841269802,Stable,40,DEXSFUS,,,18.078
2025-03-18,,0.0014326806062616715,18.341919047619047,18.552342857142854,10.433151181813695,-1.3588836884919964,-1.732074037887421,-0.21042380952380668,Stable,40,DEXSFUS,,,18.1039
2025-03-19,,0.002789454205999853,18.330590476190476,18.54972380952381,10.457775722899706,-1.2934760742267182,-0.9006845202353952,-0.2191333333333354,Stable,40,DEXSFUS,,,18.1544
2025-03-20,,-0.0011071696117744834,18.30945238095238,18.54316984126984,9.705647477495337,-2.38935957197145,-2.226212042788134,-0.233717460317461,Stable,40,DEXSFUS,,,18.1343
2025-03-21,,0.005128403081453348,18.303733333333334,18.536123809523808,9.012799176672887,-0.6545886610636931,-2.3774583315480435,-0.23239047619047426,Stable,40,DEXSFUS,,,18.2273
2025-03-24,,-0.003297251924311295,18.296609523809522,18.52812380952381,9.061562593615498,-0.8167365478686239,-2.699344444920504,-0.23151428571428667,Trending,80,DEXSFUS,,,18.1672
2025-03-25,,0.0031485314192609692,18.290761904761904,18.5177746031746,9.118183524929494,-0.6693119386064428,-3.454048441440105,-0.22701269841269678,Stable,40,DEXSFUS,,,18.2244
2025-03-26,,0.0020302451658216203,18.283090476190473,18.511603174603174,9.019621819290844,-0.8744741484597696,-2.0846961426687294,-0.2285126984127004,Trending,80,DEXSFUS,,,18.2614
2025-03-27,,-0.0009856856538927872,18.276719047619046,18.50252380952381,8.991698918233501,-0.7280760942907416,-3.0400629271766677,-0.22580476190476517,Trending,80,DEXSFUS,,,18.2434
2025-03-28,,0.008611333413727662,18.27395238095238,18.494925396825398,9.379109361905423,-0.3147584323838215,-2.535594728590196,-0.22097301587301743,Trending,80,DEXSFUS,,,18.4005
2025-03-31,,-0.0008695415885439095,18.26363333333333,18.487073015873015,8.93368712889481,-1.1649786035309528,-2.62034408237638,-0.22343968253968427,Trending,80,DEXSFUS,,,18.3845
2025-04-01,,5.439364682224834e-06,18.25420952380952,18.482026984126986,8.933954247479916,-1.0649804923987705,-1.6997727576527288,-0.22781746031746408,Trending,80,DEXSFUS,,,18.3846
2025-04-02,,0.02026696256649596,18.263128571428574,18.48151904761905,11.466932157766118,1.0086214788447956,-0.17031060396397457,-0.2183904761904749,Trending,80,DEXSFUS,,,18.7572
2025-04-03,,-0.0011835455185209565,18.281428571428574,18.484196825396825,10.587179738039353,2.0941980414916017,0.9086355385833578,-0.2027682539682516,Trending,80,DEXSFUS,,,18.735
2025-04-04,,0.017752868961836032,18.32568571428571,18.49026984126984,11.058293181448398,5.123992457906512,2.0476317902060392,-0.16458412698412772,Trending,80,DEXSFUS,,,19.0676
2025-04-07,,0.026736453460320275,18.389890476190477,18.501512698412697,13.899307149331191,7.396415621177144,3.753756140992426,-0.11162222222221985,Trending,80,DEXSFUS,,,19.5774
2025-04-08,,0.00044949789042481036,18.451557142857144,18.51196666666667,13.937892124452059,7.079907277816666,3.4795748008199734,-0.06040952380952547,Trending,80,DEXSFUS,,,19.5862
2025-04-09,,0.011819546415333004,18.52919523809524,18.523120634920634,13.835305872834775,8.964497204092957,3.676170546691071,0.006074603174607063,Trending,80,DEXSFUS,,,19.8177
2025-04-10,,-0.015158166689373642,18.58535238095238,18.5302746031746,15.25882195815426,6.430908496019172,2.363819453914151,0.05507777777777889,Stable,40,DEXSFUS,,,19.5173
2025-04-11,,-0.017937931988543432,18.626209523809525,18.534042857142857,16.84921467205647,4.686168702073279,1.2541072805840603,0.0921666666666674,Stable,40,DEXSFUS,,,19.1672
2025-04-14,,-0.01433699236195185,18.661042857142856,18.53568253968254,17.45883322092987,4.027884080634747,0.5497868445002441,0.1253603174603164,Stable,40,DEXSFUS,,,18.8924
2025-04-15,,0.005139632868243371,18.70444761904762,18.538498412698413,17.32644178830145,5.042040048677943,0.9430100839353361,0.1659492063492074,Stable,40,DEXSFUS,,,18.9895
2025-04-16,,-0.010100318597119462,18.737485714285715,18.539577777777776,17.86009351501435,3.8323234220250857,0.36305973934445124,0.1979079365079386,Stable,40,DEXSFUS,,,18.7977
2025-04-17,,-2.1279199050927566e-05,18.768099999999997,18.54065079365079,17.86805230193867,3.54129026572072,0.3609240938188929,0.22744920634920618,Stable,40,DEXSFUS,,,18.7973
2025-04-18,,0.0022024439680166097,18.801642857142856,18.5459746031746,17.838860535170678,3.884351753307258,1.8126496354704313,0.2556682539682562,Stable,40,DEXSFUS,,,18.8387
2025-04-21,,-0.005801886542065038,18.82555238095238,18.5498,17.98898484842136,2.754659219961253,1.303520045001183,0.27575238095237964,Stable,40,DEXSFUS,,,18.7294
2025-04-22,,-0.0083398293591892,18.844885714285713,18.551149206349205,18.236435214575305,2.234796776608383,0.4597527071321217,0.29373650793650796,Stable,40,DEXSFUS,,,18.5732
2025-04-23,,0.0032035405853596544,18.86432857142857,18.555050793650793,18.23721781040517,2.2404029762296718,1.336821323877313,0.3092777777777762,Stable,40,DEXSFUS,,,18.6327
2025-04-24,,0.009059341909653407,18.89004761904762,18.556215873015873,18.44290061772743,2.9576045648197935,0.3919244344060546,0.33383174603174837,Stable,40,DEXSFUS,,,18.8015
2025-04-25,,-0.00455282823179004,18.91254761904762,18.55644126984127,18.543453273246598,2.589977745376415,0.07592892624737058,0.35610634920634965,Stable,40,DEXSFUS,,,18.7159
2025-04-28,,-0.008960295791279105,18.91958095238095,18.55582857142857,18.66711691581892,0.802695578924495,-0.20767426345578155,0.3637523809523806,Stable,40,DEXSFUS,,,18.5482
2025-04-29,,0.0008464433206456512,18.928123809523807,18.55734920634921,18.66133925325212,0.9758220239876048,0.5187323005615196,0.3707746031745991,Stable,40,DEXSFUS,,,18.5639
2025-04-30,,0.0009426898442674858,18.937495238095238,18.556380952380955,18.660856382012362,1.0704611468294045,-0.32721108870102933,0.38111428571428263,Stable,40,DEXSFUS,,,18.5814
2025-05-01,,0.0031321644224870937,18.931895238095237,18.553765079365082,17.274849564591484,-0.626959247648895,-0.876390631979751,0.3781301587301549,Stable,40,DEXSFUS,,,18.6396
2025-05-02,,-0.011116118371638839,18.917485714285714,18.549947619047618,17.68085664006136,-1.615158793701621,-1.287962769575146,0.3675380952380962,Stable,40,DEXSFUS,,,18.4324
2025-05-05,,-0.008631540114146907,18.879661904761907,18.545912698412696,16.533312349558337,-4.165705175271139,-1.3720145729321342,0.3337492063492107,Stable,40,DEXSFUS,,,18.2733
2025-05-06,,-0.005992349493523341,18.81234761904762,18.54086666666667,12.849458006750766,-7.220570658003633,-1.720079862783197,0.2714809523809514,Stable,40,DEXSFUS,,,18.1638
2025-05-07,,0.002873847983351663,18.7471,18.537630158730156,12.97095957702352,-6.995741899909125,-1.1069549780400423,0.20946984126984347,Stable,40,DEXSFUS,,,18.216
2025-05-08,,-0.0015316205533598692,18.6695,18.533320634920635,11.763388349457973,-8.222952209388579,-1.470779431840341,0.13617936507936435,Stable,40,DEXSFUS,,,18.1881
2025-05-09,,0.0021827458613048467,18.60809523809524,18.529452380952378,11.221717723617255,-6.606958954363562,-1.3193297783071212,0.07864285714286012,Stable,40,DEXSFUS,,,18.2278
2025-05-12,,0.0040542468098181406,18.566880952380956,18.526144444444444,10.120778575011824,-4.515526524479318,-1.1258718213299823,0.0407365079365114,Stable,40,DEXSFUS,,,18.3017
2025-05-13,,0.0006447488484677688,18.539314285714287,18.522420634920636,9.135710872314288,-3.0641951260824363,-1.2648195772073656,0.01689365079365146,Stable,40,DEXSFUS,,,18.3135
2025-05-14,,-0.003866000491440813,18.50375238095238,18.52066507936508,8.843334770180702,-3.9326996498064704,-0.6026164232045494,-0.01691269841269971,Stable,40,DEXSFUS,,,18.2427
2025-05-15,,-0.011604641856742703,18.46724285714286,18.51554920634921,9.032557562784586,-4.078690478090408,-1.7560874611105448,-0.04830634920634935,Trending,80,DEXSFUS,,,18.031
2025-05-16,,0.0034662525650268616,18.433728571428574,18.51080634920635,9.206267635959719,-3.7441547456283697,-1.6245929002897896,-0.07707777777777736,Trending,80,DEXSFUS,,,18.0935
2025-05-19,,-0.0016248929173459103,18.396842857142857,18.502646031746032,9.091391173404565,-4.111748687542127,-2.7672217975907243,-0.10580317460317445,Trending,80,DEXSFUS,,,18.0641
2025-05-20,,-0.0073294545535067535,18.358857142857143,18.49604761904762,9.187163537748164,-4.259079308466895,-2.2657161232654266,-0.13719047619047586,Trending,80,DEXSFUS,,,17.9317
2025-05-21,,-0.0018291628791469172,18.32674761904762,18.489414285714286,8.898218294515175,-3.6304998600133476,-2.2815120545073397,-0.16266666666666652,Trending,80,DEXSFUS,,,17.8989
2025-05-22,,0.0046539172798327755,18.29577142857143,18.483620634920637,9.013277734254977,-3.4911741186194223,-1.9894043777797243,-0.1878492063492061,Trending,80,DEXSFUS,,,17.9822
2025-05-23,,-0.007329470253917725,18.25048095238095,18.47453968253968,8.31482137008894,-5.058638938382575,-3.1054417152937885,-0.22405873015873112,Trending,80,DEXSFUS,,,17.8504
2025-05-26,,0.0,18.209266666666668,18.46617777777778,8.319715761393837,-4.624410260794298,-2.866595564068508,-0.256911111111112,Trending,80,DEXSFUS,,,17.8504
2025-05-27,,0.0037926320978800554,18.179261904761905,18.457598412698413,8.193507807166016,-3.3970951359161616,-2.9281744010921873,-0.2783365079365083,Trending,80,DEXSFUS,,,17.9181
2025-05-28,,0.002438874657469281,18.150590476190477,18.447449206349205,8.272383506677578,-3.2433917441916815,-3.4374126400447236,-0.29685873015872843,Trending,80,DEXSFUS,,,17.9618
2025-05-29,,-0.008852119498045763,18.113514285714285,18.435073015873016,8.589398398678135,-4.190211717093428,-4.195883223462927,-0.32155873015873127,Stable,40,DEXSFUS,,,17.8028
2025-05-30,,0.012868762217179253,18.08457619047619,18.426533333333335,9.889438500868495,-3.260263095774596,-2.897161535603321,-0.34195714285714374,Trending,80,DEXSFUS,,,18.0319
2025-06-02,,-0.00891752948940494,18.057847619047617,18.41892063492063,9.648097175571394,-3.045181311169476,-2.6135242797277525,-0.3610730158730142,Trending,80,DEXSFUS,,,17.8711
2025-06-03,,0.001057573400630174,18.039595238095234,18.414980952380954,9.318047889113208,-2.097595945997699,-1.368382750217778,-0.37538571428572,Trending,80,DEXSFUS,,,17.89
2025-06-04,,-0.00487982112912233,18.022399999999998,18.408212698412697,9.25055752193089,-1.9880201279467768,-2.3391171259140475,-0.3858126984126997,Trending,80,DEXSFUS,,,17.8027
2025-06-05,,-0.002274935824341351,18.000790476190474,18.39981587301587,9.154568124289062,-2.491216512955652,-2.8921011196641033,-0.3990253968253974,Stable,40,DEXSFUS,,,17.7622
2025-06-06,,0.0005292137235251015,17.980957142857143,18.39321746031746,9.172547374022622,-2.289958819227955,-2.28566087324672,-0.41226031746031566,Trending,80,DEXSFUS,,,17.7716
2025-06-09,,-0.0037137905422133244,17.956090476190475,18.38317936507936,9.135090574808764,-2.864854782255666,-3.4485767259243127,-0.4270888888888855,Stable,40,DEXSFUS,,,17.7056
2025-06-10,,0.0002598048075184156,17.92792380952381,18.373671428571427,8.943904643496753,-3.2319402022762955,-3.271579315316886,-0.44574761904761573,Stable,40,DEXSFUS,,,17.7102
2025-06-11,,-0.0008864947883140406,17.89844761904762,18.36626825396825,8.912274355817443,-3.3800202036748828,-2.56815466193856,-0.4678206349206313,Stable,40,DEXSFUS,,,17.6945
2025-06-12,,0.005137189522167684,17.876671428571427,18.361623809523806,9.168538086124292,-2.5067561271083783,-1.6185418741011204,-0.4849523809523788,Stable,40,DEXSFUS,,,17.7854
2025-06-13,,0.006797710481631247,17.870733333333334,18.358487301587303,8.7414824012547,-0.6915867117741503,-1.0914775269416976,-0.4877539682539691,Stable,40,DEXSFUS,,,17.9063
2025-06-16,,-0.006818829127178905,17.85600476190476,18.352611111111113,8.9053073762793,-1.7094536712078945,-2.039175076014632,-0.4966063492063526,Stable,40,DEXSFUS,,,17.7842
2025-06-17,,0.008192665399624488,17.849614285714285,18.349366666666665,9.425712832155103,-0.7429099706046771,-1.1271457955366326,-0.49975238095237984,Stable,40,DEXSFUS,,,17.9299
2025-06-18,,0.00018405010624711338,17.849685714285712,18.34469841269841,9.076410363164475,0.008365074142435702,-1.613513795241206,-0.49501269841269746,Stable,40,DEXSFUS,,,17.9332
2025-06-19,,0.0,17.851319047619047,18.340984126984125,9.05155068841651,0.1916318879931156,-1.2880355806068167,-0.4896650793650785,Stable,40,DEXSFUS,,,17.9332
2025-06-20,,0.0029331073093481486,17.851490476190477,18.337196825396827,8.96180849581931,0.02001979735517523,-1.309233774500107,-0.4857063492063496,Stable,40,DEXSFUS,,,17.9858
2025-06-23,,0.0007505921337944699,17.858580952380954,18.333036507936505,8.554187742977312,0.8341549769192991,-1.4352678326962742,-0.47445555555555075,Stable,40,DEXSFUS,,,17.9993
2025-06-24,,-0.012428261099042825,17.85501904761905,18.32561111111111,9.64323207422038,-0.41903822883521125,-2.5642150037821887,-0.47059206349206306,Stable,40,DEXSFUS,,,17.7756
2025-06-25,,-0.0004163009968721765,17.84788095238095,18.315574603174603,9.534236034837965,-0.8365842360518072,-3.436319665226495,-0.46769365079365244,Stable,40,DEXSFUS,,,17.7682
2025-06-26,,0.0012663072230163497,17.839733333333335,18.306149206349208,9.499099010416066,-0.9525771359217838,-3.2298947482933937,-0.4664158730158725,Stable,40,DEXSFUS,,,17.7907
2025-06-27,,0.001157908345371439,17.840138095238096,18.297049206349204,9.00187155340943,0.0477452984923632,-3.1183708103521446,-0.4569111111111077,Stable,40,DEXSFUS,,,17.8113
2025-06-30,,-0.005283162935889041,17.82515238095238,18.28054126984127,7.866474032931016,-1.745240379549584,-5.544537564242013,-0.45538888888888707,Stable,40,DEXSFUS,,,17.7172
2025-07-01,,-0.005367665319576331,17.81329523809524,18.26287619047619,7.493696751796322,-1.3933109881316685,-5.9402188417400525,-0.44958095238095197,Stable,40,DEXSFUS,,,17.6221
2025-07-02,,-0.0017307812349266483,17.799085714285713,18.23944761904762,7.4755270599507355,-1.6679709334823989,-7.740879817071889,-0.4403619047619074,Stable,40,DEXSFUS,,,17.5916
2025-07-03,,-0.005712953909820628,17.78424761904762,18.206331746031747,7.5382649765312335,-1.750296303369725,-10.656675554465867,-0.422084126984128,Stable,40,DEXSFUS,,,17.4911
2025-07-04,,0.0,17.771338095238097,18.173076190476188,7.524491596814334,-1.5262748983797092,-10.696817146766612,-0.4017380952380911,Stable,40,DEXSFUS,,,17.4911
2025-07-07,,0.01394423449640092,17.769595238095242,18.140017460317463,9.079722506138927,-0.20594656643183606,-10.509292198388309,-0.37042222222222065,Stable,40,DEXSFUS,,,17.735
2025-07-08,,0.004956301099520832,17.775180952380953,18.113122222222223,9.139374845794778,0.6625022591722374,-8.681528695055151,-0.33794126984127004,Stable,40,DEXSFUS,,,17.8229
2025-07-09,,-0.001700060035123352,17.77910476190476,18.091303174603173,9.16645498106857,0.4652686022744046,-7.171626528653119,-0.312198412698411,Stable,40,DEXSFUS,,,17.7926
2025-07-10,,-0.004102829266099395,17.780299999999997,18.072687301587305,9.283093715772184,0.14185198790583886,-6.207787258368436,-0.29238730158730775,Stable,40,DEXSFUS,,,17.7196
2025-07-11,,0.011354658118693406,17.78674761904762,18.05572380952381,9.936416012929335,0.7612985932281546,-5.6278469680613,-0.26897619047618804,Trending,80,DEXSFUS,,,17.9208
2025-07-14,,-0.0005022097227802558,17.787009523809523,18.041661904761906,9.660271339130924,0.03071544651880309,-4.712810609808649,-0.25465238095238263,Trending,80,DEXSFUS,,,17.9118
2025-07-15,,-0.0010328386873457163,17.792204761904763,18.0273126984127,9.346060546399142,0.6134658854488828,-4.809201321466383,-0.23510793650793715,Stable,40,DEXSFUS,,,17.8933
2025-07-16,,-0.0023696020298100695,17.78844285714286,18.011633333333332,8.930230505247438,-0.44060479980367884,-5.243461597668631,-0.22319047619047083,Stable,40,DEXSFUS,,,17.8509
2025-07-17,,-0.002537687175436565,17.782366666666665,17.99696984126984,8.965368375167245,-0.7115294537505923,-4.9323523444424255,-0.21460317460317668,Trending,80,DEXSFUS,,,17.8056
2025-07-18,,-0.0072898413982117605,17.77010952380952,17.982725396825398,9.282140658297221,-1.4353266567037726,-4.831692976977586,-0.2126158730158778,Trending,80,DEXSFUS,,,17.6758
2025-07-21,,0.0002376130076149341,17.75554761904762,17.967603174603177,9.196805200344857,-1.700230181587703,-5.11305393206567,-0.21205555555555833,Trending,80,DEXSFUS,,,17.68
2025-07-22,,-0.007177601809954748,17.7343,17.9477873015873,9.43532805285558,-2.4789852938725487,-6.639895752998437,-0.21348730158729978,Stable,40,DEXSFUS,,,17.5531
2025-07-23,,-0.0006551549298985382,17.72315714285714,17.92914761904762,8.50177348852507,-1.316411260379402,-6.274344274119881,-0.20599047619047894,Trending,80,DEXSFUS,,,17.5416
2025-07-24,,0.004737310165549458,17.71632380952381,17.91448888888889,8.702198334303326,-0.8076226066793479,-4.978919787364811,-0.19816507936507932,Trending,80,DEXSFUS,,,17.6247
2025-07-25,,0.010462589434146352,17.7172,17.902507936507934,9.46958974573684,0.1034248230817214,-4.065955968304069,-0.18530793650793598,Stable,40,DEXSFUS,,,17.8091
2025-07-28,,0.004284326552155937,17.72072857142857,17.891460317460318,9.576338203363372,0.41602802715130505,-3.7456811650359967,-0.17073174603174834,Stable,40,DEXSFUS,,,17.8854
2025-07-29,,-0.00010623189864356064,17.72864761904762,17.87945873015873,9.367471348361342,0.9386359018355162,-4.056417519689259,-0.15081111111111056,Stable,40,DEXSFUS,,,17.8835
2025-07-30,,0.004210585176279702,17.744680952380953,17.87194126984127,9.202645754480326,1.9106689895074913,-2.5693886851413827,-0.12726031746031552,Stable,40,DEXSFUS,,,17.9588
2025-07-31,,0.011988551573601791,17.772419047619046,17.87036666666667,9.905497911272734,3.3112394551945146,-0.5428685568561797,-0.09794761904762339,Trending,80,DEXSFUS,,,18.1741
2025-08-01,,-0.007615232666266847,17.79835238095238,17.868333333333332,10.101723936718003,3.113583479598181,-0.7052489016615482,-0.06998095238095203,Trending,80,DEXSFUS,,,18.0357
2025-08-04,,-0.005799608554145297,17.81930476190476,17.86381111111111,10.404065668850867,2.51556505880135,-1.5640096618357524,-0.044506349206351103,Trending,80,DEXSFUS,,,17.9311
2025-08-05,,-0.002035569485419164,17.82690476190476,17.85915238095238,9.35862813768426,0.8999154214829552,-1.6136924692518595,-0.03224761904762019,Stable,40,DEXSFUS,,,17.8946
2025-08-06,,-0.007672705732455598,17.823780952380954,17.85168412698413,9.610410535309343,-0.3680658029837969,-2.581222089336055,-0.02790317460317482,Stable,40,DEXSFUS,,,17.7573
2025-08-07,,0.0017851813057165877,17.823609523809523,17.843546031746033,9.615789400730476,-0.020233130627334006,-2.8013791068589144,-0.01993650793651014,Stable,40,DEXSFUS,,,17.789
2025-08-08,,-0.004530889875765998,17.82307619047619,17.83394126984127,9.639959150138031,-0.06320684439828916,-3.3041199115406705,-0.010865079365078856,Stable,40,DEXSFUS,,,17.7084
2025-08-11,,0.0015472882925617881,17.81426666666667,17.825895238095235,8.739410122711456,-1.0323199857149135,-2.7786457048572744,-0.011628571428566659,Stable,40,DEXSFUS,,,17.7358
2025-08-12,,-0.009404706864082901,17.797942857142857,17.818561904761903,9.270303852945208,-1.9138221730926053,-2.5622538960678787,-0.020619047619046427,Stable,40,DEXSFUS,,,17.569
2025-08-13,,-0.0032329671580624275,17.77979523809524,17.80933492063492,9.305433453582458,-2.1298474848127524,-3.2127559620858226,-0.029539682539681422,Stable,40,DEXSFUS,,,17.5122
2025-08-14,,0.006458354746976314,17.76905238095238,17.80236984126984,9.639223106069728,-1.2638018251180605,-2.429127385255847,-0.03331746031745908,Stable,40,DEXSFUS,,,17.6253
2025-08-15,,-0.0019744344777110623,17.758809523809525,17.79695396825397,9.626834563582182,-1.208046906591187,-1.9027755316004646,-0.03814444444444476,Stable,40,DEXSFUS,,,17.5905
2025-08-18,,0.0037633950143545203,17.7579,17.793109523809523,9.412464754545583,-0.10805734393916078,-1.35315578052283,-0.0352095238095238,Stable,40,DEXSFUS,,,17.6567
2025-08-19,,0.00030016934081666946,17.757042857142856,17.788026984126983,9.412717782527656,-0.10180995475113086,-1.7806497536452692,-0.030984126984126448,Stable,40,DEXSFUS,,,17.662
2025-08-20,,0.0016872381383763457,17.763647619047617,17.785509523809523,9.059037738176954,0.7901738154514115,-0.8884954958992552,-0.02186190476190575,Stable,40,DEXSFUS,,,17.6918
2025-08-21,,0.003074870844119948,17.773390476190478,17.783855555555554,9.096867044695408,1.1663702284854471,-0.5837404203827279,-0.010465079365076235,Stable,40,DEXSFUS,,,17.7462
2025-08-22,,-0.016865582490899644,17.76492380952381,17.776376190476192,10.773004791301268,-1.0088114975006723,-2.629743108923377,-0.011452380952380992,Stable,40,DEXSFUS,,,17.4469
2025-08-25,,0.007818007783617853,17.75417142857143,17.770368253968254,10.469823799047873,-1.2678911343077415,-2.1072498301951903,-0.01619682539682543,Stable,40,DEXSFUS,,,17.5833
2025-08-26,,0.0016492922261464038,17.74116666666667,17.767344444444447,10.354513088024882,-1.5269437641875494,-1.0700563956231646,-0.026177777777778743,Stable,40,DEXSFUS,,,17.6123
2025-08-27,,0.005672172288684552,17.73300952380952,17.76226984126984,10.587966637783866,-0.9578661895043084,-1.7729690160216083,-0.029260317460320096,Stable,40,DEXSFUS,,,17.7122
2025-08-28,,-0.0008186447759170878,17.72057619047619,17.75951746031746,10.452274848512117,-1.4538833329621026,-0.9702816278796322,-0.038941269841270554,Stable,40,DEXSFUS,,,17.6977
2025-08-29,,-0.0025879069031569113,17.695709523809526,17.755738095238094,9.39280695952208,-2.8733197242229225,-1.3309111235326965,-0.060028571428567545,Stable,40,DEXSFUS,,,17.6519
2025-09-01,,0.0,17.677433333333333,17.753344444444444,9.121409657721719,-2.128001685545877,-0.8470625242238516,-0.07591111111111104,Stable,40,DEXSFUS,,,17.6519
2025-09-02,,0.002571961092006969,17.6663,17.752314285714284,9.027815460530086,-1.303879851208245,-0.3653826665615867,-0.08601428571428471,Stable,40,DEXSFUS,,,17.6973
2025-09-03,,-0.0024749538065127474,17.65481904761905,17.750439682539685,9.037839429910694,-1.3473338325528328,-0.6645434288415131,-0.09562063492063544,Stable,40,DEXSFUS,,,17.6535
2025-09-04,,0.006117767015039632,17.65501904761905,17.751326984126987,8.945937500873038,0.023652244429062108,0.31571932044098805,-0.09630793650793734,Stable,40,DEXSFUS,,,17.7615
2025-09-05,,-0.01198660023083642,17.643571428571427,17.748761904761906,9.832883755214079,-1.3513969306875095,-0.9124685209653149,-0.10519047619047939,Stable,40,DEXSFUS,,,17.5486
2025-09-08,,-0.003339297721755674,17.63317142857143,17.745515873015872,9.78184176039963,-1.2333130039981155,-1.1557263556472575,-0.11234444444444236,Stable,40,DEXSFUS,,,17.49
2025-09-09,,0.0019839908519154736,17.623119047619046,17.74137777777778,9.79492750792003,-1.190247973026315,-1.4658090343765084,-0.11825873015873611,Stable,40,DEXSFUS,,,17.5247
2025-09-10,,-0.0032297271850587617,17.618314285714284,17.73442222222222,9.31344685372811,-0.5743070180431409,-2.447183393554231,-0.11610793650793738,Stable,40,DEXSFUS,,,17.4681
2025-09-11,,-0.004436658823798845,17.61252380952381,17.728174603174605,9.371052691371748,-0.6943730656342462,-2.2132004813261164,-0.11565079365079356,Stable,40,DEXSFUS,,,17.3906
2025-09-12,,-0.0001610065207641176,17.60121428571429,17.71956984126984,9.043004181704093,-1.3474947944148497,-3.0234412908047514,-0.11835555555555288,Stable,40,DEXSFUS,,,17.3878
2025-09-15,,-0.0006901390630210669,17.590990476190477,17.710722222222227,9.029885381779325,-1.2205451806372558,-3.1082015479668823,-0.11973174603174996,Stable,40,DEXSFUS,,,17.3758
2025-09-16,,-0.0019682546990643646,17.575985714285714,17.701331746031745,8.900744820008144,-1.7845916847429089,-3.2989092855708946,-0.1253460317460302,Stable,40,DEXSFUS,,,17.3416
2025-09-17,,0.0005074502929371949,17.56114761904762,17.691246031746033,8.904385347975099,-1.7642396104631364,-3.532786976392488,-0.1300984126984126,Stable,40,DEXSFUS,,,17.3504
2025-09-18,,-0.0004553209147915016,17.54451428571429,17.680820634920636,8.858817234104517,-1.9743610034027026,-3.64903079564205,-0.13630634920634677,Stable,40,DEXSFUS,,,17.3425
2025-09-19,,0.00042093123828723655,17.525638095238094,17.674061904761903,8.75457597349682,-2.233717640959776,-2.3954184387587563,-0.14842380952380907,Stable,40,DEXSFUS,,,17.3498
2025-09-22,,-1.7291265605345885e-05,17.521,17.667415873015873,6.603185866460135,-0.5582653651938219,-2.356457041230975,-0.14641587301587222,Stable,40,DEXSFUS,,,17.3495
2025-09-23,,-0.006386351191676853,17.504590476190476,17.658653968253965,6.237355372912965,-1.9598141418277537,-3.1027446924516755,-0.15406349206348935,Stable,40,DEXSFUS,,,17.2387
2025-09-24,,0.005893715883448225,17.491638095238095,17.65117777777778,6.62044082818983,-1.5443752377599873,-2.644388674605447,-0.15953968253968398,Stable,40,DEXSFUS,,,17.3403
2025-09-25,,0.005513168745638897,17.478480952380952,17.6467126984127,6.60126043352985,-1.5599417350752542,-1.5877226649809173,-0.16823174603174706,Stable,40,DEXSFUS,,,17.4359
2025-09-26,,-0.004467793460618541,17.46230476190476,17.642520634920633,6.7265723451016095,-1.9194584607039378,-1.4986863086692281,-0.1802158730158716,Stable,40,DEXSFUS,,,17.358
2025-09-29,,-0.0058532088950340455,17.443471428571428,17.637199999999996,6.921249138277032,-2.240552008565666,-1.9054548761909151,-0.19372857142856859,Stable,40,DEXSFUS,,,17.2564
2025-09-30,,0.0006780093182818803,17.425195238095238,17.633660317460315,6.938412709474022,-2.17427019187737,-1.2749341093470368,-0.20846507936507663,Stable,40,DEXSFUS,,,17.2681
2025-10-01,,-0.0033008842895282386,17.402042857142856,17.629215873015877,6.851212828373621,-2.747311736818614,-1.6008141283281319,-0.22717301587302074,Trending,80,DEXSFUS,,,17.2111
2025-10-02,,0.006449326306860126,17.386261904761902,17.6226619047619,7.341091178059239,-1.8772481377630656,-2.3281646461798755,-0.23639999999999972,Trending,80,DEXSFUS,,,17.3221
2025-10-03,,-0.006558096304720484,17.359928571428572,17.612909523809524,7.126154715597615,-3.113475776257635,-3.447250447458039,-0.25298095238095186,Trending,80,DEXSFUS,,,17.2085
2025-10-06,,-0.0005229973559578438,17.34330476190476,17.603495238095242,6.020348785818689,-1.9893324823632597,-3.333408270854177,-0.2601904761904805,Trending,80,DEXSFUS,,,17.1995
2025-10-07,,0.0005639698828454609,17.329933333333333,17.595393650793646,5.9768086812277765,-1.6054888507718634,-2.88042619472223,-0.2654603174603132,Trending,80,DEXSFUS,,,17.2092
2025-10-08,,-0.003376101155196043,17.312142857142856,17.58317619047619,5.954705864298975,-2.1318481914098353,-4.2950091513771715,-0.27103333333333524,Trending,80,DEXSFUS,,,17.1511
2025-10-09,,0.0006296972205863671,17.297561904761906,17.571273015873015,5.9241676417491815,-1.752909589480256,-4.1866255764356435,-0.27371111111110835,Trending,80,DEXSFUS,,,17.1619
2025-10-10,,0.01512653027928157,17.299033333333334,17.563784126984125,7.954038528705812,0.17768219612894764,-2.6367411265669216,-0.2647507936507907,Stable,40,DEXSFUS,,,17.4215
2025-10-13,,0.0,17.300638095238096,17.556968253968257,7.953577429337145,0.19381405353180448,-2.4054809561422585,-0.25633015873016163,Stable,40,DEXSFUS,,,17.4215
2025-10-14,,-0.002399334156071631,17.30082380952381,17.550207936507935,7.9970027766131855,0.022445009726168585,-2.3919441074717995,-0.2493841269841255,Stable,40,DEXSFUS,,,17.3797
2025-10-15,,-0.002830888910625551,17.300295238095238,17.544726984126985,8.029580070098612,-0.06400793467730148,-1.9535183697484637,-0.2444317460317471,Stable,40,DEXSFUS,,,17.3305
2025-10-16,,-0.0012982891434176747,17.29827619047619,17.538822222222223,8.03904057838896,-0.24437476945776693,-2.104072398190049,-0.24054603174603173,Stable,40,DEXSFUS,,,17.308
2025-10-17,,0.0044314767737461125,17.300285714285714,17.536149206349208,8.188995597146222,0.24333285281821215,-0.9593746973469153,-0.2358634920634941,Stable,40,DEXSFUS,,,17.3847
2025-10-20,,-0.00851323290019379,17.294900000000002,17.531309523809526,8.716608806880046,-0.6518807133223392,-1.738153874218995,-0.23640952380952385,Stable,40,DEXSFUS,,,17.2367
2025-10-21,,0.007849530362540547,17.295971428571427,17.527298412698414,9.162988003937452,0.12968673448803258,-1.433783270069855,-0.23132698412698716,Stable,40,DEXSFUS,,,17.372
2025-10-22,,0.0014218282293345652,17.303495238095238,17.52075238095238,8.863279854984153,0.9165424306937231,-2.3156700787799633,-0.21725714285714304,Stable,40,DEXSFUS,,,17.3967
2025-10-23,,-0.004696292975104321,17.302290476190475,17.51169841269841,8.80262753477393,-0.14590289672034018,-3.1891934203316596,-0.20940793650793665,Stable,40,DEXSFUS,,,17.315
2025-10-24,,-0.0033323707767831667,17.293785714285715,17.50175873015873,8.629238623960182,-1.024323378775971,-3.5015517096765203,-0.20797301587301575,Stable,40,DEXSFUS,,,17.2573
2025-10-27,,-0.0008344294878110947,17.288304761904765,17.49039523809524,8.508415744702615,-0.663094826592936,-3.986346526493978,-0.20209047619047382,Stable,40,DEXSFUS,,,17.2429
2025-10-28,,-0.005352927871761559,17.283266666666666,17.474149206349207,8.468970976418488,-0.6131058621728691,-5.631640631448043,-0.19088253968254065,Stable,40,DEXSFUS,,,17.1506
2025-10-29,,-0.0025246930136556545,17.27560952380952,17.4594126984127,8.495982151335687,-0.9311968311510932,-5.147568433717575,-0.1838031746031774,Stable,40,DEXSFUS,,,17.1073
2025-10-30,,0.01068549683468456,17.27937142857143,17.449238095238094,9.248986777351009,0.4590061065242734,-3.574794630558087,-0.16986666666666395,Stable,40,DEXSFUS,,,17.2901
2025-10-31,,0.0023770828393125942,17.279804761904764,17.440295238095235,9.008648102226989,0.05253404610294776,-3.1484358409799684,-0.1604904761904713,Stable,40,DEXSFUS,,,17.3312
2025-11-03,,-0.002031019202363371,17.283971428571427,17.432973015873014,8.722814072082304,0.5084696516256315,-2.5978048464575187,-0.14900158730158708,Stable,40,DEXSFUS,,,17.296
2025-11-04,,0.010291396854764212,17.297042857142856,17.427973015873015,9.380781407490286,1.5959766272275244,-1.7707572095114976,-0.130930158730159,Stable,40,DEXSFUS,,,17.474
2025-11-05,,-0.004005951699668109,17.306319047619045,17.42314126984127,9.525932294938148,1.1319526764753673,-1.7189582345101817,-0.11682222222222549,Stable,40,DEXSFUS,,,17.404
2025-11-06,,-0.0005286141116984666,17.31792380952381,17.417728571428572,9.428511104882583,1.4209001171936464,-1.922664892477366,-0.09980476190476395,Stable,40,DEXSFUS,,,17.3948
2025-11-07,,-0.004840527054062127,17.32500476190476,17.413626984126985,9.621284211274354,0.8664541804811909,-1.4707723831749009,-0.08862222222222371,Stable,40,DEXSFUS,,,17.3106
2025-11-10,,-0.00860744283849213,17.312628571428572,17.408061904761905,8.500345651194225,-1.4918348018253424,-2.002032868514525,-0.09543333333333237,Stable,40,DEXSFUS,,,17.1616
2025-11-11,,0.0,17.30025238095238,17.40070158730159,8.500345651194225,-1.4918348018253424,-2.630877204927007,-0.10044920634921084,Stable,40,DEXSFUS,,,17.1616
2025-11-12,,-0.0038166604512399616,17.28674761904762,17.39285396825397,8.550041629628998,-1.6317888110842005,-2.810607998635617,-0.10610634920634965,Stable,40,DEXSFUS,,,17.0961
2025-11-13,,-0.00505963348366012,17.271466666666665,17.382582539682538,8.652001709431675,-1.851648827212149,-3.6648977441990915,-0.11111587301587278,Stable,40,DEXSFUS,,,17.0096
2025-11-14,,0.006696218605963811,17.262680952380954,17.37403492063492,9.037411828594767,-1.0659810492257948,-3.048918582267013,-0.11135396825396526,Stable,40,DEXSFUS,,,17.1235
2025-11-17,,-0.0014191024031302568,17.249085714285712,17.364628571428568,8.861111215481019,-1.6422486439225281,-3.3495743790908805,-0.11554285714285584,Stable,40,DEXSFUS,,,17.0992
2025-11-18,,0.004362777205951129,17.246090476190474,17.355542857142858,8.561566548289887,-0.3649190390271895,-3.225479257531194,-0.10945238095238352,Stable,40,DEXSFUS,,,17.1738
2025-11-19,,0.0021427989146256543,17.23840476190476,17.351792063492063,8.10491174130267,-0.9290812802210446,-1.3543953367073813,-0.11338730158730215,Stable,40,DEXSFUS,,,17.2106
2025-11-20,,0.0014351620512940144,17.230719047619047,17.34626825396825,8.105297327727358,-0.9277621617893028,-1.9791506713756957,-0.11554920634920407,Stable,40,DEXSFUS,,,17.2353
2025-11-21,,0.007809553648616685,17.23333333333333,17.342420634920636,8.427490252644317,0.31706612763500175,-1.376310873650799,-0.10908730158730506,Stable,40,DEXSFUS,,,17.3699
2025-11-24,,-0.0029764132205711835,17.23623333333333,17.336166666666667,8.409765414676725,0.3528941375533945,-2.224455460078356,-0.0999333333333361,Stable,40,DEXSFUS,,,17.3182
2025-11-25,,-0.0044461895578062904,17.23615238095238,17.328920634920635,8.556507951787612,-0.009859130424694218,-2.579431225526496,-0.09276825396825572,Stable,40,DEXSFUS,,,17.2412
2025-11-26,,-0.008618889636452076,17.233390476190475,17.32004285714286,8.882954815143616,-0.3381805884342226,-3.16849744220169,-0.08665238095238337,Stable,40,DEXSFUS,,,17.0926
2025-11-27,,0.0,17.232690476190477,17.31116507936508,8.840738596547107,-0.0859282294692787,-3.16849744220169,-0.07847460317460175,Stable,40,DEXSFUS,,,17.0926
2025-11-28,,0.0017726969565776685,17.224728571428574,17.30204761904762,7.976998193106288,-0.967027374046403,-3.245692845801318,-0.07731904761904573,Stable,40,DEXSFUS,,,17.1229
2025-12-01,,-0.0027156614825760705,17.212595238095236,17.292887301587303,7.944548332571098,-1.4701809453471215,-3.269040133684542,-0.08029206349206675,Stable,40,DEXSFUS,,,17.0764
2025-12-02,,0.003882551357428987,17.20529523809524,17.283065079365077,8.08198744176747,-0.8863320999074831,-3.4839399825465245,-0.07776984126983777,Stable,40,DEXSFUS,,,17.1427
2025-12-03,,-0.005582551173385797,17.184961904761906,17.275103174603174,7.262382845262992,-2.4436305367975253,-2.8583476744583614,-0.09014126984126847,Stable,40,DEXSFUS,,,17.047
2025-12-04,,-0.003543145421481819,17.165085714285716,17.267112698412703,7.241329830911182,-2.3982992415536697,-2.8782161234991332,-0.10202698412698652,Stable,40,DEXSFUS,,,16.9866
2025-12-05,,-0.0013304604806141374,17.144571428571428,17.2582126984127,7.238051172162582,-2.476602202957212,-3.1994841566474808,-0.11364126984127054,Stable,40,DEXSFUS,,,16.964
2025-12-08,,0.004456496109408237,17.131666666666668,17.251411111111114,7.361646184561793,-1.5655147712962059,-2.4530429754810124,-0.11974444444444643,Stable,40,DEXSFUS,,,17.0396
2025-12-09,,0.0008274842132443005,17.126528571428572,17.24606349206349,6.795024476678749,-0.6287292560134272,-1.9372534587650758,-0.11953492063491922,Stable,40,DEXSFUS,,,17.0537
2025-12-10,,-0.003993268323003063,17.11814761904762,17.239679365079365,6.913211468257178,-1.025545403691952,-2.3131160928926975,-0.12153174603174577,Stable,40,DEXSFUS,,,16.9856
2025-12-11,,-0.00848365674453666,17.10602380952381,17.23119841269841,7.370777150011907,-1.489228537502707,-3.074966332485418,-0.12517460317460305,Stable,40,DEXSFUS,,,16.8415
2025-12-12,,0.001306296945046359,17.09906666666667,17.22360952380952,7.225229087549241,-0.8589267237324894,-2.7569543756054915,-0.12454285714285263,Stable,40,DEXSFUS,,,16.8635
2025-12-15,,-0.004850713078542235,17.08279047619048,17.21458253968254,6.895836909180936,-1.9960872485181191,-3.2777342309111,-0.1317920634920604,Stable,40,DEXSFUS,,,16.7817
2025-12-16,,-0.0029019705989262734,17.06535238095238,17.204907936507933,6.927588083386721,-2.141620660615695,-3.514487530632837,-0.1395555555555532,Stable,40,DEXSFUS,,,16.733
2025-12-17,,0.00026892965995339857,17.044576190476192,17.19518888888889,6.666945019674557,-2.5404977349217983,-3.529147310055436,-0.1506126984126972,Stable,40,DEXSFUS,,,16.7375
2025-12-18,,-0.0003823749066467208,17.021742857142858,17.185373015873015,6.563218369735456,-2.786073698767033,-3.5643678492175424,-0.1636301587301574,Stable,40,DEXSFUS,,,16.7311
2025-12-19,,0.0010818176927993584,16.998595238095238,17.177603174603174,6.5455345651123045,-2.820374464036024,-2.839541264712553,-0.17900793650793645,Stable,40,DEXSFUS,,,16.7492
2025-12-22,,-0.0019165094452272546,16.967509523809525,17.167711111111114,5.633622224218689,-3.75822543595532,-3.5939401279101335,-0.20020158730158855,Stable,40,DEXSFUS,,,16.7171
2025-12-23,,-0.001184415957313223,16.937942857142858,17.155987301587302,5.62131938088429,-3.5852455797946825,-4.236087612340067,-0.2180444444444447,Stable,40,DEXSFUS,,,16.6973
2025-12-24,,-0.00210812526576154,16.91036666666667,17.14494126984127,5.536742681117691,-3.3588149316752913,-4.009102431155675,-0.23457460317460033,Stable,40,DEXSFUS,,,16.6621
2025-12-25,,0.0,16.889866666666666,17.13550793650794,4.936392642931836,-2.518633794741598,-3.44393963978582,-0.245641269841272,Stable,40,DEXSFUS,,,16.6621
2025-12-26,,0.0010682927122032115,16.870214285714287,17.126171428571432,4.983020571770518,-2.4144951616489108,-3.406280945790219,-0.2559571428571452,Stable,40,DEXSFUS,,,16.6799
2025-12-29,,0.0009652336045180565,16.849885714285715,17.11799523809524,4.930749793879896,-2.4931524449713582,-2.9928360186158742,-0.2681095238095246,Stable,40,DEXSFUS,,,16.696
2025-12-30,,-0.006756109247723963,16.8264,17.106266666666667,5.274245967769421,-2.888196575390589,-4.265649084117962,-0.27986666666666693,Stable,40,DEXSFUS,,,16.5832
2025-12-31,,-0.002026146943895024,16.79815714285714,17.09580793650794,4.915016618199132,-3.4597817146657106,-3.8289217537844644,-0.2976507936507993,Stable,40,DEXSFUS,,,16.5496
2026-01-01,,0.0,16.774471428571427,17.08549206349206,4.732228152260482,-2.917815451399064,-3.778598215064388,-0.31102063492063436,Stable,40,DEXSFUS,,,16.5496
2026-01-02,,-0.004006139121187302,16.75050476190476,17.073969841269843,4.761217121053505,-2.962923716341115,-4.218092648118443,-0.3234650793650822,Stable,40,DEXSFUS,,,16.4833
2026-01-05,,-0.007747235080354131,16.721533333333333,17.061342857142858,5.239676410087006,-3.5864182975713255,-4.638186472004713,-0.33980952380952445,Stable,40,DEXSFUS,,,16.3556
2026-01-06,,0.001216708650248144,16.689909523809522,17.048860317460317,4.864248202191089,-3.8973919575576943,-4.5822432248177725,-0.35895079365079496,Stable,40,DEXSFUS,,,16.3755
2026-01-07,,0.004750999969466596,16.66131904761905,17.033492063492066,5.309597786702573,-3.5206436139957886,-5.557500789254677,-0.37217301587301677,Stable,40,DEXSFUS,,,16.4533
2026-01-08,,0.003932341840238829,16.639052380952382,17.019150793650795,5.581153276476557,-2.7529201205727216,-5.186120598111533,-0.3800984126984126,Trending,80,DEXSFUS,,,16.518
2026-01-09,,-0.0022278726238043056,16.621895238095238,17.00488888888889,4.955422564796905,-2.1393581331829004,-5.169824565441283,-0.3829936507936509,Trending,80,DEXSFUS,,,16.4812
2026-01-12,,-0.005915831371502089,16.599047619047617,16.98986031746032,5.154910096399346,-2.845198209149924,-5.4632007155015705,-0.3908126984127023,Stable,40,DEXSFUS,,,16.3837
2026-01-13,,0.0028442903617618143,16.582314285714283,16.97592857142857,5.189048368745107,-2.093947573845334,-5.071065403281727,-0.393614285714289,Trending,80,DEXSFUS,,,16.4303
2026-01-14,,-0.0016311327242958251,16.566623809523808,16.960353968253965,5.148940760308136,-1.9691627323253469,-5.64404332545283,-0.3937301587301576,Trending,80,DEXSFUS,,,16.4035
2026-01-15,,-0.004267381961166827,16.547385714285717,16.94601746031746,5.253300450676167,-2.4137415982076194,-5.23998213115039,-0.398631746031743,Trending,80,DEXSFUS,,,16.3335
2026-01-16,,0.004750971928857872,16.532147619047617,16.930765079365077,5.635791761977323,-1.912605865723116,-5.53131475938291,-0.39861746031746037,Trending,80,DEXSFUS,,,16.4111
2026-01-19,,0.0,16.516047619047622,16.915120634920637,5.599885972088862,-2.0186038736178302,-5.665442296527489,-0.39907301587301447,Trending,80,DEXSFUS,,,16.4111
2026-01-20,,-0.0015721066838908504,16.50024761904762,16.90036349206349,5.593777506096643,-1.9847940133156938,-5.369332948310712,-0.4001158730158707,Trending,80,DEXSFUS,,,16.3853
2026-01-21,,-0.008574759082836447,16.4787,16.884292063492065,6.187422626062293,-2.7100189851053558,-5.86708233617077,-0.40559206349206534,Trending,80,DEXSFUS,,,16.2448
2026-01-22,,-0.005786467054072708,16.454352380952383,16.866957142857146,6.376263114106235,-3.068640807581269,-6.333621374594756,-0.41260476190476325,Stable,40,DEXSFUS,,,16.1508
2026-01-23,,-3.714986254543806e-05,16.42997619047619,16.85107777777778,6.3751929411161905,-3.0722417942516067,-5.833032080510292,-0.42110158730158886,Stable,40,DEXSFUS,,,16.1502
2026-01-26,,-0.011832670802838452,16.395652380952384,16.83285238095238,7.234640746613538,-4.321368833146488,-6.7117546310639264,-0.43719999999999715,Stable,40,DEXSFUS,,,15.9591
2026-01-27,,0.0008459123634791954,16.361204761904762,16.811939682539684,7.228403970161942,-4.3327743172017374,-7.619967495850222,-0.4507349206349218,Stable,40,DEXSFUS,,,15.9726
2026-01-28,,-0.004169640509372297,16.328957142857146,16.789317460317463,7.072193948134616,-4.083650923826532,-8.223319793205308,-0.46036031746031725,Stable,40,DEXSFUS,,,15.906
2026-01-29,,-0.0056142336225323275,16.294057142857145,16.765836507936505,7.183873055729154,-4.428505824914197,-8.552844588344122,-0.47177936507936025,Stable,40,DEXSFUS,,,15.8167
2026-01-30,,0.013827157371638643,16.26957142857143,16.743001587301585,9.056732266407193,-3.107023734712633,-8.23280302163214,-0.47343015873015304,Stable,40,DEXSFUS,,,16.0354
2026-02-02,,0.0020205295783080057,16.249785714285714,16.721792063492064,9.086038543573027,-2.5207331056281257,-7.67754539186395,-0.47200634920634954,Stable,40,DEXSFUS,,,16.0678
2026-02-03,,-0.009235863030408575,16.229014285714285,16.698373015873013,9.234626799737757,-2.6669764484335556,-8.481845149125034,-0.46935873015872787,Stable,40,DEXSFUS,,,15.9194
2026-02-04,,0.00877545636142063,16.21394761904762,16.678507936507938,9.842344635542393,-1.9321547433665986,-7.229674303605882,-0.4645603174603181,Stable,40,DEXSFUS,,,16.0591
2026-02-05,,0.007665435796526676,16.201038095238097,16.662961904761907,10.101927208548886,-1.6476937757167076,-5.706927093044922,-0.4619238095238103,Stable,40,DEXSFUS,,,16.1822
2026-02-06,,-0.010332340472865353,16.177085714285717,16.644761904761904,10.466972513459849,-3.0451628526456,-6.681195226552294,-0.4676761904761868,Stable,40,DEXSFUS,,,16.015
2026-02-09,,-0.006518888541991896,16.14991428571429,16.625944444444446,10.611657843299056,-3.4621265441836746,-6.934330051883175,-0.47603015873015764,Stable,40,DEXSFUS,,,15.9106
2026-02-10,,0.003029426922931844,16.12968095238095,16.60926507936508,10.611550800177447,-2.5934312762074585,-6.1776878938952,-0.479584126984129,Stable,40,DEXSFUS,,,15.9588
2026-02-11,,-0.005564328144973318,16.103,16.589368253968257,10.604619613573774,-3.4101629306829473,-7.320349227669576,-0.486368253968255,Trending,80,DEXSFUS,,,15.87
2026-02-12,,0.004221802142406972,16.080785714285714,16.570920634920636,10.79659905814445,-2.843905264120472,-6.796809207448307,-0.49013492063492237,Trending,80,DEXSFUS,,,15.937
2026-02-13,,0.0027420468093117822,16.063985714285714,16.55198253968254,10.831011877861837,-2.1599779594085766,-6.947210285434791,-0.4879968253968272,Trending,80,DEXSFUS,,,15.9807
2026-02-16,,0.0,16.043490476190478,16.532460317460316,10.63548761773955,-2.622615181188348,-7.146177355815597,-0.48896984126983867,Trending,80,DEXSFUS,,,15.9807
2026-02-17,,0.004323965783726624,16.026285714285713,16.51364285714286,10.803333686684763,-2.2015587011230187,-6.878325297499888,-0.48735714285714593,Trending,80,DEXSFUS,,,16.0498
2026-02-18,,-0.0004672955426235914,16.00995238095238,16.49256984126984,10.80322359850239,-2.093339761859714,-7.643106753637041,-0.48261746031746,Trending,80,DEXSFUS,,,16.0423
2026-02-19,,0.008633425381647353,16.00690476190476,16.474515873015875,10.923867844293161,-0.393972224958139,-6.567657146816641,-0.46761111111111475,Trending,80,DEXSFUS,,,16.1808
2026-02-20,,-0.008615148818352791,16.001695238095238,16.45547142857143,11.148896967835018,-0.6773658270797789,-6.958912372688674,-0.4537761904761908,Trending,80,DEXSFUS,,,16.0414
2026-02-23,,-0.0023688705474584903,15.994704761904762,16.43818253968254,11.171204855470053,-0.9089670716152298,-6.372348267671402,-0.44347777777777786,Trending,80,DEXSFUS,,,16.0034
2026-02-24,,-0.004255345739030414,15.993571428571428,16.4198126984127,10.482198473360341,-0.14913121667261553,-6.770766296525988,-0.4262412698412703,Trending,80,DEXSFUS,,,15.9353
2026-02-25,,-0.0059553318732624705,15.98727619047619,16.399455555555555,10.67198409787544,-0.8276673803889079,-7.4899695729111375,-0.41217936507936415,Volatile Breakout,160,DEXSFUS,,,15.8404
2026-02-26,,0.008131107800308124,15.990285714285713,16.381880952380953,10.967368281562571,0.3973343392430495,-6.483802206554068,-0.3915952380952401,Volatile Breakout,160,DEXSFUS,,,15.9692
2026-02-27,,-0.0032875785887833686,15.99504761904762,16.362420634920635,10.840526052044975,0.632243135420163,-7.15173222421206,-0.3673730158730155,Volatile Breakout,160,DEXSFUS,,,15.9167
2026-03-02,,0.014004159153593543,16.00000952380952,16.348017460317458,10.868446950060155,0.6498122903077164,-5.32293072094796,-0.34800793650793693,Trending,80,DEXSFUS,,,16.1396
2026-03-03,,0.024771369798507914,16.022466666666666,16.34091904761905,13.781252597508123,2.935062671927713,-2.6326633934984023,-0.31845238095238315,Trending,80,DEXSFUS,,,16.5394
2026-03-04,,-0.012962985356179901,16.041780952380954,16.33077619047619,14.198336579926174,2.5478347173888416,-3.766800282952132,-0.28899523809523586,Stable,40,DEXSFUS,,,16.325
2026-03-05,,0.018719754977029268,16.068995238095237,16.32428412698413,15.243076157415135,3.5587299412793927,-2.400291086645223,-0.25528888888889156,Stable,40,DEXSFUS,,,16.6306
2026-03-06,,-0.0031267663223214504,16.08787142857143,16.316742857142856,15.170099605818596,2.449605121676912,-2.785905697883728,-0.22887142857142706,Stable,40,DEXSFUS,,,16.5786
2026-03-09,,-0.0025273545413968534,16.112714285714286,16.309617460317458,14.654927127711598,3.2575710271620206,-2.6428268651092823,-0.19690317460317175,Stable,40,DEXSFUS,,,16.5367
2026-03-10,,-0.0220297882890782,16.12518095238095,16.298996825396827,16.590566420834435,1.6454439178912095,-3.9729240269572252,-0.17381587301587587,Stable,40,DEXSFUS,,,16.1724
2026-03-11,,0.01785758452672459,16.149104761904763,16.29261111111111,17.602637252742966,3.148106373912829,-2.3856257597770103,-0.14350634920634775,Stable,40,DEXSFUS,,,16.4612
2026-03-12,,0.01754428595728119,16.191009523809527,16.29210793650794,18.237027469590558,5.5450535601764495,-0.18889623816419343,-0.10109841269841269,Stable,40,DEXSFUS,,,16.75
2026-03-13,,0.011546268656716485,16.238933333333335,16.295447619047618,18.492003340063665,6.31486478007155,1.2573955656487223,-0.05651428571428241,Stable,40,DEXSFUS,,,16.9434
2026-03-16,,-0.009992091315792595,16.276714285714284,16.296028571428575,19.031333959426956,4.964738716076278,0.21867064973861705,-0.019314285714290946,Stable,40,DEXSFUS,,,16.7741
2026-03-17,,-0.005425030254976537,16.310161904761905,16.295266666666667,19.208714633411645,4.395301832835852,-0.2868908798584813,0.014895238095238739,Stable,40,DEXSFUS,,,16.6831
2026-03-18,,0.008385731668574925,16.346980952380953,16.296438095238095,19.31865560347841,4.817505514087395,0.44061805937001264,0.05054285714285811,Stable,40,DEXSFUS,,,16.823
2026-03-19,,0.0039113118944302805,16.387290476190476,16.299163492063496,19.29878084931952,5.27667479102123,1.0270920195488475,0.08812698412697983,Stable,40,DEXSFUS,,,16.8888
2026-03-20,,0.008958599782104004,16.428209523809524,16.304604761904763,19.312080106794625,5.310615049935707,2.0530265372245893,0.12360476190476177,Stable,40,DEXSFUS,,,17.0401
2026-03-23,,-0.011936549668135621,16.466080952380953,16.30737619047619,19.586086578353186,4.957796701036066,1.0478871210711782,0.15870476190476168,Stable,40,DEXSFUS,,,16.8367
2026-03-24,,0.013797240551889578,16.51682380952381,16.31383492063492,19.89052864805965,6.658585050676735,2.4420691269407824,0.2029888888888891,Stable,40,DEXSFUS,,,17.069
2026-03-25,,-0.007955943523346387,16.564342857142858,16.317855555555553,20.10426248492485,6.262197762200894,1.5185942361764626,0.24648730158730459,Stable,40,DEXSFUS,,,16.9332
2026-03-26,,0.007181158906763185,16.62217142857143,16.323550793650792,19.883006176242475,7.666473068861901,2.149017728797298,0.2986206349206384,Trending,80,DEXSFUS,,,17.0548
2026-03-27,,0.0013134132326384496,16.674933333333335,16.331392063492064,19.827355686908543,6.938356335946705,2.978918423464716,0.3435412698412712,Trending,80,DEXSFUS,,,17.0772
2026-03-30,,0.004058042302016673,16.73349523809524,16.340866666666667,19.68383935094723,7.726475965495361,3.60673369749116,0.392628571428574,Trending,80,DEXSFUS,,,17.1465
2026-03-31,,-0.0037383722625609073,16.778390476190477,16.34932380952381,19.4631919112054,5.841532627822232,3.2194131580219443,0.4290666666666674,Trending,80,DEXSFUS,,,17.0824
2026-04-01,,-0.01766730670163441,16.78987619047619,16.354042857142858,18.966753170970783,1.458335852570225,1.8036436878537732,0.4358333333333313,Trending,80,DEXSFUS,,,16.7806
2026-04-02,,0.007407363264722466,16.81749047619048,16.362761904761907,18.414646428794594,3.552220520673832,3.3584827215143553,0.45472857142857137,Trending,80,DEXSFUS,,,16.9049
2026-04-03,,0.005903613745127156,16.835304761904762,16.372749206349205,17.433614322347026,2.2494678484239916,3.8423254251778616,0.46255555555555716,Trending,80,DEXSFUS,,,17.0047
2026-04-06,,-0.008768164095808828,16.84849523809524,16.379134920634918,17.71393793198103,1.6708286586321952,2.4451021983431964,0.46936031746032114,Trending,80,DEXSFUS,,,16.8556
2026-04-07,,0.0026400721421959705,16.865799999999997,16.3852,17.68025796764906,2.1975363887595467,2.3132340477055147,0.4805999999999955,Trending,80,DEXSFUS,,,16.9001
2026-04-08,,-0.033698025455470515,16.87333333333333,16.382809523809524,19.922971264600818,0.9782097895179476,-0.9137684149212455,0.4905238095238076,Stable,40,DEXSFUS,,,16.3306
2026-04-09,,0.0003184206336570572,16.867361904761903,16.382049206349205,18.902234286204283,-0.7617913639346052,-0.29236375177769114,0.48531269841269875,Stable,40,DEXSFUS,,,16.3358
2026-04-10,,0.005668531691132461,16.852047619047617,16.382019047619046,17.91167341819454,-1.9199999999999995,-0.011564000657315887,0.47002857142857124,Stable,40,DEXSFUS,,,16.4284
2026-04-13,,0.0050644006720070855,16.831485714285712,16.38373492063492,17.481491664021178,-2.548484955793995,0.6590057000030569,0.4477507936507905,Stable,40,DEXSFUS,,,16.5116
2026-04-14,,-0.009284381889096194,16.811685714285716,16.384128571428572,17.4381572217605,-2.4788215165046146,0.15183518535524243,0.4275571428571432,Stable,40,DEXSFUS,,,16.3583
2026-04-15,,0.0016260858402155076,16.797485714285713,16.383712698412698,17.39066570967766,-1.7874375865396752,-0.15964804309279712,0.41377301587301574,Trending,80,DEXSFUS,,,16.3849
2026-04-16,,0.000756794365543989,16.777214285714287,16.383493650793653,17.08093930308859,-2.53046424537835,-0.08408942727787805,0.39372063492063347,Trending,80,DEXSFUS,,,16.3973
2026-04-17,,-0.011166472529013927,16.745090476190477,16.380777777777777,17.31343781975833,-3.9943631282269743,-1.0442286683795765,0.3643126984127001,Trending,80,DEXSFUS,,,16.2142
2026-04-20,,0.009615028801914338,16.713185714285714,16.382766666666665,17.36663715756248,-3.9319018080879675,0.771323746675856,0.33041904761904917,Trending,80,DEXSFUS,,,16.3701
2026-04-21,,0.004184458250102274,16.69422857142857,16.38733492063492,17.082531361206197,-2.364477599529591,1.781955073432906,0.3068936507936506,Trending,80,DEXSFUS,,,16.4386
2026-04-22,,0.0019344713053424112,16.665723809523808,16.392417460317457,16.254738015421395,-3.5069424102173397,1.9826379859072985,0.2733063492063508,Trending,80,DEXSFUS,,,16.4704
2026-04-23,,0.0015846609675538303,16.644928571428572,16.40094761904762,16.12369021595855,-2.5789573146245193,3.3673578083977196,0.24398095238095152,Volatile Breakout,160,DEXSFUS,,,16.4965
2026-04-24,,-0.0002182281089929683,16.618171428571426,16.40920634920635,15.84069086061094,-3.294673640265511,3.257453388928533,0.20896507936507547,Volatile Breakout,160,DEXSFUS,,,16.4929
